ISO-10303-21;
HEADER;
FILE_DESCRIPTION (( 'STEP AP214' ),
    '1' );
FILE_NAME ('SFW4R-1STE1HLF.STEP',
    '2022-07-20T07:52:35',
    ( '' ),
    ( '' ),
    'SwSTEP 2.0',
    'SolidWorks 2017',
    '' );
FILE_SCHEMA (( 'AUTOMOTIVE_DESIGN' ));
ENDSEC;

DATA;
#1 = PLANE ( 'NONE',  #5100 ) ;
#2 = ORIENTED_EDGE ( 'NONE', *, *, #2596, .F. ) ;
#3 = VECTOR ( 'NONE', #996, 1000.000000000000000 ) ;
#4 = CARTESIAN_POINT ( 'NONE',  ( -2.265000000000003200, 0.3499999999999999800, -1.749999999999999800 ) ) ;
#5 = CARTESIAN_POINT ( 'NONE',  ( -3.400000000000000400, 2.549999999999997200, 3.250000000000002700 ) ) ;
#6 = ORIENTED_EDGE ( 'NONE', *, *, #2539, .T. ) ;
#7 = CARTESIAN_POINT ( 'NONE',  ( 1.649999999999997900, 0.0000000000000000000, -1.749999999999999800 ) ) ;
#8 = LINE ( 'NONE', #5721, #139 ) ;
#9 = EDGE_LOOP ( 'NONE', ( #4385, #5123, #4904, #1980 ) ) ;
#10 = FACE_OUTER_BOUND ( 'NONE', #3244, .T. ) ;
#11 = CARTESIAN_POINT ( 'NONE',  ( 1.650000000000002100, 0.5249999999999998000, 2.250000000000002200 ) ) ;
#12 = DIRECTION ( 'NONE',  ( -0.0000000000000000000, -1.000000000000000000, -0.0000000000000000000 ) ) ;
#13 = LINE ( 'NONE', #1069, #2415 ) ;
#14 = DIRECTION ( 'NONE',  ( -1.000000000000000000, 0.0000000000000000000, 0.0000000000000000000 ) ) ;
#15 = ORIENTED_EDGE ( 'NONE', *, *, #5669, .T. ) ;
#16 = CARTESIAN_POINT ( 'NONE',  ( 2.500000000000002200, 0.5249999999999998000, 2.250000000000002200 ) ) ;
#17 = LINE ( 'NONE', #5779, #5114 ) ;
#18 = ORIENTED_EDGE ( 'NONE', *, *, #2070, .F. ) ;
#19 = CARTESIAN_POINT ( 'NONE',  ( 2.000000000000000000, 0.2500000000000000000, -1.549999999999999600 ) ) ;
#20 = LINE ( 'NONE', #4504, #319 ) ;
#21 = ORIENTED_EDGE ( 'NONE', *, *, #2398, .F. ) ;
#22 = VERTEX_POINT ( 'NONE', #4791 ) ;
#23 = FACE_OUTER_BOUND ( 'NONE', #187, .T. ) ;
#24 = EDGE_LOOP ( 'NONE', ( #3947, #170, #521, #823 ) ) ;
#25 = EDGE_CURVE ( 'NONE', #2125, #2955, #5334, .T. ) ;
#26 = LINE ( 'NONE', #3268, #1976 ) ;
#27 = EDGE_CURVE ( 'NONE', #4539, #3177, #2200, .T. ) ;
#28 = ORIENTED_EDGE ( 'NONE', *, *, #3770, .F. ) ;
#29 = ORIENTED_EDGE ( 'NONE', *, *, #4900, .T. ) ;
#30 = CARTESIAN_POINT ( 'NONE',  ( -2.300000000000002000, 0.0000000000000000000, 1.100000000000000800 ) ) ;
#31 = VERTEX_POINT ( 'NONE', #3476 ) ;
#32 = PLANE ( 'NONE',  #4339 ) ;
#33 = DIRECTION ( 'NONE',  ( -0.9496286491027318100, 0.0000000000000000000, 0.3133774542039052300 ) ) ;
#34 = EDGE_CURVE ( 'NONE', #173, #339, #1751, .T. ) ;
#35 = CLOSED_SHELL ( 'NONE', ( #5160, #724, #3838, #2978, #5658, #4282 ) ) ;
#36 = CARTESIAN_POINT ( 'NONE',  ( 2.735000000000001200, 0.3499999999999999800, -1.549999999999999600 ) ) ;
#37 = ORIENTED_EDGE ( 'NONE', *, *, #1559, .F. ) ;
#38 = EDGE_CURVE ( 'NONE', #2060, #4162, #2052, .T. ) ;
#39 = CARTESIAN_POINT ( 'NONE',  ( 0.3749999999999986100, 0.9499999999999996200, 1.250000000000000900 ) ) ;
#40 = CARTESIAN_POINT ( 'NONE',  ( 0.6249999999999985600, 0.0000000000000000000, -3.249999999999999600 ) ) ;
#41 = CARTESIAN_POINT ( 'NONE',  ( 2.300000000000002000, 0.0000000000000000000, 1.100000000000000800 ) ) ;
#42 = ADVANCED_FACE ( 'NONE', ( #4395 ), #3012, .T. ) ;
#43 = ORIENTED_EDGE ( 'NONE', *, *, #2873, .T. ) ;
#44 = CARTESIAN_POINT ( 'NONE',  ( 2.500000000000002200, 0.6600000000000000300, 3.250000000000002700 ) ) ;
#45 = DIRECTION ( 'NONE',  ( -1.000000000000000000, 0.0000000000000000000, -0.0000000000000000000 ) ) ;
#46 = ORIENTED_EDGE ( 'NONE', *, *, #3637, .F. ) ;
#47 = LINE ( 'NONE', #3082, #2511 ) ;
#48 = AXIS2_PLACEMENT_3D ( 'NONE', #2783, #2756, #5085 ) ;
#49 = PLANE ( 'NONE',  #5932 ) ;
#50 = PLANE ( 'NONE',  #5660 ) ;
#51 = CARTESIAN_POINT ( 'NONE',  ( -0.3500000000000022000, 0.0000000000000000000, -1.749999999999999800 ) ) ;
#52 = DIRECTION ( 'NONE',  ( 0.0000000000000000000, 0.0000000000000000000, -1.000000000000000000 ) ) ;
#53 = CARTESIAN_POINT ( 'NONE',  ( -2.000000000000007100, 2.449999999999999700, -2.249999999999997800 ) ) ;
#54 = ORIENTED_EDGE ( 'NONE', *, *, #754, .F. ) ;
#55 = ORIENTED_EDGE ( 'NONE', *, *, #412, .T. ) ;
#56 = EDGE_CURVE ( 'NONE', #4951, #5028, #1909, .T. ) ;
#57 = DIRECTION ( 'NONE',  ( 0.0000000000000000000, -6.195440985631449400E-016, -1.000000000000000000 ) ) ;
#58 = CARTESIAN_POINT ( 'NONE',  ( 4.700000000000000200, 2.549999999999997600, 3.250000000000002700 ) ) ;
#59 = CARTESIAN_POINT ( 'NONE',  ( 0.3499999999999996400, 0.3499999999999999800, -1.599999999999999900 ) ) ;
#60 = CARTESIAN_POINT ( 'NONE',  ( 4.099999999999999600, 0.3600000000000000400, 2.050000000000002500 ) ) ;
#61 = ADVANCED_FACE ( 'NONE', ( #3320 ), #5296, .F. ) ;
#62 = EDGE_CURVE ( 'NONE', #162, #2584, #3548, .T. ) ;
#63 = VERTEX_POINT ( 'NONE', #4560 ) ;
#64 = DIRECTION ( 'NONE',  ( -1.000000000000000000, 0.0000000000000000000, -0.0000000000000000000 ) ) ;
#65 = CARTESIAN_POINT ( 'NONE',  ( 1.374999999999998700, 0.0000000000000000000, -2.249999999999999600 ) ) ;
#66 = EDGE_CURVE ( 'NONE', #2921, #2901, #5852, .T. ) ;
#67 = FACE_OUTER_BOUND ( 'NONE', #3755, .T. ) ;
#68 = DIRECTION ( 'NONE',  ( 0.0000000000000000000, -0.0000000000000000000, 1.000000000000000000 ) ) ;
#69 = FACE_OUTER_BOUND ( 'NONE', #3360, .T. ) ;
#70 = EDGE_LOOP ( 'NONE', ( #3876, #289, #1034, #1949 ) ) ;
#71 = DIRECTION ( 'NONE',  ( -3.469446951953614600E-015, 1.000000000000000000, 0.0000000000000000000 ) ) ;
#72 = CARTESIAN_POINT ( 'NONE',  ( 0.6499999999999978000, 0.0000000000000000000, -1.599999999999999900 ) ) ;
#73 = FACE_OUTER_BOUND ( 'NONE', #3607, .T. ) ;
#74 = DIRECTION ( 'NONE',  ( 0.0000000000000000000, -0.6000000000000002000, -0.7999999999999999300 ) ) ;
#75 = PLANE ( 'NONE',  #846 ) ;
#76 = FACE_OUTER_BOUND ( 'NONE', #5983, .T. ) ;
#77 = LINE ( 'NONE', #3055, #5178 ) ;
#78 = ORIENTED_EDGE ( 'NONE', *, *, #1362, .F. ) ;
#79 = LINE ( 'NONE', #1463, #5538 ) ;
#80 = EDGE_CURVE ( 'NONE', #2141, #712, #1039, .T. ) ;
#81 = MECHANICAL_DESIGN_GEOMETRIC_PRESENTATION_REPRESENTATION (  '', ( #1210 ), #2150 ) ;
#82 = COLOUR_RGB ( '',0.2509803921568627400, 0.2509803921568627400, 0.2509803921568627400 ) ;
#83 = ORIENTED_EDGE ( 'NONE', *, *, #285, .F. ) ;
#84 = ORIENTED_EDGE ( 'NONE', *, *, #3404, .T. ) ;
#85 = DIRECTION ( 'NONE',  ( -0.0000000000000000000, -0.0000000000000000000, 1.000000000000000000 ) ) ;
#86 = CARTESIAN_POINT ( 'NONE',  ( -0.3750000000000014400, 0.9499999999999996200, 1.250000000000000900 ) ) ;
#87 = CIRCLE ( 'NONE', #4037, 0.1499999999999999700 ) ;
#88 = EDGE_LOOP ( 'NONE', ( #881, #3684, #801, #3745 ) ) ;
#89 = LINE ( 'NONE', #6005, #3670 ) ;
#90 = CIRCLE ( 'NONE', #5152, 0.1999999999999996500 ) ;
#91 = ORIENTED_EDGE ( 'NONE', *, *, #4329, .T. ) ;
#92 = FILL_AREA_STYLE_COLOUR ( '', #595 ) ;
#93 = VECTOR ( 'NONE', #5484, 1000.000000000000000 ) ;
#94 = ORIENTED_EDGE ( 'NONE', *, *, #4354, .F. ) ;
#95 = DIRECTION ( 'NONE',  ( 0.0000000000000000000, -1.000000000000000000, -0.0000000000000000000 ) ) ;
#96 = FACE_OUTER_BOUND ( 'NONE', #5735, .T. ) ;
#97 = EDGE_LOOP ( 'NONE', ( #1627, #3930, #665, #428 ) ) ;
#98 = ORIENTED_EDGE ( 'NONE', *, *, #4499, .T. ) ;
#99 = ADVANCED_FACE ( 'NONE', ( #3169 ), #5472, .T. ) ;
#100 = DIRECTION ( 'NONE',  ( -0.0000000000000000000, 0.0000000000000000000, -1.000000000000000000 ) ) ;
#101 = ORIENTED_EDGE ( 'NONE', *, *, #494, .T. ) ;
#102 = EDGE_LOOP ( 'NONE', ( #1810, #3483, #5802, #1770 ) ) ;
#103 = LINE ( 'NONE', #3509, #1479 ) ;
#104 = DIRECTION ( 'NONE',  ( -1.000000000000000000, -0.0000000000000000000, -0.0000000000000000000 ) ) ;
#105 = CARTESIAN_POINT ( 'NONE',  ( 1.624999999999998700, 1.219584054212075700, 1.797811959340943600 ) ) ;
#106 = CIRCLE ( 'NONE', #5703, 0.1499999999999999700 ) ;
#107 = ORIENTED_EDGE ( 'NONE', *, *, #3121, .T. ) ;
#108 = CARTESIAN_POINT ( 'NONE',  ( -1.625000000000001300, 0.3900000000000000100, -2.249999999999999100 ) ) ;
#109 = EDGE_CURVE ( 'NONE', #2702, #1747, #5707, .T. ) ;
#110 = EDGE_LOOP ( 'NONE', ( #2206, #1525, #1194, #2769 ) ) ;
#111 = ORIENTED_EDGE ( 'NONE', *, *, #1290, .T. ) ;
#112 = PLANE ( 'NONE',  #245 ) ;
#113 = CARTESIAN_POINT ( 'NONE',  ( 2.650000000000001200, 0.6600000000000000300, 2.050000000000002500 ) ) ;
#114 = DIRECTION ( 'NONE',  ( -0.0000000000000000000, 8.340016711426968800E-017, -1.000000000000000000 ) ) ;
#115 = VERTEX_POINT ( 'NONE', #5435 ) ;
#116 = DIRECTION ( 'NONE',  ( -0.3133774542039051100, 5.883368253780888900E-016, 0.9496286491027317000 ) ) ;
#117 = ORIENTED_EDGE ( 'NONE', *, *, #3075, .T. ) ;
#118 = AXIS2_PLACEMENT_3D ( 'NONE', #267, #4473, #4879 ) ;
#119 = DIRECTION ( 'NONE',  ( -0.0000000000000000000, 0.6643638388299201200, 0.7474093186836594500 ) ) ;
#120 = ORIENTED_EDGE ( 'NONE', *, *, #3783, .T. ) ;
#121 = ORIENTED_EDGE ( 'NONE', *, *, #3827, .F. ) ;
#122 = CARTESIAN_POINT ( 'NONE',  ( -0.3750000000000014400, 0.2999999999999999900, -3.249999999999999600 ) ) ;
#123 = CARTESIAN_POINT ( 'NONE',  ( -0.3750000000000014400, 2.199999999999998800, -1.599999999999999900 ) ) ;
#124 = DIRECTION ( 'NONE',  ( 0.0000000000000000000, 1.000000000000000000, 0.0000000000000000000 ) ) ;
#125 = DIRECTION ( 'NONE',  ( 1.000000000000000000, -1.178480622266852700E-016, -2.306813132947890900E-016 ) ) ;
#126 = DIRECTION ( 'NONE',  ( -0.0000000000000000000, 4.336808689942017700E-016, -1.000000000000000000 ) ) ;
#127 = ADVANCED_FACE ( 'NONE', ( #5040 ), #1028, .T. ) ;
#128 = DIRECTION ( 'NONE',  ( 0.0000000000000000000, -1.000000000000000000, 0.0000000000000000000 ) ) ;
#129 = CARTESIAN_POINT ( 'NONE',  ( 0.7999999999999986000, 0.0000000000000000000, -2.250000000000000000 ) ) ;
#130 = DIRECTION ( 'NONE',  ( -0.0000000000000000000, 1.000000000000000000, 0.0000000000000000000 ) ) ;
#131 = ORIENTED_EDGE ( 'NONE', *, *, #1096, .T. ) ;
#132 = DIRECTION ( 'NONE',  ( -1.000000000000000000, 0.0000000000000000000, -0.0000000000000000000 ) ) ;
#133 = EDGE_CURVE ( 'NONE', #3902, #5648, #882, .T. ) ;
#134 = FACE_OUTER_BOUND ( 'NONE', #731, .T. ) ;
#135 = CARTESIAN_POINT ( 'NONE',  ( 1.624999999999998700, 2.199999999999998800, -1.599999999999999900 ) ) ;
#136 = VECTOR ( 'NONE', #1068, 1000.000000000000000 ) ;
#137 = LINE ( 'NONE', #5774, #2316 ) ;
#138 = EDGE_CURVE ( 'NONE', #1795, #5494, #3394, .T. ) ;
#139 = VECTOR ( 'NONE', #3344, 1000.000000000000000 ) ;
#140 = DIRECTION ( 'NONE',  ( 1.000000000000000000, -0.0000000000000000000, -0.0000000000000000000 ) ) ;
#141 = DIRECTION ( 'NONE',  ( 0.0000000000000000000, 1.000000000000000000, 0.0000000000000000000 ) ) ;
#142 = LINE ( 'NONE', #1649, #4941 ) ;
#143 = DIRECTION ( 'NONE',  ( 0.0000000000000000000, -2.323290369611800400E-016, 1.000000000000000000 ) ) ;
#144 = VERTEX_POINT ( 'NONE', #4574 ) ;
#145 = LINE ( 'NONE', #129, #2696 ) ;
#146 = PLANE ( 'NONE',  #5529 ) ;
#147 = DIRECTION ( 'NONE',  ( 0.0000000000000000000, 1.000000000000000000, 0.0000000000000000000 ) ) ;
#148 = ADVANCED_FACE ( 'NONE', ( #5112 ), #4152, .F. ) ;
#149 = VECTOR ( 'NONE', #5485, 1000.000000000000000 ) ;
#150 = ORIENTED_EDGE ( 'NONE', *, *, #4196, .F. ) ;
#151 = ORIENTED_EDGE ( 'NONE', *, *, #3589, .F. ) ;
#152 = DIRECTION ( 'NONE',  ( -1.000000000000000000, 0.0000000000000000000, 0.0000000000000000000 ) ) ;
#153 = CARTESIAN_POINT ( 'NONE',  ( -0.6250000000000014400, 0.9499999999999996200, 1.250000000000000900 ) ) ;
#154 = CIRCLE ( 'NONE', #1133, 0.1499999999999999700 ) ;
#155 = ORIENTED_EDGE ( 'NONE', *, *, #4923, .T. ) ;
#156 = LINE ( 'NONE', #4621, #5109 ) ;
#157 = VECTOR ( 'NONE', #635, 1000.000000000000000 ) ;
#158 = CARTESIAN_POINT ( 'NONE',  ( 0.6249999999999985600, 0.9499999999999996200, 1.250000000000000900 ) ) ;
#159 = CARTESIAN_POINT ( 'NONE',  ( 1.624999999999998700, 0.9499999999999994000, 2.000000000000000900 ) ) ;
#160 = SURFACE_STYLE_FILL_AREA ( #4150 ) ;
#161 = ORIENTED_EDGE ( 'NONE', *, *, #2152, .F. ) ;
#162 = VERTEX_POINT ( 'NONE', #6020 ) ;
#163 = VECTOR ( 'NONE', #4004, 1000.000000000000000 ) ;
#164 = EDGE_LOOP ( 'NONE', ( #3402, #3277, #1179, #1945 ) ) ;
#165 = ORIENTED_EDGE ( 'NONE', *, *, #4506, .F. ) ;
#166 = LINE ( 'NONE', #623, #4032 ) ;
#167 = VERTEX_POINT ( 'NONE', #4633 ) ;
#168 = VERTEX_POINT ( 'NONE', #853 ) ;
#169 = VECTOR ( 'NONE', #1213, 1000.000000000000000 ) ;
#170 = ORIENTED_EDGE ( 'NONE', *, *, #3522, .T. ) ;
#171 = DIRECTION ( 'NONE',  ( 0.0000000000000000000, 0.0000000000000000000, 1.000000000000000000 ) ) ;
#172 = VECTOR ( 'NONE', #4801, 1000.000000000000000 ) ;
#173 = VERTEX_POINT ( 'NONE', #4593 ) ;
#174 = CARTESIAN_POINT ( 'NONE',  ( 1.624999999999998700, 0.0000000000000000000, -2.249999999999999600 ) ) ;
#175 = ORIENTED_EDGE ( 'NONE', *, *, #2743, .F. ) ;
#176 = ORIENTED_EDGE ( 'NONE', *, *, #285, .T. ) ;
#177 = EDGE_CURVE ( 'NONE', #1228, #2207, #1308, .T. ) ;
#178 = DIRECTION ( 'NONE',  ( -0.0000000000000000000, 0.0000000000000000000, -1.000000000000000000 ) ) ;
#179 = DIRECTION ( 'NONE',  ( 0.0000000000000000000, -0.0000000000000000000, 1.000000000000000000 ) ) ;
#180 = ORIENTED_EDGE ( 'NONE', *, *, #1536, .F. ) ;
#181 = DIRECTION ( 'NONE',  ( -0.0000000000000000000, -1.000000000000000000, 0.0000000000000000000 ) ) ;
#182 = ORIENTED_EDGE ( 'NONE', *, *, #3813, .T. ) ;
#183 = UNCERTAINTY_MEASURE_WITH_UNIT (LENGTH_MEASURE( 1.000000000000000100E-005 ), #5855, 'distance_accuracy_value', 'NONE');
#184 = CARTESIAN_POINT ( 'NONE',  ( 1.374999999999998700, 2.199999999999998800, -1.599999999999999900 ) ) ;
#185 = EDGE_CURVE ( 'NONE', #2056, #2782, #5846, .T. ) ;
#186 = EDGE_LOOP ( 'NONE', ( #2143, #3469, #400, #1472 ) ) ;
#187 = EDGE_LOOP ( 'NONE', ( #2728, #4333, #369, #2507 ) ) ;
#188 = EDGE_CURVE ( 'NONE', #1836, #4686, #90, .T. ) ;
#189 = ADVANCED_FACE ( 'NONE', ( #2119 ), #6036, .F. ) ;
#190 = VECTOR ( 'NONE', #5807, 1000.000000000000000 ) ;
#191 = CARTESIAN_POINT ( 'NONE',  ( -2.700000000000002400, 0.2999999999999999900, -2.250000000000001300 ) ) ;
#192 = CARTESIAN_POINT ( 'NONE',  ( 2.000000000000007100, 2.450000000000239500, -1.549999999999997200 ) ) ;
#193 = EDGE_CURVE ( 'NONE', #5739, #1037, #3540, .T. ) ;
#194 = DIRECTION ( 'NONE',  ( -0.0000000000000000000, -0.0000000000000000000, 1.000000000000000000 ) ) ;
#195 = CARTESIAN_POINT ( 'NONE',  ( 2.000000000000000000, 0.2500000000000000000, -1.549999999999999800 ) ) ;
#196 = DIRECTION ( 'NONE',  ( 0.0000000000000000000, -1.000000000000000000, 0.0000000000000000000 ) ) ;
#197 = CARTESIAN_POINT ( 'NONE',  ( 0.3749999999999986100, 1.129584054212076700, 1.677811959340942800 ) ) ;
#199 = ORIENTED_EDGE ( 'NONE', *, *, #2152, .T. ) ;
#198 = CARTESIAN_POINT ( 'NONE',  ( 2.265000000000003200, 2.449999999999999700, -0.8500000000000004200 ) ) ;
#200 = AXIS2_PLACEMENT_3D ( 'NONE', #3782, #3361, #2830 ) ;
#201 = EDGE_CURVE ( 'NONE', #2641, #4469, #3966, .T. ) ;
#202 = DIRECTION ( 'NONE',  ( 1.000000000000000000, -2.891205793294679300E-016, 0.0000000000000000000 ) ) ;
#203 = AXIS2_PLACEMENT_3D ( 'NONE', #2305, #2741, #6032 ) ;
#204 = CARTESIAN_POINT ( 'NONE',  ( -4.899999999999999500, 2.449999999999999700, -2.249999999999997800 ) ) ;
#205 = ORIENTED_EDGE ( 'NONE', *, *, #1601, .T. ) ;
#206 = DIRECTION ( 'NONE',  ( 1.000000000000000000, 0.0000000000000000000, -0.0000000000000000000 ) ) ;
#207 = PLANE ( 'NONE',  #5072 ) ;
#208 = CARTESIAN_POINT ( 'NONE',  ( -4.300000000000001600, 2.700000000000000200, -2.250000000000000000 ) ) ;
#209 = VECTOR ( 'NONE', #3209, 1000.000000000000000 ) ;
#210 = DIRECTION ( 'NONE',  ( -0.9496286491027318100, 0.0000000000000000000, 0.3133774542039053400 ) ) ;
#211 = EDGE_LOOP ( 'NONE', ( #1244, #3417, #3717, #1873 ) ) ;
#212 = CARTESIAN_POINT ( 'NONE',  ( 2.700000000000002400, 2.649999999999999900, -1.450000000000000800 ) ) ;
#213 = CARTESIAN_POINT ( 'NONE',  ( -2.265000000000003200, -1.200000000000000000E-005, -0.8499999999999998700 ) ) ;
#214 = ADVANCED_FACE ( 'NONE', ( #2478 ), #1392, .F. ) ;
#215 = FACE_OUTER_BOUND ( 'NONE', #394, .T. ) ;
#216 = CARTESIAN_POINT ( 'NONE',  ( 2.735000000000001200, 0.3499999999999999800, -2.250000000000000000 ) ) ;
#217 = EDGE_CURVE ( 'NONE', #1795, #2218, #4660, .T. ) ;
#218 = CARTESIAN_POINT ( 'NONE',  ( 2.300000000000002000, 0.2999999999999999900, -2.250000000000001300 ) ) ;
#219 = EDGE_CURVE ( 'NONE', #5331, #899, #2556, .T. ) ;
#220 = LINE ( 'NONE', #4280, #5013 ) ;
#221 = CARTESIAN_POINT ( 'NONE',  ( -1.650000000000000400, 0.3499999999999999800, -1.599999999999999900 ) ) ;
#222 = VERTEX_POINT ( 'NONE', #5138 ) ;
#223 = CARTESIAN_POINT ( 'NONE',  ( 0.6249999999999985600, 0.9499999999999996200, 1.250000000000000900 ) ) ;
#224 = FACE_OUTER_BOUND ( 'NONE', #2438, .T. ) ;
#225 = CARTESIAN_POINT ( 'NONE',  ( 1.650000000000002100, 0.5249999999999998000, 3.250000000000002700 ) ) ;
#226 = ORIENTED_EDGE ( 'NONE', *, *, #5492, .T. ) ;
#227 = VECTOR ( 'NONE', #3095, 1000.000000000000000 ) ;
#228 = EDGE_CURVE ( 'NONE', #5957, #3045, #1380, .T. ) ;
#229 = LINE ( 'NONE', #2679, #3805 ) ;
#230 = DIRECTION ( 'NONE',  ( 0.0000000000000000000, -0.0000000000000000000, -1.000000000000000000 ) ) ;
#231 = AXIS2_PLACEMENT_3D ( 'NONE', #5231, #2582, #253 ) ;
#232 = VERTEX_POINT ( 'NONE', #4696 ) ;
#233 = LINE ( 'NONE', #2009, #1451 ) ;
#234 = LINE ( 'NONE', #4503, #1241 ) ;
#235 = ORIENTED_EDGE ( 'NONE', *, *, #2463, .F. ) ;
#236 = VERTEX_POINT ( 'NONE', #4713 ) ;
#237 = VECTOR ( 'NONE', #3189, 1000.000000000000100 ) ;
#238 = PLANE ( 'NONE',  #2098 ) ;
#239 = ORIENTED_EDGE ( 'NONE', *, *, #5874, .F. ) ;
#240 = VECTOR ( 'NONE', #5259, 1000.000000000000000 ) ;
#241 = AXIS2_PLACEMENT_3D ( 'NONE', #4720, #5210, #2386 ) ;
#242 = LINE ( 'NONE', #5590, #4024 ) ;
#243 = ORIENTED_EDGE ( 'NONE', *, *, #5819, .F. ) ;
#244 = ORIENTED_EDGE ( 'NONE', *, *, #4245, .F. ) ;
#245 = AXIS2_PLACEMENT_3D ( 'NONE', #5709, #1577, #206 ) ;
#246 = LINE ( 'NONE', #1438, #4887 ) ;
#247 = CARTESIAN_POINT ( 'NONE',  ( -2.300000000000002000, 2.649999999999999900, -1.450000000000000800 ) ) ;
#248 = ORIENTED_EDGE ( 'NONE', *, *, #1570, .F. ) ;
#249 = VECTOR ( 'NONE', #4340, 1000.000000000000000 ) ;
#250 = CARTESIAN_POINT ( 'NONE',  ( 1.624999999999998700, 0.0000000000000000000, -3.249999999999999600 ) ) ;
#251 = ORIENTED_EDGE ( 'NONE', *, *, #1559, .T. ) ;
#252 = ORIENTED_EDGE ( 'NONE', *, *, #2172, .F. ) ;
#253 = DIRECTION ( 'NONE',  ( -0.0000000000000000000, 0.0000000000000000000, -1.000000000000000000 ) ) ;
#254 = VERTEX_POINT ( 'NONE', #3347 ) ;
#255 = ORIENTED_EDGE ( 'NONE', *, *, #4566, .T. ) ;
#256 = ORIENTED_EDGE ( 'NONE', *, *, #4930, .F. ) ;
#257 = FACE_OUTER_BOUND ( 'NONE', #3231, .T. ) ;
#258 = ADVANCED_FACE ( 'NONE', ( #1178 ), #2376, .F. ) ;
#259 = LINE ( 'NONE', #1787, #4262 ) ;
#260 = ORIENTED_EDGE ( 'NONE', *, *, #2965, .T. ) ;
#261 = CARTESIAN_POINT ( 'NONE',  ( -0.6250000000000014400, 0.0000000000000000000, -3.249999999999999600 ) ) ;
#262 = CARTESIAN_POINT ( 'NONE',  ( -0.3750000000000014400, 0.2999999999999999900, -3.249999999999999600 ) ) ;
#263 = ORIENTED_EDGE ( 'NONE', *, *, #4078, .T. ) ;
#264 = COLOUR_RGB ( '',0.7921568627450980000, 0.8196078431372548800, 0.9333333333333333500 ) ;
#265 = ORIENTED_EDGE ( 'NONE', *, *, #1261, .T. ) ;
#266 = EDGE_CURVE ( 'NONE', #3609, #2599, #5258, .T. ) ;
#267 = CARTESIAN_POINT ( 'NONE',  ( 0.6249999999999985600, 0.0000000000000000000, -3.249999999999999600 ) ) ;
#268 = EDGE_LOOP ( 'NONE', ( #3473, #1563, #2971, #5116 ) ) ;
#269 = DIRECTION ( 'NONE',  ( 2.306813132947890900E-016, 0.0000000000000000000, 1.000000000000000000 ) ) ;
#270 = DIRECTION ( 'NONE',  ( 0.0000000000000000000, 0.0000000000000000000, -1.000000000000000000 ) ) ;
#271 = UNCERTAINTY_MEASURE_WITH_UNIT (LENGTH_MEASURE( 1.000000000000000100E-005 ), #3923, 'distance_accuracy_value', 'NONE');
#272 = VECTOR ( 'NONE', #1222, 1000.000000000000000 ) ;
#273 = ORIENTED_EDGE ( 'NONE', *, *, #3660, .T. ) ;
#274 = CARTESIAN_POINT ( 'NONE',  ( -4.300000000000001600, 2.700000000000000200, -2.250000000000000000 ) ) ;
#275 = EDGE_CURVE ( 'NONE', #321, #3544, #1608, .T. ) ;
#276 = EDGE_CURVE ( 'NONE', #4615, #3472, #738, .T. ) ;
#277 = CARTESIAN_POINT ( 'NONE',  ( 2.300000000000002000, 0.2500000000000046600, -0.8500000000000000900 ) ) ;
#278 = PRESENTATION_LAYER_ASSIGNMENT (  '', '', ( #3104 ) ) ;
#279 = DIRECTION ( 'NONE',  ( 0.0000000000000000000, 0.0000000000000000000, 1.000000000000000000 ) ) ;
#280 = CARTESIAN_POINT ( 'NONE',  ( -1.200000000000001100, 0.3499999999999999800, -2.250000000000000400 ) ) ;
#281 = ADVANCED_FACE ( 'NONE', ( #2705 ), #3362, .F. ) ;
#282 = CARTESIAN_POINT ( 'NONE',  ( 4.299999999999999800, 0.2500000000000002800, -0.8500000000000005300 ) ) ;
#283 = ORIENTED_EDGE ( 'NONE', *, *, #2972, .F. ) ;
#284 = DIRECTION ( 'NONE',  ( 0.0000000000000000000, -0.0000000000000000000, 1.000000000000000000 ) ) ;
#285 = EDGE_CURVE ( 'NONE', #4686, #5903, #5697, .T. ) ;
#286 = CARTESIAN_POINT ( 'NONE',  ( 1.374999999999998700, 0.2999999999999999900, -3.249999999999999600 ) ) ;
#287 = CARTESIAN_POINT ( 'NONE',  ( 2.700000000000002400, 0.0000000000000000000, -2.400000000000000800 ) ) ;
#288 = ADVANCED_FACE ( 'NONE', ( #2263 ), #1948, .F. ) ;
#289 = ORIENTED_EDGE ( 'NONE', *, *, #2368, .F. ) ;
#290 = VECTOR ( 'NONE', #2907, 1000.000000000000000 ) ;
#291 = FACE_OUTER_BOUND ( 'NONE', #3907, .T. ) ;
#292 = DIRECTION ( 'NONE',  ( -0.0000000000000000000, 0.0000000000000000000, 1.000000000000000000 ) ) ;
#293 = CARTESIAN_POINT ( 'NONE',  ( 2.735000000000001200, 0.3499999999999999800, -2.250000000000000000 ) ) ;
#294 = ORIENTED_EDGE ( 'NONE', *, *, #5139, .T. ) ;
#295 = EDGE_CURVE ( 'NONE', #3918, #3560, #2934, .T. ) ;
#296 = LINE ( 'NONE', #2214, #4717 ) ;
#297 = DIRECTION ( 'NONE',  ( -0.0000000000000000000, -0.0000000000000000000, 1.000000000000000000 ) ) ;
#298 = LINE ( 'NONE', #507, #1153 ) ;
#299 = CARTESIAN_POINT ( 'NONE',  ( -4.300000000000001600, 2.700000000000000200, -2.250000000000000000 ) ) ;
#300 = LINE ( 'NONE', #5878, #5098 ) ;
#301 = EDGE_CURVE ( 'NONE', #4483, #538, #242, .T. ) ;
#302 = EDGE_LOOP ( 'NONE', ( #4236, #5411, #1551, #3041 ) ) ;
#303 = ADVANCED_FACE ( 'NONE', ( #3742 ), #5698, .F. ) ;
#304 = ORIENTED_EDGE ( 'NONE', *, *, #1682, .T. ) ;
#305 = VECTOR ( 'NONE', #927, 1000.000000000000000 ) ;
#306 = LINE ( 'NONE', #2314, #5398 ) ;
#307 = ORIENTED_EDGE ( 'NONE', *, *, #573, .T. ) ;
#308 = LINE ( 'NONE', #519, #1234 ) ;
#309 = ORIENTED_EDGE ( 'NONE', *, *, #5819, .T. ) ;
#310 = ADVANCED_FACE ( 'NONE', ( #4742 ), #3426, .F. ) ;
#311 = FACE_OUTER_BOUND ( 'NONE', #2576, .T. ) ;
#312 = CARTESIAN_POINT ( 'NONE',  ( 4.899999999999999500, 0.0000000000000000000, 3.250000000000002700 ) ) ;
#313 = LINE ( 'NONE', #3000, #2336 ) ;
#314 = FACE_OUTER_BOUND ( 'NONE', #1714, .T. ) ;
#315 = ORIENTED_EDGE ( 'NONE', *, *, #4554, .F. ) ;
#316 = DIRECTION ( 'NONE',  ( 0.0000000000000000000, 0.0000000000000000000, -1.000000000000000000 ) ) ;
#317 = CARTESIAN_POINT ( 'NONE',  ( -2.900000000000003500, -1.200000000000000000E-005, -2.250000000000000000 ) ) ;
#318 = ORIENTED_EDGE ( 'NONE', *, *, #863, .T. ) ;
#319 = VECTOR ( 'NONE', #5934, 1000.000000000000000 ) ;
#320 = ORIENTED_EDGE ( 'NONE', *, *, #4624, .T. ) ;
#321 = VERTEX_POINT ( 'NONE', #5292 ) ;
#322 = LINE ( 'NONE', #3990, #2948 ) ;
#323 = CARTESIAN_POINT ( 'NONE',  ( 4.700000000000000200, 0.6999999999999999600, 3.250000000000002700 ) ) ;
#324 = VERTEX_POINT ( 'NONE', #2496 ) ;
#325 = FACE_OUTER_BOUND ( 'NONE', #4978, .T. ) ;
#326 = CARTESIAN_POINT ( 'NONE',  ( 1.649999999999997900, 0.3499999999999999800, -1.599999999999999900 ) ) ;
#327 = DIRECTION ( 'NONE',  ( 0.0000000000000000000, 6.195440985631449400E-016, 1.000000000000000000 ) ) ;
#328 = AXIS2_PLACEMENT_3D ( 'NONE', #1639, #3504, #4427 ) ;
#329 = LINE ( 'NONE', #938, #3904 ) ;
#330 = EDGE_CURVE ( 'NONE', #5106, #5213, #13, .T. ) ;
#331 = ORIENTED_EDGE ( 'NONE', *, *, #4770, .T. ) ;
#332 = ORIENTED_EDGE ( 'NONE', *, *, #5908, .F. ) ;
#333 = CARTESIAN_POINT ( 'NONE',  ( 2.649999999999999500, 0.9499999999999995100, -0.09999999999999766000 ) ) ;
#334 = ORIENTED_EDGE ( 'NONE', *, *, #5671, .F. ) ;
#335 = PRESENTATION_STYLE_ASSIGNMENT (( #3513 ) ) ;
#336 = CARTESIAN_POINT ( 'NONE',  ( -2.300000000000002000, 2.449999999999999700, -0.8499999999999996400 ) ) ;
#337 = DIRECTION ( 'NONE',  ( 0.0000000000000000000, -2.323290369611800400E-016, 1.000000000000000000 ) ) ;
#338 = ORIENTED_EDGE ( 'NONE', *, *, #25, .F. ) ;
#339 = VERTEX_POINT ( 'NONE', #668 ) ;
#340 = EDGE_LOOP ( 'NONE', ( #1186, #4454, #151, #3806 ) ) ;
#341 = DIRECTION ( 'NONE',  ( 1.000000000000000000, -0.0000000000000000000, -0.0000000000000000000 ) ) ;
#342 = CARTESIAN_POINT ( 'NONE',  ( -2.500000000000002200, 0.5249999999999999100, 3.250000000000002700 ) ) ;
#343 = VERTEX_POINT ( 'NONE', #5757 ) ;
#344 = EDGE_CURVE ( 'NONE', #4620, #144, #3672, .T. ) ;
#345 = LINE ( 'NONE', #4534, #1128 ) ;
#346 = EDGE_CURVE ( 'NONE', #5195, #4915, #3092, .T. ) ;
#347 = DIRECTION ( 'NONE',  ( -0.0000000000000000000, 0.0000000000000000000, 1.000000000000000000 ) ) ;
#348 = ADVANCED_FACE ( 'NONE', ( #3236 ), #2937, .F. ) ;
#349 = DIRECTION ( 'NONE',  ( -1.000000000000000000, -0.0000000000000000000, -0.0000000000000000000 ) ) ;
#350 = EDGE_CURVE ( 'NONE', #5576, #2125, #2775, .T. ) ;
#351 = DIRECTION ( 'NONE',  ( 0.0000000000000000000, -4.336808689942017700E-016, 1.000000000000000000 ) ) ;
#352 = EDGE_CURVE ( 'NONE', #4981, #222, #4169, .T. ) ;
#353 = CARTESIAN_POINT ( 'NONE',  ( -3.400000000000000400, 2.549999999999997200, -2.250000000000000000 ) ) ;
#354 = AXIS2_PLACEMENT_3D ( 'NONE', #1715, #2746, #3201 ) ;
#355 = ORIENTED_EDGE ( 'NONE', *, *, #1114, .F. ) ;
#356 = PLANE ( 'NONE',  #4589 ) ;
#357 = LINE ( 'NONE', #1624, #5163 ) ;
#358 = DIRECTION ( 'NONE',  ( 0.0000000000000000000, 0.9396926207859105400, -0.3420201433256628300 ) ) ;
#359 = CARTESIAN_POINT ( 'NONE',  ( 3.400000000000000400, 2.549999999999997200, 3.250000000000002700 ) ) ;
#360 = ORIENTED_EDGE ( 'NONE', *, *, #3486, .F. ) ;
#361 = LINE ( 'NONE', #250, #1443 ) ;
#362 = CARTESIAN_POINT ( 'NONE',  ( -2.300000000000002000, 0.0000000000000000000, 0.0000000000000000000 ) ) ;
#363 = DIRECTION ( 'NONE',  ( -1.000000000000000000, 0.0000000000000000000, 0.0000000000000000000 ) ) ;
#364 = DIRECTION ( 'NONE',  ( 0.9496286491027318100, 0.0000000000000000000, 0.3133774542039050600 ) ) ;
#365 = EDGE_LOOP ( 'NONE', ( #5126, #3322, #1373, #3549 ) ) ;
#366 = ADVANCED_BREP_SHAPE_REPRESENTATION ( 'SFW4R-1STE1HLF', ( #5665, #3523, #1255, #5220, #1437, #3067, #1514, #708, #3968, #3885, #4940, #3264, #3300 ), #5034 ) ;
#367 = VECTOR ( 'NONE', #4780, 1000.000000000000000 ) ;
#368 = DIRECTION ( 'NONE',  ( -0.0000000000000000000, 0.0000000000000000000, -1.000000000000000000 ) ) ;
#369 = ORIENTED_EDGE ( 'NONE', *, *, #228, .T. ) ;
#370 = EDGE_CURVE ( 'NONE', #3179, #2560, #5191, .T. ) ;
#371 = DIRECTION ( 'NONE',  ( 0.0000000000000000000, 0.0000000000000000000, 1.000000000000000000 ) ) ;
#372 = FACE_OUTER_BOUND ( 'NONE', #4881, .T. ) ;
#373 = ORIENTED_EDGE ( 'NONE', *, *, #1581, .F. ) ;
#374 = DIRECTION ( 'NONE',  ( 0.0000000000000000000, -1.000000000000000000, -1.112002228190261100E-015 ) ) ;
#375 = VERTEX_POINT ( 'NONE', #5275 ) ;
#376 = VECTOR ( 'NONE', #4173, 1000.000000000000000 ) ;
#377 = CARTESIAN_POINT ( 'NONE',  ( 2.735000000000001200, 2.700000000000001500, -1.750000000000000400 ) ) ;
#378 = EDGE_CURVE ( 'NONE', #5451, #3214, #598, .T. ) ;
#379 = CARTESIAN_POINT ( 'NONE',  ( 2.700000000000002400, 0.2999999999999999900, -2.250000000000001300 ) ) ;
#380 = ORIENTED_EDGE ( 'NONE', *, *, #3831, .F. ) ;
#381 = FACE_OUTER_BOUND ( 'NONE', #2633, .T. ) ;
#382 = EDGE_CURVE ( 'NONE', #2116, #4703, #313, .T. ) ;
#383 = ORIENTED_EDGE ( 'NONE', *, *, #4286, .T. ) ;
#384 = LINE ( 'NONE', #2199, #5190 ) ;
#385 = DIRECTION ( 'NONE',  ( 0.0000000000000000000, -1.000000000000000000, -1.971276677246376000E-016 ) ) ;
#386 = DIRECTION ( 'NONE',  ( -0.0000000000000000000, 1.000000000000000000, -0.0000000000000000000 ) ) ;
#387 = ORIENTED_EDGE ( 'NONE', *, *, #1064, .T. ) ;
#388 = CARTESIAN_POINT ( 'NONE',  ( 2.735000000000001200, -1.200000000000000000E-005, -1.750000000000000400 ) ) ;
#389 = FACE_OUTER_BOUND ( 'NONE', #211, .T. ) ;
#390 = ORIENTED_EDGE ( 'NONE', *, *, #3647, .T. ) ;
#391 = ORIENTED_EDGE ( 'NONE', *, *, #5319, .F. ) ;
#392 = CARTESIAN_POINT ( 'NONE',  ( 1.649999999999997900, 2.449999999999999700, -2.249999999999997800 ) ) ;
#393 = VECTOR ( 'NONE', #5589, 1000.000000000000000 ) ;
#394 = EDGE_LOOP ( 'NONE', ( #1315, #1465, #3174, #887 ) ) ;
#395 = DIRECTION ( 'NONE',  ( 0.0000000000000000000, 0.0000000000000000000, -1.000000000000000000 ) ) ;
#396 = ORIENTED_EDGE ( 'NONE', *, *, #1500, .F. ) ;
#397 = DIRECTION ( 'NONE',  ( 1.000000000000000000, -0.0000000000000000000, -0.0000000000000000000 ) ) ;
#398 = AXIS2_PLACEMENT_3D ( 'NONE', #628, #5211, #2960 ) ;
#399 = LINE ( 'NONE', #3228, #1937 ) ;
#400 = ORIENTED_EDGE ( 'NONE', *, *, #2006, .F. ) ;
#401 = ORIENTED_EDGE ( 'NONE', *, *, #5438, .T. ) ;
#402 = EDGE_CURVE ( 'NONE', #4855, #5014, #1094, .T. ) ;
#403 = AXIS2_PLACEMENT_3D ( 'NONE', #1218, #5817, #4491 ) ;
#404 = ORIENTED_EDGE ( 'NONE', *, *, #5991, .F. ) ;
#405 = DIRECTION ( 'NONE',  ( 0.0000000000000000000, -0.0000000000000000000, 1.000000000000000000 ) ) ;
#406 = ORIENTED_EDGE ( 'NONE', *, *, #4281, .T. ) ;
#407 = CARTESIAN_POINT ( 'NONE',  ( 0.3293577981651318300, 2.450000000000000600, -0.6811926605504498000 ) ) ;
#408 = ADVANCED_FACE ( 'NONE', ( #5547 ), #3925, .F. ) ;
#409 = FACE_OUTER_BOUND ( 'NONE', #2196, .T. ) ;
#410 = CARTESIAN_POINT ( 'NONE',  ( -3.350000000000000500, 0.3600000000000000400, 3.250000000000002700 ) ) ;
#411 = CARTESIAN_POINT ( 'NONE',  ( 4.099999999999999600, 0.3600000000000000400, 2.050000000000002500 ) ) ;
#412 = EDGE_CURVE ( 'NONE', #5106, #5477, #4318, .T. ) ;
#413 = CARTESIAN_POINT ( 'NONE',  ( 2.700000000000002400, 2.449999999999999700, 1.550000000000000500 ) ) ;
#414 = ORIENTED_EDGE ( 'NONE', *, *, #4205, .T. ) ;
#415 = DIRECTION ( 'NONE',  ( -0.0000000000000000000, -0.0000000000000000000, 1.000000000000000000 ) ) ;
#416 = CARTESIAN_POINT ( 'NONE',  ( 0.6249999999999985600, 2.199999999999998800, -1.599999999999999900 ) ) ;
#417 = ORIENTED_EDGE ( 'NONE', *, *, #3848, .T. ) ;
#418 = DIRECTION ( 'NONE',  ( 1.000000000000000000, -0.0000000000000000000, 0.0000000000000000000 ) ) ;
#419 = DIRECTION ( 'NONE',  ( 1.000000000000000000, 0.0000000000000000000, 0.0000000000000000000 ) ) ;
#420 = PLANE ( 'NONE',  #3349 ) ;
#421 = CARTESIAN_POINT ( 'NONE',  ( -4.899999999999999500, 0.5000000000000000000, -2.250000000000000000 ) ) ;
#422 = VECTOR ( 'NONE', #4588, 1000.000000000000000 ) ;
#423 = DIRECTION ( 'NONE',  ( 0.0000000000000000000, -0.0000000000000000000, -1.000000000000000000 ) ) ;
#424 = ADVANCED_FACE ( 'NONE', ( #2040 ), #587, .F. ) ;
#425 = AXIS2_PLACEMENT_3D ( 'NONE', #4612, #5131, #4147 ) ;
#426 = VECTOR ( 'NONE', #1635, 1000.000000000000000 ) ;
#427 = CARTESIAN_POINT ( 'NONE',  ( 2.300000000000002000, 0.0000000000000000000, -2.400000000000000800 ) ) ;
#428 = ORIENTED_EDGE ( 'NONE', *, *, #890, .T. ) ;
#429 = FILL_AREA_STYLE_COLOUR ( '', #5895 ) ;
#430 = LINE ( 'NONE', #3949, #2994 ) ;
#431 = VERTEX_POINT ( 'NONE', #5821 ) ;
#432 = DIRECTION ( 'NONE',  ( 0.0000000000000000000, -1.000000000000000000, 0.0000000000000000000 ) ) ;
#433 = VECTOR ( 'NONE', #2360, 1000.000000000000000 ) ;
#434 = DIRECTION ( 'NONE',  ( -1.000000000000000000, -0.0000000000000000000, -0.0000000000000000000 ) ) ;
#435 = DIRECTION ( 'NONE',  ( 0.0000000000000000000, -1.000000000000000000, 0.0000000000000000000 ) ) ;
#436 = LINE ( 'NONE', #3444, #4088 ) ;
#437 = PLANE ( 'NONE',  #425 ) ;
#438 = ORIENTED_EDGE ( 'NONE', *, *, #4463, .F. ) ;
#439 = LINE ( 'NONE', #4704, #1298 ) ;
#440 = CARTESIAN_POINT ( 'NONE',  ( -1.625000000000001300, 0.3899999999999999600, -1.599999999999999900 ) ) ;
#441 = DIRECTION ( 'NONE',  ( 1.000000000000000000, 0.0000000000000000000, 0.0000000000000000000 ) ) ;
#442 = EDGE_CURVE ( 'NONE', #5279, #3814, #4524, .T. ) ;
#443 = EDGE_CURVE ( 'NONE', #167, #4202, #947, .T. ) ;
#444 = ORIENTED_EDGE ( 'NONE', *, *, #5750, .F. ) ;
#445 = LINE ( 'NONE', #359, #1818 ) ;
#446 = ORIENTED_EDGE ( 'NONE', *, *, #4198, .T. ) ;
#447 = VECTOR ( 'NONE', #3729, 1000.000000000000000 ) ;
#448 = DIRECTION ( 'NONE',  ( -0.0000000000000000000, 1.000000000000000000, -0.0000000000000000000 ) ) ;
#449 = VECTOR ( 'NONE', #2878, 1000.000000000000000 ) ;
#450 = LINE ( 'NONE', #4912, #5407 ) ;
#451 = ORIENTED_EDGE ( 'NONE', *, *, #923, .F. ) ;
#452 = DIRECTION ( 'NONE',  ( 1.000000000000000000, 0.0000000000000000000, -0.0000000000000000000 ) ) ;
#453 = LINE ( 'NONE', #2437, #5118 ) ;
#454 = EDGE_LOOP ( 'NONE', ( #4403, #1278, #396, #3892 ) ) ;
#455 = VERTEX_POINT ( 'NONE', #2072 ) ;
#456 = FACE_OUTER_BOUND ( 'NONE', #4826, .T. ) ;
#457 = EDGE_LOOP ( 'NONE', ( #3129, #1201, #5437, #1391 ) ) ;
#458 = EDGE_CURVE ( 'NONE', #5626, #1892, #2001, .T. ) ;
#459 = ORIENTED_EDGE ( 'NONE', *, *, #3154, .T. ) ;
#460 = DIRECTION ( 'NONE',  ( -1.189252840020662600E-016, 0.0000000000000000000, 1.000000000000000000 ) ) ;
#461 = VECTOR ( 'NONE', #1788, 1000.000000000000000 ) ;
#462 = AXIS2_PLACEMENT_3D ( 'NONE', #5389, #5357, #1148 ) ;
#463 = VECTOR ( 'NONE', #4918, 1000.000000000000000 ) ;
#464 = CARTESIAN_POINT ( 'NONE',  ( -0.3750000000000014400, 0.0000000000000000000, -2.249999999999999600 ) ) ;
#465 = ORIENTED_EDGE ( 'NONE', *, *, #2356, .T. ) ;
#466 = ADVANCED_FACE ( 'NONE', ( #762 ), #1636, .F. ) ;
#467 = CARTESIAN_POINT ( 'NONE',  ( 2.700000000000002400, 0.1273895819931683500, 1.450000000000000800 ) ) ;
#468 = ORIENTED_EDGE ( 'NONE', *, *, #1807, .T. ) ;
#469 = FACE_OUTER_BOUND ( 'NONE', #5737, .T. ) ;
#470 = PLANE ( 'NONE',  #2896 ) ;
#471 = ORIENTED_EDGE ( 'NONE', *, *, #4123, .T. ) ;
#472 = CARTESIAN_POINT ( 'NONE',  ( -2.650000000000003000, 1.449999999999999500, 2.050000000000002500 ) ) ;
#473 = DIRECTION ( 'NONE',  ( 0.0000000000000000000, -0.0000000000000000000, 1.000000000000000000 ) ) ;
#474 = VERTEX_POINT ( 'NONE', #4848 ) ;
#475 = EDGE_LOOP ( 'NONE', ( #963, #5625, #4266, #4007, #478, #601, #3681, #5764 ) ) ;
#476 = PLANE ( 'NONE',  #4365 ) ;
#477 = DIRECTION ( 'NONE',  ( 0.0000000000000000000, -1.000000000000000000, 0.0000000000000000000 ) ) ;
#478 = ORIENTED_EDGE ( 'NONE', *, *, #4923, .F. ) ;
#479 = CARTESIAN_POINT ( 'NONE',  ( -1.375000000000001300, 0.0000000000000000000, -2.249999999999999600 ) ) ;
#480 = LINE ( 'NONE', #3501, #5937 ) ;
#481 = CARTESIAN_POINT ( 'NONE',  ( 1.374999999999998700, 0.2999999999999998200, -2.550000000000001200 ) ) ;
#482 =( NAMED_UNIT ( * ) SI_UNIT ( $, .STERADIAN. ) SOLID_ANGLE_UNIT ( ) );
#483 = DIRECTION ( 'NONE',  ( 1.000000000000000000, 0.0000000000000000000, -0.0000000000000000000 ) ) ;
#484 = ADVANCED_FACE ( 'NONE', ( #1418 ), #711, .F. ) ;
#485 = CARTESIAN_POINT ( 'NONE',  ( -3.116666666666664900, 0.7766666666666685000, 2.516666666666667500 ) ) ;
#486 = EDGE_CURVE ( 'NONE', #1902, #1493, #4197, .T. ) ;
#487 = DIRECTION ( 'NONE',  ( -1.000000000000000000, -0.0000000000000000000, -0.0000000000000000000 ) ) ;
#488 = CARTESIAN_POINT ( 'NONE',  ( 2.300000000000002000, 0.2999999999999999900, -2.250000000000001300 ) ) ;
#489 = DIRECTION ( 'NONE',  ( 0.0000000000000000000, -1.000000000000000000, 0.0000000000000000000 ) ) ;
#490 = CARTESIAN_POINT ( 'NONE',  ( -3.350000000000000500, 0.6600000000000000300, 2.750000000000002700 ) ) ;
#491 = EDGE_LOOP ( 'NONE', ( #5276, #1731, #5851, #2687, #4031, #5567 ) ) ;
#492 = ADVANCED_FACE ( 'NONE', ( #3776 ), #4008, .F. ) ;
#493 = ORIENTED_EDGE ( 'NONE', *, *, #4702, .T. ) ;
#494 = EDGE_CURVE ( 'NONE', #937, #2138, #2077, .T. ) ;
#495 = CARTESIAN_POINT ( 'NONE',  ( 2.300000000000002000, 0.0000000000000000000, -2.400000000000000800 ) ) ;
#496 = DIRECTION ( 'NONE',  ( 0.0000000000000000000, 1.000000000000000000, 0.0000000000000000000 ) ) ;
#497 = EDGE_CURVE ( 'NONE', #2599, #5690, #698, .T. ) ;
#498 = ORIENTED_EDGE ( 'NONE', *, *, #5991, .T. ) ;
#499 = DIRECTION ( 'NONE',  ( 1.000000000000000000, 0.0000000000000000000, 0.0000000000000000000 ) ) ;
#500 = CARTESIAN_POINT ( 'NONE',  ( -1.650000000000000400, 0.0000000000000000000, -1.749999999999999800 ) ) ;
#501 = CARTESIAN_POINT ( 'NONE',  ( 2.700000000000002400, 2.250000000000000000, -2.250000000000000900 ) ) ;
#502 = EDGE_CURVE ( 'NONE', #2420, #4955, #632, .T. ) ;
#503 = AXIS2_PLACEMENT_3D ( 'NONE', #986, #2403, #2431 ) ;
#504 = DIRECTION ( 'NONE',  ( 0.0000000000000000000, -1.000000000000000000, 0.0000000000000000000 ) ) ;
#505 = DIRECTION ( 'NONE',  ( 1.000000000000000000, 2.891205793294679300E-016, 0.0000000000000000000 ) ) ;
#506 = VECTOR ( 'NONE', #2115, 1000.000000000000000 ) ;
#507 = CARTESIAN_POINT ( 'NONE',  ( -2.300000000000002000, 0.2999999999999999900, -2.250000000000001300 ) ) ;
#508 = DIRECTION ( 'NONE',  ( 0.0000000000000000000, -1.000000000000000000, 0.0000000000000000000 ) ) ;
#509 = FACE_OUTER_BOUND ( 'NONE', #4030, .T. ) ;
#510 = ORIENTED_EDGE ( 'NONE', *, *, #3831, .T. ) ;
#511 = EDGE_CURVE ( 'NONE', #3003, #4361, #480, .T. ) ;
#512 = LINE ( 'NONE', #4542, #3803 ) ;
#513 = AXIS2_PLACEMENT_3D ( 'NONE', #1025, #4292, #2016 ) ;
#514 = DIRECTION ( 'NONE',  ( -0.0000000000000000000, -1.000000000000000000, -0.0000000000000000000 ) ) ;
#515 = ORIENTED_EDGE ( 'NONE', *, *, #3493, .F. ) ;
#516 = LINE ( 'NONE', #2079, #1293 ) ;
#517 = DIRECTION ( 'NONE',  ( 0.0000000000000000000, -1.000000000000000000, 0.0000000000000000000 ) ) ;
#518 = LINE ( 'NONE', #1013, #5391 ) ;
#519 = CARTESIAN_POINT ( 'NONE',  ( -4.099999999999999600, 0.3600000000000000400, 2.050000000000002500 ) ) ;
#520 = CIRCLE ( 'NONE', #2848, 0.1999999999999996500 ) ;
#521 = ORIENTED_EDGE ( 'NONE', *, *, #2379, .T. ) ;
#522 = LINE ( 'NONE', #2975, #5102 ) ;
#523 = CARTESIAN_POINT ( 'NONE',  ( 4.299999999999999800, 0.2500000000000002800, -2.250000000000000000 ) ) ;
#524 = ADVANCED_FACE ( 'NONE', ( #4274 ), #1664, .F. ) ;
#525 = VECTOR ( 'NONE', #1643, 1000.000000000000000 ) ;
#526 = ORIENTED_EDGE ( 'NONE', *, *, #2112, .T. ) ;
#527 = ORIENTED_EDGE ( 'NONE', *, *, #4310, .T. ) ;
#528 = DIRECTION ( 'NONE',  ( 1.000000000000000000, 0.0000000000000000000, -0.0000000000000000000 ) ) ;
#529 = CARTESIAN_POINT ( 'NONE',  ( -1.800000000000000700, 0.3499999999999999800, -2.250000000000000400 ) ) ;
#530 = VECTOR ( 'NONE', #3031, 1000.000000000000000 ) ;
#531 = EDGE_LOOP ( 'NONE', ( #4836, #3751, #3711, #2177 ) ) ;
#532 = ORIENTED_EDGE ( 'NONE', *, *, #5704, .T. ) ;
#533 = FACE_OUTER_BOUND ( 'NONE', #5364, .T. ) ;
#534 = CARTESIAN_POINT ( 'NONE',  ( -1.375000000000001300, 0.0000000000000000000, 0.0000000000000000000 ) ) ;
#535 = EDGE_CURVE ( 'NONE', #4638, #5587, #47, .T. ) ;
#536 = LINE ( 'NONE', #951, #2417 ) ;
#537 = EDGE_CURVE ( 'NONE', #1199, #1024, #1270, .T. ) ;
#538 = VERTEX_POINT ( 'NONE', #4493 ) ;
#539 = LINE ( 'NONE', #5609, #1913 ) ;
#540 = VERTEX_POINT ( 'NONE', #5445 ) ;
#541 = ORIENTED_EDGE ( 'NONE', *, *, #1938, .T. ) ;
#542 = EDGE_LOOP ( 'NONE', ( #3704, #5399, #2734, #760 ) ) ;
#543 = LINE ( 'NONE', #2464, #169 ) ;
#544 = PLANE ( 'NONE',  #3380 ) ;
#545 = LINE ( 'NONE', #5065, #4115 ) ;
#546 = EDGE_CURVE ( 'NONE', #1747, #3918, #5503, .T. ) ;
#547 = ORIENTED_EDGE ( 'NONE', *, *, #4886, .F. ) ;
#548 = AXIS2_PLACEMENT_3D ( 'NONE', #3855, #1055, #4321 ) ;
#549 = CARTESIAN_POINT ( 'NONE',  ( -3.350000000000000500, 0.4850000000000014900, 2.225000000000001400 ) ) ;
#550 = ORIENTED_EDGE ( 'NONE', *, *, #2744, .T. ) ;
#551 =( LENGTH_UNIT ( ) NAMED_UNIT ( * ) SI_UNIT ( .MILLI., .METRE. ) );
#552 = DIRECTION ( 'NONE',  ( 0.0000000000000000000, 1.000000000000000000, 0.0000000000000000000 ) ) ;
#553 = ORIENTED_EDGE ( 'NONE', *, *, #2517, .T. ) ;
#554 = PLANE ( 'NONE',  #2492 ) ;
#555 = AXIS2_PLACEMENT_3D ( 'NONE', #3871, #4342, #4805 ) ;
#556 = VECTOR ( 'NONE', #2161, 1000.000000000000000 ) ;
#557 = ADVANCED_FACE ( 'NONE', ( #5068 ), #818, .F. ) ;
#558 = CARTESIAN_POINT ( 'NONE',  ( 0.3499999999999996400, 0.3499999999999999800, -1.749999999999999800 ) ) ;
#559 = PLANE ( 'NONE',  #1741 ) ;
#560 = CARTESIAN_POINT ( 'NONE',  ( 1.999999999999998200, 2.700000000000001500, 2.050000000000000300 ) ) ;
#561 = CARTESIAN_POINT ( 'NONE',  ( 4.700000000000000200, 2.349999999999997400, 2.049999999999999800 ) ) ;
#562 = DIRECTION ( 'NONE',  ( 3.469446951953614200E-015, -1.000000000000000000, 0.0000000000000000000 ) ) ;
#563 = EDGE_CURVE ( 'NONE', #4112, #566, #345, .T. ) ;
#564 =( LENGTH_UNIT ( ) NAMED_UNIT ( * ) SI_UNIT ( .MILLI., .METRE. ) );
#566 = VERTEX_POINT ( 'NONE', #2676 ) ;
#565 = DIRECTION ( 'NONE',  ( -0.0000000000000000000, -0.0000000000000000000, 1.000000000000000000 ) ) ;
#567 = CARTESIAN_POINT ( 'NONE',  ( -2.900000000000003500, 0.2499999999999999400, -2.250000000000000000 ) ) ;
#568 = DIRECTION ( 'NONE',  ( 1.000000000000000000, -2.891205793294679300E-016, 0.0000000000000000000 ) ) ;
#569 = EDGE_CURVE ( 'NONE', #2702, #3621, #2369, .T. ) ;
#570 = ORIENTED_EDGE ( 'NONE', *, *, #2443, .T. ) ;
#571 = CARTESIAN_POINT ( 'NONE',  ( -1.800000000000001200, 2.449999999999998800, -2.250000000000000000 ) ) ;
#572 = DIRECTION ( 'NONE',  ( -1.000000000000000000, -0.0000000000000000000, -0.0000000000000000000 ) ) ;
#573 = EDGE_CURVE ( 'NONE', #4736, #1044, #5577, .T. ) ;
#574 = LINE ( 'NONE', #5668, #4293 ) ;
#575 = LINE ( 'NONE', #4033, #4148 ) ;
#576 = ORIENTED_EDGE ( 'NONE', *, *, #2090, .T. ) ;
#577 = CARTESIAN_POINT ( 'NONE',  ( -2.650000000000001200, 0.6600000000000000300, 2.250000000000002200 ) ) ;
#578 = ADVANCED_FACE ( 'NONE', ( #409 ), #5461, .F. ) ;
#579 = LINE ( 'NONE', #5434, #3518 ) ;
#580 = CARTESIAN_POINT ( 'NONE',  ( -2.735000000000001200, -1.200000000000000000E-005, -0.8499999999999997600 ) ) ;
#581 = AXIS2_PLACEMENT_3D ( 'NONE', #2078, #3553, #3042 ) ;
#582 = APPLICATION_CONTEXT ( 'automotive_design' ) ;
#583 = LINE ( 'NONE', #4012, #2540 ) ;
#584 = DIRECTION ( 'NONE',  ( 0.9578262852211509900, 0.0000000000000000000, 0.2873478855663468800 ) ) ;
#585 = LINE ( 'NONE', #5375, #4729 ) ;
#586 = CARTESIAN_POINT ( 'NONE',  ( 1.624999999999998700, 0.0000000000000000000, -2.249999999999999600 ) ) ;
#587 = PLANE ( 'NONE',  #231 ) ;
#588 = ORIENTED_EDGE ( 'NONE', *, *, #5168, .T. ) ;
#589 = FACE_OUTER_BOUND ( 'NONE', #1629, .T. ) ;
#590 = EDGE_CURVE ( 'NONE', #222, #2056, #4349, .T. ) ;
#591 = VECTOR ( 'NONE', #3299, 1000.000000000000000 ) ;
#592 = ORIENTED_EDGE ( 'NONE', *, *, #382, .F. ) ;
#593 = DIRECTION ( 'NONE',  ( -1.000000000000000000, -0.0000000000000000000, -0.0000000000000000000 ) ) ;
#594 = DIRECTION ( 'NONE',  ( 0.0000000000000000000, 0.0000000000000000000, 1.000000000000000000 ) ) ;
#595 = COLOUR_RGB ( '',0.7921568627450980000, 0.8196078431372548800, 0.9333333333333333500 ) ;
#596 = ORIENTED_EDGE ( 'NONE', *, *, #1601, .F. ) ;
#597 = LINE ( 'NONE', #5579, #869 ) ;
#598 = LINE ( 'NONE', #1991, #5405 ) ;
#599 = CARTESIAN_POINT ( 'NONE',  ( -2.374975200649299900, 2.450000000000000200, -1.416741816214257100 ) ) ;
#600 = LINE ( 'NONE', #767, #525 ) ;
#601 = ORIENTED_EDGE ( 'NONE', *, *, #2494, .F. ) ;
#602 = EDGE_CURVE ( 'NONE', #4048, #4273, #5289, .T. ) ;
#603 = ORIENTED_EDGE ( 'NONE', *, *, #2280, .F. ) ;
#604 = LINE ( 'NONE', #1743, #237 ) ;
#605 = DIRECTION ( 'NONE',  ( -0.0000000000000000000, -1.000000000000000000, -0.0000000000000000000 ) ) ;
#606 = VERTEX_POINT ( 'NONE', #4946 ) ;
#607 = ORIENTED_EDGE ( 'NONE', *, *, #2539, .F. ) ;
#608 = DIRECTION ( 'NONE',  ( 0.0000000000000000000, 0.0000000000000000000, -1.000000000000000000 ) ) ;
#609 = EDGE_LOOP ( 'NONE', ( #4849, #2537, #2966, #3788 ) ) ;
#610 = LINE ( 'NONE', #1779, #1832 ) ;
#611 = CARTESIAN_POINT ( 'NONE',  ( -0.6500000000000012400, 2.449999999999999700, -2.249999999999997800 ) ) ;
#612 = FILL_AREA_STYLE_COLOUR ( '', #1185 ) ;
#613 = ORIENTED_EDGE ( 'NONE', *, *, #177, .T. ) ;
#614 = DIRECTION ( 'NONE',  ( 1.000000000000000000, -2.891205793294679300E-016, 0.0000000000000000000 ) ) ;
#615 = EDGE_CURVE ( 'NONE', #4244, #1041, #5805, .T. ) ;
#616 = ORIENTED_EDGE ( 'NONE', *, *, #2837, .T. ) ;
#617 = VECTOR ( 'NONE', #2378, 1000.000000000000000 ) ;
#618 = ADVANCED_FACE ( 'NONE', ( #2220 ), #5151, .T. ) ;
#619 = VERTEX_POINT ( 'NONE', #1295 ) ;
#620 = DIRECTION ( 'NONE',  ( -0.0000000000000000000, -0.7999999999999999300, 0.6000000000000002000 ) ) ;
#621 = PLANE ( 'NONE',  #3870 ) ;
#622 = ORIENTED_EDGE ( 'NONE', *, *, #2709, .F. ) ;
#623 = CARTESIAN_POINT ( 'NONE',  ( -2.265000000000003700, 2.449999999999999700, -2.249999999999997800 ) ) ;
#624 = ORIENTED_EDGE ( 'NONE', *, *, #2392, .F. ) ;
#625 = AXIS2_PLACEMENT_3D ( 'NONE', #644, #4067, #3577 ) ;
#626 = CARTESIAN_POINT ( 'NONE',  ( -2.650000000000000400, 0.6600000000000011400, 2.400000000000000800 ) ) ;
#627 = VERTEX_POINT ( 'NONE', #5511 ) ;
#628 = CARTESIAN_POINT ( 'NONE',  ( 4.700000000000000200, 2.349999999999997400, 3.250000000000002700 ) ) ;
#629 = ORIENTED_EDGE ( 'NONE', *, *, #4958, .T. ) ;
#630 =( LENGTH_UNIT ( ) NAMED_UNIT ( * ) SI_UNIT ( .MILLI., .METRE. ) );
#631 = CARTESIAN_POINT ( 'NONE',  ( 2.650000000000001200, 0.6600000000000000300, 2.250000000000002200 ) ) ;
#632 = LINE ( 'NONE', #723, #4988 ) ;
#633 = CARTESIAN_POINT ( 'NONE',  ( -2.700000000000002400, 2.449999999999999700, -0.8499999999999996400 ) ) ;
#634 = EDGE_CURVE ( 'NONE', #5575, #4962, #5656, .T. ) ;
#635 = DIRECTION ( 'NONE',  ( 0.3133774542039050600, 3.693092572346202800E-017, -0.9496286491027318100 ) ) ;
#636 = AXIS2_PLACEMENT_3D ( 'NONE', #204, #3146, #4135 ) ;
#637 = VERTEX_POINT ( 'NONE', #1774 ) ;
#638 = DIRECTION ( 'NONE',  ( 0.0000000000000000000, 0.0000000000000000000, -1.000000000000000000 ) ) ;
#639 = CARTESIAN_POINT ( 'NONE',  ( 0.3749999999999986100, 2.199999999999998800, -1.599999999999999900 ) ) ;
#640 = CARTESIAN_POINT ( 'NONE',  ( 1.374999999999998700, 0.9499999999999994000, 2.000000000000000900 ) ) ;
#641 = CARTESIAN_POINT ( 'NONE',  ( -1.375000000000001300, 0.9499999999999994000, 2.000000000000000900 ) ) ;
#642 = DIRECTION ( 'NONE',  ( -3.469446951953614600E-015, 1.000000000000000000, 0.0000000000000000000 ) ) ;
#643 = ADVANCED_FACE ( 'NONE', ( #5217 ), #1707, .F. ) ;
#644 = CARTESIAN_POINT ( 'NONE',  ( 0.0000000000000000000, 0.0000000000000000000, 0.0000000000000000000 ) ) ;
#645 = CARTESIAN_POINT ( 'NONE',  ( 2.265000000000003200, 0.3499999999999999800, -1.749999999999999800 ) ) ;
#646 = EDGE_CURVE ( 'NONE', #1836, #3158, #4558, .T. ) ;
#647 = SURFACE_STYLE_USAGE ( .BOTH. , #1104 ) ;
#648 = VECTOR ( 'NONE', #608, 1000.000000000000000 ) ;
#649 = CARTESIAN_POINT ( 'NONE',  ( 2.650000000000001200, 0.6600000000000000300, 2.399999999999999500 ) ) ;
#650 = VECTOR ( 'NONE', #5012, 1000.000000000000000 ) ;
#651 = EDGE_CURVE ( 'NONE', #3560, #1744, #1702, .T. ) ;
#652 = LINE ( 'NONE', #472, #2917 ) ;
#653 = DIRECTION ( 'NONE',  ( -0.0000000000000000000, -0.0000000000000000000, 1.000000000000000000 ) ) ;
#654 = DIRECTION ( 'NONE',  ( 1.000000000000000000, 1.178480622266852700E-016, 1.189252840020662600E-016 ) ) ;
#655 = DIRECTION ( 'NONE',  ( -0.0000000000000000000, 0.0000000000000000000, 1.000000000000000000 ) ) ;
#656 = EDGE_LOOP ( 'NONE', ( #3898, #752, #3187, #2772, #5273, #4137, #2789, #3552, #2050, #1907, #5989, #4170 ) ) ;
#657 = FACE_OUTER_BOUND ( 'NONE', #3311, .T. ) ;
#658 = CARTESIAN_POINT ( 'NONE',  ( -2.735000000000001200, 0.2500000000000001100, -1.749999999999999800 ) ) ;
#659 = ORIENTED_EDGE ( 'NONE', *, *, #5219, .T. ) ;
#660 = VECTOR ( 'NONE', #5866, 1000.000000000000000 ) ;
#661 = PLANE ( 'NONE',  #1861 ) ;
#662 = FILL_AREA_STYLE ('',( #5804 ) ) ;
#663 = DIRECTION ( 'NONE',  ( 0.0000000000000000000, 1.000000000000000000, 0.0000000000000000000 ) ) ;
#664 = VECTOR ( 'NONE', #4364, 1000.000000000000000 ) ;
#665 = ORIENTED_EDGE ( 'NONE', *, *, #784, .F. ) ;
#666 = VECTOR ( 'NONE', #371, 1000.000000000000000 ) ;
#667 = CARTESIAN_POINT ( 'NONE',  ( -1.650000000000000400, 0.0000000000000000000, -1.749999999999999800 ) ) ;
#668 = CARTESIAN_POINT ( 'NONE',  ( 0.3749999999999986100, 0.3899999999999999600, -1.599999999999999900 ) ) ;
#669 = VECTOR ( 'NONE', #2170, 1000.000000000000000 ) ;
#670 = ORIENTED_EDGE ( 'NONE', *, *, #3712, .F. ) ;
#671 = ORIENTED_EDGE ( 'NONE', *, *, #295, .F. ) ;
#672 = VECTOR ( 'NONE', #4053, 1000.000000000000000 ) ;
#673 = ORIENTED_EDGE ( 'NONE', *, *, #5489, .T. ) ;
#674 = ORIENTED_EDGE ( 'NONE', *, *, #1121, .F. ) ;
#675 = ADVANCED_FACE ( 'NONE', ( #3494 ), #2287, .F. ) ;
#676 = VECTOR ( 'NONE', #2625, 1000.000000000000000 ) ;
#677 = VECTOR ( 'NONE', #1156, 1000.000000000000000 ) ;
#678 = CARTESIAN_POINT ( 'NONE',  ( -2.500000000000002200, 0.6600000000000000300, 2.250000000000002200 ) ) ;
#679 = PLANE ( 'NONE',  #5664 ) ;
#680 = ORIENTED_EDGE ( 'NONE', *, *, #811, .F. ) ;
#681 = LINE ( 'NONE', #1067, #172 ) ;
#682 = VERTEX_POINT ( 'NONE', #2349 ) ;
#683 = DIRECTION ( 'NONE',  ( -5.981805089575208000E-015, 1.000000000000000000, 0.0000000000000000000 ) ) ;
#684 = VERTEX_POINT ( 'NONE', #501 ) ;
#685 = VERTEX_POINT ( 'NONE', #2302 ) ;
#686 = VECTOR ( 'NONE', #1233, 1000.000000000000000 ) ;
#687 = EDGE_CURVE ( 'NONE', #2427, #5631, #2973, .T. ) ;
#688 = DIRECTION ( 'NONE',  ( -0.0000000000000000000, -0.7999999999999999300, 0.6000000000000002000 ) ) ;
#689 = LINE ( 'NONE', #2237, #4899 ) ;
#690 = ORIENTED_EDGE ( 'NONE', *, *, #602, .F. ) ;
#691 = VERTEX_POINT ( 'NONE', #3250 ) ;
#692 = DIRECTION ( 'NONE',  ( -0.0000000000000000000, 4.336808689942017700E-016, -1.000000000000000000 ) ) ;
#693 = FILL_AREA_STYLE_COLOUR ( '', #2954 ) ;
#694 = EDGE_CURVE ( 'NONE', #5790, #3472, #2815, .T. ) ;
#695 = ORIENTED_EDGE ( 'NONE', *, *, #5597, .T. ) ;
#696 = ORIENTED_EDGE ( 'NONE', *, *, #2002, .F. ) ;
#697 = EDGE_CURVE ( 'NONE', #1817, #4048, #830, .T. ) ;
#698 = LINE ( 'NONE', #5327, #272 ) ;
#699 = PLANE ( 'NONE',  #704 ) ;
#700 = PLANE ( 'NONE',  #5818 ) ;
#701 = CARTESIAN_POINT ( 'NONE',  ( -2.650000000000003000, 1.449999999999999500, 3.189999999999997300 ) ) ;
#702 = DIRECTION ( 'NONE',  ( -0.3133774542039052300, -5.883368253780889900E-016, -0.9496286491027317000 ) ) ;
#703 = CARTESIAN_POINT ( 'NONE',  ( 0.3749999999999986100, 0.2999999999999999900, -3.249999999999999600 ) ) ;
#704 = AXIS2_PLACEMENT_3D ( 'NONE', #5339, #1154, #3942 ) ;
#705 = DIRECTION ( 'NONE',  ( 0.0000000000000000000, 1.000000000000000000, 0.0000000000000000000 ) ) ;
#706 = CARTESIAN_POINT ( 'NONE',  ( 2.300000000000002000, 0.0000000000000000000, -2.400000000000000800 ) ) ;
#707 = DIRECTION ( 'NONE',  ( -1.000000000000000000, -0.0000000000000000000, -0.0000000000000000000 ) ) ;
#708 = MANIFOLD_SOLID_BREP ( 'LPattern3[1]', #4426 ) ;
#709 = AXIS2_PLACEMENT_3D ( 'NONE', #4435, #2160, #2148 ) ;
#710 = EDGE_CURVE ( 'NONE', #5614, #2120, #2186, .T. ) ;
#711 = PLANE ( 'NONE',  #462 ) ;
#712 = VERTEX_POINT ( 'NONE', #4207 ) ;
#713 = DIRECTION ( 'NONE',  ( 0.9578262852211509900, 0.0000000000000000000, 0.2873478855663468800 ) ) ;
#714 = CARTESIAN_POINT ( 'NONE',  ( -2.650000000000001200, 0.6600000000000000300, 2.399999999999999500 ) ) ;
#715 = PLANE ( 'NONE',  #2529 ) ;
#716 = VECTOR ( 'NONE', #874, 1000.000000000000000 ) ;
#717 = EDGE_CURVE ( 'NONE', #4710, #5214, #2646, .T. ) ;
#718 = VECTOR ( 'NONE', #3113, 1000.000000000000000 ) ;
#719 = DIRECTION ( 'NONE',  ( 1.000000000000000000, -0.0000000000000000000, -0.0000000000000000000 ) ) ;
#720 = VERTEX_POINT ( 'NONE', #4641 ) ;
#721 = VECTOR ( 'NONE', #2977, 1000.000000000000000 ) ;
#722 = DIRECTION ( 'NONE',  ( 1.000000000000000000, 0.0000000000000000000, -0.0000000000000000000 ) ) ;
#723 = CARTESIAN_POINT ( 'NONE',  ( 4.299999999999999800, 0.2500000000000002800, 2.050000000000002500 ) ) ;
#724 = ADVANCED_FACE ( 'NONE', ( #325 ), #1353, .F. ) ;
#725 = LINE ( 'NONE', #4441, #2248 ) ;
#726 = DIRECTION ( 'NONE',  ( 1.000000000000000000, 0.0000000000000000000, 0.0000000000000000000 ) ) ;
#727 = CARTESIAN_POINT ( 'NONE',  ( 4.300000000000001600, 2.449999999999999700, 2.049999999999999400 ) ) ;
#728 = ORIENTED_EDGE ( 'NONE', *, *, #4436, .T. ) ;
#729 = VECTOR ( 'NONE', #1442, 1000.000000000000000 ) ;
#730 = VECTOR ( 'NONE', #833, 1000.000000000000000 ) ;
#731 = EDGE_LOOP ( 'NONE', ( #5374, #2730, #1029, #3667 ) ) ;
#732 = ORIENTED_EDGE ( 'NONE', *, *, #4360, .F. ) ;
#733 = CARTESIAN_POINT ( 'NONE',  ( -1.375000000000001300, 1.219584054212075700, 1.797811959340943600 ) ) ;
#734 = ORIENTED_EDGE ( 'NONE', *, *, #3827, .T. ) ;
#735 = LINE ( 'NONE', #1426, #4952 ) ;
#736 = CARTESIAN_POINT ( 'NONE',  ( 4.299999999999998000, 2.449999999999999700, -2.249999999999997800 ) ) ;
#737 = AXIS2_PLACEMENT_3D ( 'NONE', #2805, #911, #2320 ) ;
#738 = LINE ( 'NONE', #1865, #449 ) ;
#739 = AXIS2_PLACEMENT_3D ( 'NONE', #2964, #3934, #4397 ) ;
#740 = LINE ( 'NONE', #5003, #5338 ) ;
#741 = ORIENTED_EDGE ( 'NONE', *, *, #4924, .F. ) ;
#742 = CARTESIAN_POINT ( 'NONE',  ( 4.099999999999999600, 0.5000000000000000000, 2.050000000000002500 ) ) ;
#743 = FACE_OUTER_BOUND ( 'NONE', #3135, .T. ) ;
#744 = VERTEX_POINT ( 'NONE', #5127 ) ;
#745 = ORIENTED_EDGE ( 'NONE', *, *, #3508, .T. ) ;
#746 = ORIENTED_EDGE ( 'NONE', *, *, #2228, .T. ) ;
#747 = FACE_OUTER_BOUND ( 'NONE', #4319, .T. ) ;
#748 = LINE ( 'NONE', #4072, #1765 ) ;
#749 = ORIENTED_EDGE ( 'NONE', *, *, #2002, .T. ) ;
#750 = ORIENTED_EDGE ( 'NONE', *, *, #4586, .T. ) ;
#751 = FACE_OUTER_BOUND ( 'NONE', #4429, .T. ) ;
#752 = ORIENTED_EDGE ( 'NONE', *, *, #5492, .F. ) ;
#753 = EDGE_CURVE ( 'NONE', #1759, #168, #5052, .T. ) ;
#754 = EDGE_CURVE ( 'NONE', #3853, #2653, #2719, .T. ) ;
#755 = VERTEX_POINT ( 'NONE', #4585 ) ;
#756 = ADVANCED_FACE ( 'NONE', ( #5993 ), #5523, .F. ) ;
#757 = DIRECTION ( 'NONE',  ( 1.000000000000000000, 0.0000000000000000000, -0.0000000000000000000 ) ) ;
#758 = ORIENTED_EDGE ( 'NONE', *, *, #944, .T. ) ;
#759 = DIRECTION ( 'NONE',  ( 0.0000000000000000000, 0.0000000000000000000, 1.000000000000000000 ) ) ;
#760 = ORIENTED_EDGE ( 'NONE', *, *, #4924, .T. ) ;
#761 = EDGE_CURVE ( 'NONE', #2958, #1848, #3248, .T. ) ;
#762 = FACE_OUTER_BOUND ( 'NONE', #4095, .T. ) ;
#763 = AXIS2_PLACEMENT_3D ( 'NONE', #2088, #4034, #3582 ) ;
#764 = DIRECTION ( 'NONE',  ( 0.0000000000000000000, 0.0000000000000000000, -1.000000000000000000 ) ) ;
#765 = PLANE ( 'NONE',  #1739 ) ;
#766 = DIRECTION ( 'NONE',  ( -0.0000000000000000000, -1.000000000000000000, -0.0000000000000000000 ) ) ;
#767 = CARTESIAN_POINT ( 'NONE',  ( -1.625000000000001300, 0.3900000000000000100, -2.249999999999999100 ) ) ;
#768 = ORIENTED_EDGE ( 'NONE', *, *, #4798, .T. ) ;
#769 = CARTESIAN_POINT ( 'NONE',  ( -3.350000000000000500, 0.6600000000000000300, 2.050000000000002500 ) ) ;
#770 = ORIENTED_EDGE ( 'NONE', *, *, #2043, .F. ) ;
#771 = DIRECTION ( 'NONE',  ( -1.000000000000000000, -3.469446951953515100E-014, 0.0000000000000000000 ) ) ;
#772 = CARTESIAN_POINT ( 'NONE',  ( -0.6250000000000014400, 0.3900000000000000100, -2.249999999999999100 ) ) ;
#773 = ADVANCED_FACE ( 'NONE', ( #4753 ), #1925, .F. ) ;
#774 = VECTOR ( 'NONE', #1860, 1000.000000000000000 ) ;
#775 = CARTESIAN_POINT ( 'NONE',  ( -2.300000000000002000, 0.0000000000000000000, 1.100000000000000800 ) ) ;
#776 = DIRECTION ( 'NONE',  ( 0.0000000000000000000, 1.000000000000000000, 0.0000000000000000000 ) ) ;
#777 = DIRECTION ( 'NONE',  ( -1.000000000000000000, 0.0000000000000000000, -0.0000000000000000000 ) ) ;
#778 = ORIENTED_EDGE ( 'NONE', *, *, #3199, .F. ) ;
#779 = EDGE_CURVE ( 'NONE', #1405, #4855, #3550, .T. ) ;
#780 = LINE ( 'NONE', #821, #650 ) ;
#781 = FACE_OUTER_BOUND ( 'NONE', #5227, .T. ) ;
#782 = CARTESIAN_POINT ( 'NONE',  ( -1.375000000000001300, 0.2999999999999998200, -2.550000000000001200 ) ) ;
#783 = LINE ( 'NONE', #1835, #5455 ) ;
#784 = EDGE_CURVE ( 'NONE', #5636, #2641, #103, .T. ) ;
#785 = CARTESIAN_POINT ( 'NONE',  ( -2.735000000000001200, -1.200000000000000000E-005, -0.8499999999999997600 ) ) ;
#786 = DIRECTION ( 'NONE',  ( -0.0000000000000000000, -1.000000000000000000, -0.0000000000000000000 ) ) ;
#787 = ORIENTED_EDGE ( 'NONE', *, *, #994, .T. ) ;
#788 = EDGE_CURVE ( 'NONE', #3703, #2259, #4113, .T. ) ;
#789 = DIRECTION ( 'NONE',  ( -0.0000000000000000000, 1.000000000000000000, -0.0000000000000000000 ) ) ;
#790 = VECTOR ( 'NONE', #4549, 1000.000000000000000 ) ;
#791 = EDGE_LOOP ( 'NONE', ( #5488, #4470, #5476, #1050 ) ) ;
#792 = CARTESIAN_POINT ( 'NONE',  ( -2.700000000000002400, 0.2500000000000043900, 1.450000000000000800 ) ) ;
#793 = VERTEX_POINT ( 'NONE', #5731 ) ;
#794 = VECTOR ( 'NONE', #2794, 1000.000000000000000 ) ;
#795 = VERTEX_POINT ( 'NONE', #5801 ) ;
#796 = VECTOR ( 'NONE', #1554, 1000.000000000000000 ) ;
#797 = DIRECTION ( 'NONE',  ( -0.0000000000000000000, 0.0000000000000000000, 1.000000000000000000 ) ) ;
#798 = EDGE_CURVE ( 'NONE', #1615, #5331, #3829, .T. ) ;
#799 = ORIENTED_EDGE ( 'NONE', *, *, #1634, .F. ) ;
#800 = FACE_OUTER_BOUND ( 'NONE', #5428, .T. ) ;
#801 = ORIENTED_EDGE ( 'NONE', *, *, #3851, .T. ) ;
#802 = ORIENTED_EDGE ( 'NONE', *, *, #4546, .F. ) ;
#803 = VECTOR ( 'NONE', #5313, 1000.000000000000000 ) ;
#804 = CARTESIAN_POINT ( 'NONE',  ( -0.8000000000000012700, 2.449999999999998800, -2.250000000000000000 ) ) ;
#805 = VECTOR ( 'NONE', #2563, 1000.000000000000000 ) ;
#806 = VECTOR ( 'NONE', #859, 1000.000000000000000 ) ;
#807 = ORIENTED_EDGE ( 'NONE', *, *, #2085, .T. ) ;
#808 = DIRECTION ( 'NONE',  ( 1.000000000000000000, 0.0000000000000000000, -0.0000000000000000000 ) ) ;
#809 = SURFACE_SIDE_STYLE ('',( #4016 ) ) ;
#810 = LINE ( 'NONE', #2910, #3974 ) ;
#811 = EDGE_CURVE ( 'NONE', #5587, #474, #4607, .T. ) ;
#812 = VERTEX_POINT ( 'NONE', #3917 ) ;
#813 = EDGE_LOOP ( 'NONE', ( #2569, #1746, #5282, #98 ) ) ;
#814 = ORIENTED_EDGE ( 'NONE', *, *, #2471, .F. ) ;
#815 = ORIENTED_EDGE ( 'NONE', *, *, #1419, .F. ) ;
#816 = VECTOR ( 'NONE', #1265, 1000.000000000000000 ) ;
#817 = DIRECTION ( 'NONE',  ( -0.2873478855663468300, 5.934156224574238800E-016, 0.9578262852211509900 ) ) ;
#818 = PLANE ( 'NONE',  #1075 ) ;
#819 = PRESENTATION_STYLE_ASSIGNMENT (( #3958 ) ) ;
#820 = ORIENTED_EDGE ( 'NONE', *, *, #4149, .F. ) ;
#821 = CARTESIAN_POINT ( 'NONE',  ( -2.300000000000002000, 0.2500000000000046600, -0.8500000000000000900 ) ) ;
#822 = ADVANCED_FACE ( 'NONE', ( #4472 ), #661, .F. ) ;
#823 = ORIENTED_EDGE ( 'NONE', *, *, #4554, .T. ) ;
#824 = ORIENTED_EDGE ( 'NONE', *, *, #5800, .F. ) ;
#825 = CARTESIAN_POINT ( 'NONE',  ( -2.300000000000002000, 0.0000000000000000000, -2.400000000000000800 ) ) ;
#826 = DIRECTION ( 'NONE',  ( -0.0000000000000000000, 1.000000000000000000, -0.0000000000000000000 ) ) ;
#827 = CARTESIAN_POINT ( 'NONE',  ( 0.6249999999999985600, 2.199999999999998800, -1.599999999999999900 ) ) ;
#828 = EDGE_LOOP ( 'NONE', ( #4177, #4327, #4392, #1671 ) ) ;
#829 = EDGE_CURVE ( 'NONE', #5614, #1817, #5415, .T. ) ;
#830 = LINE ( 'NONE', #4628, #5360 ) ;
#831 = EDGE_CURVE ( 'NONE', #3145, #5826, #5491, .T. ) ;
#832 = DIRECTION ( 'NONE',  ( 0.0000000000000000000, 1.000000000000000000, 0.0000000000000000000 ) ) ;
#833 = DIRECTION ( 'NONE',  ( -0.0000000000000000000, -0.0000000000000000000, -1.000000000000000000 ) ) ;
#834 = CARTESIAN_POINT ( 'NONE',  ( -3.350000000000000500, 0.6600000000000000300, 2.050000000000002500 ) ) ;
#835 = CARTESIAN_POINT ( 'NONE',  ( -0.6500000000000003600, 0.3499999999999999800, -1.749999999999999800 ) ) ;
#836 = DIRECTION ( 'NONE',  ( 0.0000000000000000000, 0.0000000000000000000, -1.000000000000000000 ) ) ;
#837 = EDGE_CURVE ( 'NONE', #3177, #5767, #5125, .T. ) ;
#838 = DIRECTION ( 'NONE',  ( 0.0000000000000000000, -1.000000000000000000, 0.0000000000000000000 ) ) ;
#839 = ORIENTED_EDGE ( 'NONE', *, *, #3784, .T. ) ;
#840 = DIRECTION ( 'NONE',  ( -0.0000000000000000000, 6.195440985631449400E-016, 1.000000000000000000 ) ) ;
#841 = CARTESIAN_POINT ( 'NONE',  ( -1.375000000000001300, 2.199999999999998800, -2.550000000000001200 ) ) ;
#842 = DIRECTION ( 'NONE',  ( 0.0000000000000000000, -2.224004456380521900E-016, 1.000000000000000000 ) ) ;
#843 = ORIENTED_EDGE ( 'NONE', *, *, #2588, .T. ) ;
#844 = ADVANCED_FACE ( 'NONE', ( #747 ), #4388, .F. ) ;
#845 = CARTESIAN_POINT ( 'NONE',  ( -1.350000000000002300, 2.449999999999999700, -2.249999999999997800 ) ) ;
#846 = AXIS2_PLACEMENT_3D ( 'NONE', #3358, #2436, #4692 ) ;
#847 = FACE_OUTER_BOUND ( 'NONE', #609, .T. ) ;
#848 = CARTESIAN_POINT ( 'NONE',  ( -2.000000000000000000, 0.2500000000000000000, 3.250000000000002700 ) ) ;
#849 = VECTOR ( 'NONE', #4320, 1000.000000000000000 ) ;
#850 = ORIENTED_EDGE ( 'NONE', *, *, #4130, .F. ) ;
#851 = FACE_OUTER_BOUND ( 'NONE', #5143, .T. ) ;
#852 = PLANE ( 'NONE',  #1866 ) ;
#853 = CARTESIAN_POINT ( 'NONE',  ( -4.300000000000001600, 2.449999999999999700, 2.049999999999999400 ) ) ;
#854 = EDGE_CURVE ( 'NONE', #5261, #343, #2950, .T. ) ;
#855 = VECTOR ( 'NONE', #4497, 1000.000000000000000 ) ;
#856 = CARTESIAN_POINT ( 'NONE',  ( -0.6250000000000014400, 2.199999999999998800, -1.599999999999999900 ) ) ;
#857 = ADVANCED_FACE ( 'NONE', ( #1681 ), #146, .F. ) ;
#858 = LINE ( 'NONE', #2951, #3007 ) ;
#859 = DIRECTION ( 'NONE',  ( -1.000000000000000000, -0.0000000000000000000, -0.0000000000000000000 ) ) ;
#860 = ORIENTED_EDGE ( 'NONE', *, *, #4359, .F. ) ;
#861 = VECTOR ( 'NONE', #2903, 1000.000000000000000 ) ;
#862 = DIRECTION ( 'NONE',  ( -0.3133774542039050600, 5.883368253780889900E-016, 0.9496286491027318100 ) ) ;
#863 = EDGE_CURVE ( 'NONE', #1666, #685, #1986, .T. ) ;
#864 = FACE_OUTER_BOUND ( 'NONE', #5101, .T. ) ;
#865 = VERTEX_POINT ( 'NONE', #5816 ) ;
#866 = VECTOR ( 'NONE', #5208, 1000.000000000000000 ) ;
#867 = EDGE_CURVE ( 'NONE', #4917, #2259, #4260, .T. ) ;
#868 = ORIENTED_EDGE ( 'NONE', *, *, #3001, .F. ) ;
#869 = VECTOR ( 'NONE', #2762, 1000.000000000000000 ) ;
#870 = CARTESIAN_POINT ( 'NONE',  ( -2.000000000000000000, 2.649999999999999900, -2.250000000000000000 ) ) ;
#871 = VECTOR ( 'NONE', #2968, 1000.000000000000000 ) ;
#872 = ORIENTED_EDGE ( 'NONE', *, *, #1887, .F. ) ;
#873 = ADVANCED_FACE ( 'NONE', ( #257 ), #5883, .F. ) ;
#874 = DIRECTION ( 'NONE',  ( -0.0000000000000000000, -0.7999999999999999300, 0.6000000000000002000 ) ) ;
#875 = LINE ( 'NONE', #3330, #2054 ) ;
#876 = EDGE_LOOP ( 'NONE', ( #1198, #2191, #1399, #5933 ) ) ;
#877 = CARTESIAN_POINT ( 'NONE',  ( -0.6500000000000003600, 2.450000000000000200, -1.599999999999999900 ) ) ;
#878 = DIRECTION ( 'NONE',  ( 0.0000000000000000000, -0.0000000000000000000, -1.000000000000000000 ) ) ;
#879 = LINE ( 'NONE', #5754, #1474 ) ;
#880 = VERTEX_POINT ( 'NONE', #1655 ) ;
#881 = ORIENTED_EDGE ( 'NONE', *, *, #831, .F. ) ;
#882 = LINE ( 'NONE', #342, #3883 ) ;
#883 = DIRECTION ( 'NONE',  ( 0.0000000000000000000, -1.000000000000000000, 0.0000000000000000000 ) ) ;
#884 = VECTOR ( 'NONE', #2032, 1000.000000000000000 ) ;
#885 = FACE_OUTER_BOUND ( 'NONE', #813, .T. ) ;
#886 = ORIENTED_EDGE ( 'NONE', *, *, #1886, .F. ) ;
#887 = ORIENTED_EDGE ( 'NONE', *, *, #3899, .T. ) ;
#888 = LINE ( 'NONE', #4784, #4045 ) ;
#889 =( NAMED_UNIT ( * ) PLANE_ANGLE_UNIT ( ) SI_UNIT ( $, .RADIAN. ) );
#890 = EDGE_CURVE ( 'NONE', #5636, #4244, #3105, .T. ) ;
#891 = CARTESIAN_POINT ( 'NONE',  ( -1.375000000000001300, 0.0000000000000000000, -3.249999999999999600 ) ) ;
#892 = AXIS2_PLACEMENT_3D ( 'NONE', #36, #460, #2770 ) ;
#893 = ORIENTED_EDGE ( 'NONE', *, *, #634, .T. ) ;
#894 = DIRECTION ( 'NONE',  ( 0.2873478855663468300, 0.0000000000000000000, 0.9578262852211508700 ) ) ;
#895 = ORIENTED_EDGE ( 'NONE', *, *, #4725, .F. ) ;
#896 = CARTESIAN_POINT ( 'NONE',  ( 2.649999999999999500, 1.449999999999999500, -0.09999999999999766000 ) ) ;
#897 = SURFACE_STYLE_USAGE ( .BOTH. , #4188 ) ;
#898 = PLANE ( 'NONE',  #2850 ) ;
#899 = VERTEX_POINT ( 'NONE', #2093 ) ;
#900 = EDGE_CURVE ( 'NONE', #2921, #162, #543, .T. ) ;
#901 = CARTESIAN_POINT ( 'NONE',  ( 0.3749999999999986100, 0.3900000000000000100, -2.249999999999999100 ) ) ;
#902 = ORIENTED_EDGE ( 'NONE', *, *, #1600, .F. ) ;
#903 =( LENGTH_UNIT ( ) NAMED_UNIT ( * ) SI_UNIT ( .MILLI., .METRE. ) );
#904 = CARTESIAN_POINT ( 'NONE',  ( -3.400000000000000400, 2.649999999999999900, 3.250000000000002700 ) ) ;
#905 = ADVANCED_FACE ( 'NONE', ( #3039 ), #4501, .F. ) ;
#906 = EDGE_CURVE ( 'NONE', #2641, #1041, #4898, .T. ) ;
#907 = CARTESIAN_POINT ( 'NONE',  ( -2.700000000000002400, 0.0000000000000000000, 1.100000000000000800 ) ) ;
#908 = CARTESIAN_POINT ( 'NONE',  ( -0.6250000000000014400, 1.219584054212075700, 1.797811959340943600 ) ) ;
#909 = ORIENTED_EDGE ( 'NONE', *, *, #1190, .F. ) ;
#910 = ORIENTED_EDGE ( 'NONE', *, *, #4734, .F. ) ;
#911 = DIRECTION ( 'NONE',  ( 0.9578262852211509900, 0.0000000000000000000, 0.2873478855663468800 ) ) ;
#912 = PLANE ( 'NONE',  #4518 ) ;
#913 = CARTESIAN_POINT ( 'NONE',  ( -2.300000000000002000, 2.250000000000000000, -1.450000000000000800 ) ) ;
#914 = ORIENTED_EDGE ( 'NONE', *, *, #177, .F. ) ;
#915 = AXIS2_PLACEMENT_3D ( 'NONE', #5367, #1126, #2574 ) ;
#916 = CARTESIAN_POINT ( 'NONE',  ( -0.6250000000000014400, 1.241695452014624800, 1.578157383516454000 ) ) ;
#917 = DIRECTION ( 'NONE',  ( -0.0000000000000000000, -0.7999999999999999300, 0.6000000000000002000 ) ) ;
#918 = CARTESIAN_POINT ( 'NONE',  ( 0.0000000000000000000, 0.3499999999999999800, 0.0000000000000000000 ) ) ;
#919 = CARTESIAN_POINT ( 'NONE',  ( -1.625000000000001300, 0.9499999999999996200, 1.250000000000000900 ) ) ;
#920 = CIRCLE ( 'NONE', #2610, 0.1499999999999999700 ) ;
#921 = AXIS2_PLACEMENT_3D ( 'NONE', #3586, #2193, #2622 ) ;
#922 = CARTESIAN_POINT ( 'NONE',  ( -2.700000000000002400, 2.649999999999999900, -1.450000000000000800 ) ) ;
#923 = EDGE_CURVE ( 'NONE', #3403, #324, #2423, .T. ) ;
#924 =( GEOMETRIC_REPRESENTATION_CONTEXT ( 3 ) GLOBAL_UNCERTAINTY_ASSIGNED_CONTEXT ( ( #3446 ) ) GLOBAL_UNIT_ASSIGNED_CONTEXT ( ( #2981, #3455, #3921 ) ) REPRESENTATION_CONTEXT ( 'NONE', 'WORKASPACE' ) );
#925 = DIRECTION ( 'NONE',  ( 1.000000000000000000, 0.0000000000000000000, -0.0000000000000000000 ) ) ;
#926 = CARTESIAN_POINT ( 'NONE',  ( 1.624999999999998700, 0.9499999999999996200, 1.250000000000000900 ) ) ;
#927 = DIRECTION ( 'NONE',  ( 0.0000000000000000000, 0.0000000000000000000, 1.000000000000000000 ) ) ;
#928 = VECTOR ( 'NONE', #5505, 1000.000000000000000 ) ;
#929 = EDGE_LOOP ( 'NONE', ( #165, #5554, #2484, #1235 ) ) ;
#930 = DIRECTION ( 'NONE',  ( 0.9578262852211509900, 0.0000000000000000000, 0.2873478855663468800 ) ) ;
#931 = LINE ( 'NONE', #5555, #1654 ) ;
#932 = CARTESIAN_POINT ( 'NONE',  ( 3.350000000000000500, 0.6600000000000000300, 2.050000000000002500 ) ) ;
#933 = CARTESIAN_POINT ( 'NONE',  ( -4.899999999999999500, 2.700000000000000200, 2.049999999999999800 ) ) ;
#934 = ADVANCED_FACE ( 'NONE', ( #2792 ), #5830, .T. ) ;
#935 = VECTOR ( 'NONE', #2806, 1000.000000000000000 ) ;
#936 = PLANE ( 'NONE',  #3579 ) ;
#937 = VERTEX_POINT ( 'NONE', #5423 ) ;
#938 = CARTESIAN_POINT ( 'NONE',  ( 2.300000000000002000, 2.250000000000000000, -1.450000000000000800 ) ) ;
#939 = LINE ( 'NONE', #4998, #5829 ) ;
#940 = VECTOR ( 'NONE', #3215, 1000.000000000000000 ) ;
#941 = VERTEX_POINT ( 'NONE', #3615 ) ;
#942 = DIRECTION ( 'NONE',  ( -0.0000000000000000000, 0.0000000000000000000, 1.000000000000000000 ) ) ;
#943 = EDGE_CURVE ( 'NONE', #1969, #1902, #3687, .T. ) ;
#944 = EDGE_CURVE ( 'NONE', #5790, #4635, #1763, .T. ) ;
#945 = ORIENTED_EDGE ( 'NONE', *, *, #2159, .T. ) ;
#946 = LINE ( 'NONE', #1808, #1899 ) ;
#947 = LINE ( 'NONE', #5840, #5766 ) ;
#948 = ORIENTED_EDGE ( 'NONE', *, *, #1430, .F. ) ;
#949 = LINE ( 'NONE', #4883, #4027 ) ;
#950 = ORIENTED_EDGE ( 'NONE', *, *, #3126, .T. ) ;
#951 = CARTESIAN_POINT ( 'NONE',  ( 4.299999999999999800, 0.2500000000000002800, 3.250000000000002700 ) ) ;
#952 = ORIENTED_EDGE ( 'NONE', *, *, #3313, .F. ) ;
#953 = DIRECTION ( 'NONE',  ( -0.2873478855663468300, -0.0000000000000000000, 0.9578262852211508700 ) ) ;
#954 = PLANE ( 'NONE',  #3062 ) ;
#955 = LINE ( 'NONE', #5510, #3816 ) ;
#956 = VERTEX_POINT ( 'NONE', #2657 ) ;
#957 = VERTEX_POINT ( 'NONE', #3592 ) ;
#958 = VECTOR ( 'NONE', #4907, 1000.000000000000000 ) ;
#959 = VECTOR ( 'NONE', #1546, 1000.000000000000000 ) ;
#960 = EDGE_CURVE ( 'NONE', #1599, #4630, #4038, .T. ) ;
#961 = CARTESIAN_POINT ( 'NONE',  ( -1.625000000000001300, 1.129584054212076700, 1.677811959340942800 ) ) ;
#962 = FACE_OUTER_BOUND ( 'NONE', #3109, .T. ) ;
#963 = ORIENTED_EDGE ( 'NONE', *, *, #5653, .F. ) ;
#964 = AXIS2_PLACEMENT_3D ( 'NONE', #4872, #655, #1580 ) ;
#965 = DIRECTION ( 'NONE',  ( -1.000000000000000000, -0.0000000000000000000, -0.0000000000000000000 ) ) ;
#966 = LINE ( 'NONE', #2847, #3032 ) ;
#967 = CARTESIAN_POINT ( 'NONE',  ( -4.099999999999999600, 0.3600000000000000400, 3.250000000000002700 ) ) ;
#968 = VERTEX_POINT ( 'NONE', #5379 ) ;
#969 = DIRECTION ( 'NONE',  ( 0.0000000000000000000, -1.000000000000000000, -2.323290369611800400E-016 ) ) ;
#970 = ORIENTED_EDGE ( 'NONE', *, *, #4697, .T. ) ;
#971 = ORIENTED_EDGE ( 'NONE', *, *, #3590, .T. ) ;
#972 = LINE ( 'NONE', #775, #5792 ) ;
#973 = CARTESIAN_POINT ( 'NONE',  ( 2.265000000000003200, 2.450000000000000200, -1.749999999999999800 ) ) ;
#974 = CARTESIAN_POINT ( 'NONE',  ( 2.000000000000000000, 0.2500000000000000000, 3.250000000000002700 ) ) ;
#975 = VERTEX_POINT ( 'NONE', #4446 ) ;
#976 = CARTESIAN_POINT ( 'NONE',  ( 2.265000000000003200, 0.2500000000000000600, -2.250000000000000000 ) ) ;
#977 = DIRECTION ( 'NONE',  ( 0.0000000000000000000, -0.0000000000000000000, 1.000000000000000000 ) ) ;
#978 = EDGE_LOOP ( 'NONE', ( #5277, #2997, #180, #4595 ) ) ;
#979 = ADVANCED_FACE ( 'NONE', ( #3900 ), #2155, .T. ) ;
#980 = EDGE_LOOP ( 'NONE', ( #3769, #338, #2735, #950 ) ) ;
#981 = DIRECTION ( 'NONE',  ( -0.0000000000000000000, 0.0000000000000000000, -1.000000000000000000 ) ) ;
#982 = CARTESIAN_POINT ( 'NONE',  ( 2.300000000000002000, 2.250000000000000000, -1.450000000000000800 ) ) ;
#983 = ORIENTED_EDGE ( 'NONE', *, *, #1840, .F. ) ;
#984 = VECTOR ( 'NONE', #4057, 1000.000000000000000 ) ;
#985 = PLANE ( 'NONE',  #1481 ) ;
#986 = CARTESIAN_POINT ( 'NONE',  ( -2.700000000000002400, 0.0000000000000000000, 0.0000000000000000000 ) ) ;
#987 = DIRECTION ( 'NONE',  ( 0.0000000000000000000, -8.340016711426968800E-017, 1.000000000000000000 ) ) ;
#988 = DIRECTION ( 'NONE',  ( -1.000000000000000000, -0.0000000000000000000, 0.0000000000000000000 ) ) ;
#989 = EDGE_CURVE ( 'NONE', #4246, #1401, #4407, .T. ) ;
#990 = APPLICATION_CONTEXT ( 'automotive_design' ) ;
#991 = CARTESIAN_POINT ( 'NONE',  ( -0.3750000000000014400, 0.3900000000000000100, -2.249999999999999100 ) ) ;
#992 = PLANE ( 'NONE',  #4676 ) ;
#993 = CARTESIAN_POINT ( 'NONE',  ( 2.265000000000003200, 2.700000000000001500, -1.750000000000000400 ) ) ;
#994 = EDGE_CURVE ( 'NONE', #3214, #3641, #5348, .T. ) ;
#995 = PLANE ( 'NONE',  #5882 ) ;
#996 = DIRECTION ( 'NONE',  ( -1.000000000000000000, -0.0000000000000000000, -0.0000000000000000000 ) ) ;
#997 = EDGE_CURVE ( 'NONE', #2585, #5767, #3183, .T. ) ;
#998 = VERTEX_POINT ( 'NONE', #5516 ) ;
#999 = DIRECTION ( 'NONE',  ( 0.0000000000000000000, 0.0000000000000000000, 1.000000000000000000 ) ) ;
#1000 = ADVANCED_FACE ( 'NONE', ( #389 ), #356, .F. ) ;
#1001 = CARTESIAN_POINT ( 'NONE',  ( -1.375000000000001300, 1.129584054212076700, 1.677811959340942800 ) ) ;
#1002 = AXIS2_PLACEMENT_3D ( 'NONE', #1802, #3203, #5078 ) ;
#1003 = DIRECTION ( 'NONE',  ( 0.0000000000000000000, 0.0000000000000000000, 1.000000000000000000 ) ) ;
#1004 = FACE_OUTER_BOUND ( 'NONE', #4885, .T. ) ;
#1005 = CARTESIAN_POINT ( 'NONE',  ( -1.350000000000002300, 2.449999999999999300, -1.749999999999999800 ) ) ;
#1006 = VECTOR ( 'NONE', #1499, 1000.000000000000000 ) ;
#1007 = ORIENTED_EDGE ( 'NONE', *, *, #1720, .F. ) ;
#1008 = AXIS2_PLACEMENT_3D ( 'NONE', #1170, #5889, #1689 ) ;
#1009 = EDGE_CURVE ( 'NONE', #3158, #5919, #3822, .T. ) ;
#1010 = VECTOR ( 'NONE', #1943, 1000.000000000000000 ) ;
#1011 = AXIS2_PLACEMENT_3D ( 'NONE', #5187, #4229, #45 ) ;
#1012 = LINE ( 'NONE', #1596, #660 ) ;
#1013 = CARTESIAN_POINT ( 'NONE',  ( -4.899999999999999500, 0.5000000000000000000, 2.049999999999999800 ) ) ;
#1014 = CARTESIAN_POINT ( 'NONE',  ( -2.700000000000002400, 0.2999999999999999900, -2.400000000000000800 ) ) ;
#1015 = FACE_OUTER_BOUND ( 'NONE', #5686, .T. ) ;
#1016 = VERTEX_POINT ( 'NONE', #2631 ) ;
#1017 = VECTOR ( 'NONE', #119, 1000.000000000000100 ) ;
#1018 = DIRECTION ( 'NONE',  ( -1.000000000000000000, -0.0000000000000000000, -0.0000000000000000000 ) ) ;
#1019 = DIRECTION ( 'NONE',  ( 1.000000000000000000, -0.0000000000000000000, -0.0000000000000000000 ) ) ;
#1020 = CARTESIAN_POINT ( 'NONE',  ( -2.650000000000000400, 0.6600000000000023600, 2.050000000000002500 ) ) ;
#1021 = CARTESIAN_POINT ( 'NONE',  ( -3.400000000000000400, 2.649999999999999900, 2.049999999999999400 ) ) ;
#1022 = ORIENTED_EDGE ( 'NONE', *, *, #5386, .F. ) ;
#1023 = VECTOR ( 'NONE', #3773, 1000.000000000000000 ) ;
#1024 = VERTEX_POINT ( 'NONE', #3661 ) ;
#1025 = CARTESIAN_POINT ( 'NONE',  ( -0.3750000000000014400, 1.241695452014624800, 1.578157383516454000 ) ) ;
#1026 = EDGE_LOOP ( 'NONE', ( #5408, #2275, #4328, #5174, #2710, #2038 ) ) ;
#1027 = VECTOR ( 'NONE', #434, 1000.000000000000000 ) ;
#1028 = CYLINDRICAL_SURFACE ( 'NONE', #5952, 0.1999999999999996500 ) ;
#1029 = ORIENTED_EDGE ( 'NONE', *, *, #3238, .F. ) ;
#1030 = DIRECTION ( 'NONE',  ( 1.000000000000000000, 0.0000000000000000000, 0.0000000000000000000 ) ) ;
#1031 = DIRECTION ( 'NONE',  ( 0.0000000000000000000, -0.0000000000000000000, 1.000000000000000000 ) ) ;
#1032 = EDGE_CURVE ( 'NONE', #1666, #2000, #4745, .T. ) ;
#1033 = SURFACE_STYLE_FILL_AREA ( #662 ) ;
#1034 = ORIENTED_EDGE ( 'NONE', *, *, #2965, .F. ) ;
#1035 = LINE ( 'NONE', #2375, #4601 ) ;
#1036 = ORIENTED_EDGE ( 'NONE', *, *, #2070, .T. ) ;
#1037 = VERTEX_POINT ( 'NONE', #1716 ) ;
#1038 = ADVANCED_FACE ( 'NONE', ( #5194 ), #4128, .F. ) ;
#1039 = LINE ( 'NONE', #2668, #5553 ) ;
#1040 = ORIENTED_EDGE ( 'NONE', *, *, #330, .F. ) ;
#1041 = VERTEX_POINT ( 'NONE', #1276 ) ;
#1042 = VECTOR ( 'NONE', #2993, 1000.000000000000000 ) ;
#1043 = LINE ( 'NONE', #4132, #1684 ) ;
#1044 = VERTEX_POINT ( 'NONE', #5076 ) ;
#1045 = ORIENTED_EDGE ( 'NONE', *, *, #5372, .T. ) ;
#1046 = VECTOR ( 'NONE', #2731, 1000.000000000000000 ) ;
#1047 = CARTESIAN_POINT ( 'NONE',  ( -2.500000000000002200, 0.6600000000000000300, 2.250000000000002200 ) ) ;
#1048 = CARTESIAN_POINT ( 'NONE',  ( -0.3750000000000014400, 2.199999999999998800, -2.249999999999999100 ) ) ;
#1049 = CARTESIAN_POINT ( 'NONE',  ( -0.6250000000000014400, 1.241695452014624800, 1.578157383516454000 ) ) ;
#1050 = ORIENTED_EDGE ( 'NONE', *, *, #1886, .T. ) ;
#1051 = CARTESIAN_POINT ( 'NONE',  ( 2.735000000000001200, -1.200000000000000000E-005, -0.8500000000000004200 ) ) ;
#1052 = DIRECTION ( 'NONE',  ( 0.0000000000000000000, -0.7474093186836594500, 0.6643638388299201200 ) ) ;
#1053 = ORIENTED_EDGE ( 'NONE', *, *, #219, .T. ) ;
#1054 = CARTESIAN_POINT ( 'NONE',  ( -1.375000000000001300, 0.2999999999999999900, -3.249999999999999600 ) ) ;
#1055 = DIRECTION ( 'NONE',  ( 0.0000000000000000000, -1.000000000000000000, -0.0000000000000000000 ) ) ;
#1056 = AXIS2_PLACEMENT_3D ( 'NONE', #5803, #2082, #4521 ) ;
#1057 = EDGE_LOOP ( 'NONE', ( #1597, #2111, #4176, #5849 ) ) ;
#1058 = ORIENTED_EDGE ( 'NONE', *, *, #6010, .T. ) ;
#1059 = DIRECTION ( 'NONE',  ( -1.000000000000000000, -0.0000000000000000000, -0.0000000000000000000 ) ) ;
#1060 = CARTESIAN_POINT ( 'NONE',  ( -0.3750000000000014400, 2.199999999999998800, -2.550000000000001200 ) ) ;
#1061 = DIRECTION ( 'NONE',  ( 0.0000000000000000000, 0.0000000000000000000, -1.000000000000000000 ) ) ;
#1062 = DIRECTION ( 'NONE',  ( -0.0000000000000000000, -0.7999999999999999300, 0.6000000000000002000 ) ) ;
#1063 = ADVANCED_FACE ( 'NONE', ( #3969 ), #5027, .F. ) ;
#1064 = EDGE_CURVE ( 'NONE', #3305, #3977, #5984, .T. ) ;
#1065 = CARTESIAN_POINT ( 'NONE',  ( 1.649999999999997900, 0.3499999999999999800, -1.749999999999999800 ) ) ;
#1066 = EDGE_CURVE ( 'NONE', #5528, #3083, #4675, .T. ) ;
#1067 = CARTESIAN_POINT ( 'NONE',  ( -2.500000000000002200, 0.5249999999999999100, 2.250000000000002200 ) ) ;
#1068 = DIRECTION ( 'NONE',  ( 0.0000000000000000000, -1.000000000000000000, 0.0000000000000000000 ) ) ;
#1069 = CARTESIAN_POINT ( 'NONE',  ( -1.375000000000001300, 0.3899999999999999600, -1.599999999999999900 ) ) ;
#1070 = ORIENTED_EDGE ( 'NONE', *, *, #3155, .T. ) ;
#1071 = EDGE_CURVE ( 'NONE', #1609, #937, #2559, .T. ) ;
#1072 = DIRECTION ( 'NONE',  ( -1.000000000000000000, -0.0000000000000000000, 0.0000000000000000000 ) ) ;
#1073 = DIRECTION ( 'NONE',  ( -0.0000000000000000000, -0.0000000000000000000, -1.000000000000000000 ) ) ;
#1074 = DIRECTION ( 'NONE',  ( -0.0000000000000000000, 1.000000000000000000, -0.0000000000000000000 ) ) ;
#1075 = AXIS2_PLACEMENT_3D ( 'NONE', #5912, #4556, #3168 ) ;
#1076 = LINE ( 'NONE', #4507, #6027 ) ;
#1077 = CARTESIAN_POINT ( 'NONE',  ( 0.3749999999999986100, 0.0000000000000000000, -2.249999999999999600 ) ) ;
#1078 = VECTOR ( 'NONE', #2469, 1000.000000000000000 ) ;
#1079 = CARTESIAN_POINT ( 'NONE',  ( -3.400000000000000400, 2.649999999999999900, -2.250000000000000000 ) ) ;
#1080 = VECTOR ( 'NONE', #1439, 1000.000000000000000 ) ;
#1081 = CIRCLE ( 'NONE', #3459, 0.1499999999999999700 ) ;
#1082 = DIRECTION ( 'NONE',  ( 0.0000000000000000000, -1.000000000000000000, 0.0000000000000000000 ) ) ;
#1083 = VECTOR ( 'NONE', #3569, 1000.000000000000000 ) ;
#1084 = DIRECTION ( 'NONE',  ( -1.000000000000000000, 1.178480622266852700E-016, -0.0000000000000000000 ) ) ;
#1085 = ORIENTED_EDGE ( 'NONE', *, *, #4124, .F. ) ;
#1086 = FACE_OUTER_BOUND ( 'NONE', #5074, .T. ) ;
#1087 = ADVANCED_FACE ( 'NONE', ( #3172 ), #2281, .F. ) ;
#1088 = VECTOR ( 'NONE', #862, 1000.000000000000100 ) ;
#1089 = VERTEX_POINT ( 'NONE', #3240 ) ;
#1090 = ORIENTED_EDGE ( 'NONE', *, *, #5321, .F. ) ;
#1091 = SURFACE_SIDE_STYLE ('',( #1806 ) ) ;
#1092 = VERTEX_POINT ( 'NONE', #1734 ) ;
#1093 = VECTOR ( 'NONE', #3698, 1000.000000000000000 ) ;
#1094 = LINE ( 'NONE', #4357, #2860 ) ;
#1095 = EDGE_LOOP ( 'NONE', ( #5468, #3467, #1275, #2188 ) ) ;
#1096 = EDGE_CURVE ( 'NONE', #1892, #4162, #3474, .T. ) ;
#1097 = ORIENTED_EDGE ( 'NONE', *, *, #1504, .F. ) ;
#1098 = CARTESIAN_POINT ( 'NONE',  ( 1.199999999999998800, 0.0000000000000000000, -2.250000000000000000 ) ) ;
#1099 = CIRCLE ( 'NONE', #2146, 0.1499999999999999700 ) ;
#1100 = ORIENTED_EDGE ( 'NONE', *, *, #1200, .F. ) ;
#1101 = ORIENTED_EDGE ( 'NONE', *, *, #4777, .F. ) ;
#1102 = VECTOR ( 'NONE', #3058, 1000.000000000000000 ) ;
#1103 = VERTEX_POINT ( 'NONE', #1769 ) ;
#1104 = SURFACE_SIDE_STYLE ('',( #3823 ) ) ;
#1105 = CARTESIAN_POINT ( 'NONE',  ( 2.000000000000000000, 0.0000000000000000000, -1.549999999999999600 ) ) ;
#1106 = ORIENTED_EDGE ( 'NONE', *, *, #4051, .F. ) ;
#1107 = CARTESIAN_POINT ( 'NONE',  ( -4.899999999999999500, 2.449999999999999700, -2.249999999999997800 ) ) ;
#1108 = DIRECTION ( 'NONE',  ( 1.000000000000000000, -0.0000000000000000000, -0.0000000000000000000 ) ) ;
#1109 = ORIENTED_EDGE ( 'NONE', *, *, #837, .F. ) ;
#1110 = VERTEX_POINT ( 'NONE', #4200 ) ;
#1111 = EDGE_CURVE ( 'NONE', #2445, #3399, #536, .T. ) ;
#1112 = ORIENTED_EDGE ( 'NONE', *, *, #6016, .F. ) ;
#1113 = FACE_OUTER_BOUND ( 'NONE', #5948, .T. ) ;
#1114 = EDGE_CURVE ( 'NONE', #5611, #1848, #26, .T. ) ;
#1115 = EDGE_LOOP ( 'NONE', ( #5328, #3785, #4909, #659 ) ) ;
#1116 = PLANE ( 'NONE',  #581 ) ;
#1117 = CARTESIAN_POINT ( 'NONE',  ( -2.300000000000002000, 0.0000000000000000000, 1.100000000000000800 ) ) ;
#1118 = ORIENTED_EDGE ( 'NONE', *, *, #4618, .T. ) ;
#1119 = DIRECTION ( 'NONE',  ( 0.0000000000000000000, 1.112002228190261100E-015, -1.000000000000000000 ) ) ;
#1120 = VERTEX_POINT ( 'NONE', #2298 ) ;
#1121 = EDGE_CURVE ( 'NONE', #1384, #4710, #740, .T. ) ;
#1122 = AXIS2_PLACEMENT_3D ( 'NONE', #2619, #3196, #395 ) ;
#1123 = VERTEX_POINT ( 'NONE', #1420 ) ;
#1124 = CARTESIAN_POINT ( 'NONE',  ( -0.3750000000000014400, 0.2999999999999998200, -2.550000000000001200 ) ) ;
#1125 = ADVANCED_FACE ( 'NONE', ( #1611 ), #1849, .T. ) ;
#1126 = DIRECTION ( 'NONE',  ( 1.275531967630005200E-016, -1.000000000000000000, 0.0000000000000000000 ) ) ;
#1127 = CARTESIAN_POINT ( 'NONE',  ( -2.265000000000003200, 2.450000000000000200, -1.749999999999999800 ) ) ;
#1128 = VECTOR ( 'NONE', #386, 1000.000000000000000 ) ;
#1129 = DIRECTION ( 'NONE',  ( -0.3133774542039052800, 0.0000000000000000000, -0.9496286491027317000 ) ) ;
#1130 = EDGE_CURVE ( 'NONE', #4469, #1092, #1912, .T. ) ;
#1131 = DIRECTION ( 'NONE',  ( -0.0000000000000000000, 1.000000000000000000, -0.0000000000000000000 ) ) ;
#1132 = CARTESIAN_POINT ( 'NONE',  ( 2.300000000000002000, 0.2500000000000046600, -0.8500000000000000900 ) ) ;
#1133 = AXIS2_PLACEMENT_3D ( 'NONE', #2385, #1942, #1489 ) ;
#1134 = ORIENTED_EDGE ( 'NONE', *, *, #997, .T. ) ;
#1135 = CARTESIAN_POINT ( 'NONE',  ( -3.350000000000000500, 0.3600000000000000400, 2.050000000000002500 ) ) ;
#1136 = DIRECTION ( 'NONE',  ( -1.000000000000000000, -0.0000000000000000000, -0.0000000000000000000 ) ) ;
#1137 = ORIENTED_EDGE ( 'NONE', *, *, #1200, .T. ) ;
#1138 = ORIENTED_EDGE ( 'NONE', *, *, #1941, .F. ) ;
#1139 = DIRECTION ( 'NONE',  ( 2.453269466693401800E-015, -0.7071067811865483500, -0.7071067811865465700 ) ) ;
#1140 = DIRECTION ( 'NONE',  ( 0.0000000000000000000, -1.000000000000000000, 0.0000000000000000000 ) ) ;
#1141 = ORIENTED_EDGE ( 'NONE', *, *, #2553, .F. ) ;
#1142 = EDGE_CURVE ( 'NONE', #1360, #5714, #2708, .T. ) ;
#1143 = CARTESIAN_POINT ( 'NONE',  ( 1.624999999999998700, 0.0000000000000000000, -2.249999999999999600 ) ) ;
#1144 = EDGE_CURVE ( 'NONE', #1103, #1842, #246, .T. ) ;
#1145 = CARTESIAN_POINT ( 'NONE',  ( -4.899999999999999500, 2.649999999999999900, 2.050000000000000700 ) ) ;
#1146 = VECTOR ( 'NONE', #57, 1000.000000000000000 ) ;
#1147 =( LENGTH_UNIT ( ) NAMED_UNIT ( * ) SI_UNIT ( .MILLI., .METRE. ) );
#1148 = DIRECTION ( 'NONE',  ( 0.0000000000000000000, -8.340016711426968800E-017, 1.000000000000000000 ) ) ;
#1149 = ORIENTED_EDGE ( 'NONE', *, *, #535, .T. ) ;
#1150 = ADVANCED_FACE ( 'NONE', ( #5548 ), #476, .F. ) ;
#1151 = FACE_OUTER_BOUND ( 'NONE', #164, .T. ) ;
#1152 = EDGE_CURVE ( 'NONE', #712, #1699, #3239, .T. ) ;
#1153 = VECTOR ( 'NONE', #5215, 1000.000000000000000 ) ;
#1154 = DIRECTION ( 'NONE',  ( -1.000000000000000000, 0.0000000000000000000, 0.0000000000000000000 ) ) ;
#1155 = DIRECTION ( 'NONE',  ( 0.0000000000000000000, 0.0000000000000000000, -1.000000000000000000 ) ) ;
#1156 = DIRECTION ( 'NONE',  ( -0.0000000000000000000, -0.0000000000000000000, 1.000000000000000000 ) ) ;
#1157 = ORIENTED_EDGE ( 'NONE', *, *, #1740, .T. ) ;
#1158 = LINE ( 'NONE', #6030, #935 ) ;
#1159 = CARTESIAN_POINT ( 'NONE',  ( -4.899999999999999500, 2.649999999999999900, 2.049999999999999800 ) ) ;
#1160 = LINE ( 'NONE', #5018, #5390 ) ;
#1161 = CARTESIAN_POINT ( 'NONE',  ( -0.3750000000000014400, 0.3900000000000000100, -2.249999999999999100 ) ) ;
#1162 = DIRECTION ( 'NONE',  ( -0.0000000000000000000, -0.0000000000000000000, 1.000000000000000000 ) ) ;
#1163 = CARTESIAN_POINT ( 'NONE',  ( 4.099999999999999600, 0.3600000000000000400, 3.250000000000002700 ) ) ;
#1164 = AXIS2_PLACEMENT_3D ( 'NONE', #3706, #4987, #423 ) ;
#1165 = VECTOR ( 'NONE', #4820, 1000.000000000000000 ) ;
#1166 = AXIS2_PLACEMENT_3D ( 'NONE', #4536, #4571, #5464 ) ;
#1167 = EDGE_LOOP ( 'NONE', ( #4226, #5784, #2421, #4325 ) ) ;
#1168 = LINE ( 'NONE', #1404, #305 ) ;
#1169 = DIRECTION ( 'NONE',  ( 0.0000000000000000000, 0.0000000000000000000, 1.000000000000000000 ) ) ;
#1170 = CARTESIAN_POINT ( 'NONE',  ( -4.700000000000000200, 2.349999999999997400, -2.250000000000000000 ) ) ;
#1171 = CARTESIAN_POINT ( 'NONE',  ( -1.375000000000001300, 2.199999999999998800, -2.249999999999999100 ) ) ;
#1172 = VECTOR ( 'NONE', #1462, 1000.000000000000100 ) ;
#1173 = ORIENTED_EDGE ( 'NONE', *, *, #1152, .T. ) ;
#1174 = ORIENTED_EDGE ( 'NONE', *, *, #2647, .T. ) ;
#1175 = STYLED_ITEM ( 'NONE', ( #5234 ), #366 ) ;
#1176 = ORIENTED_EDGE ( 'NONE', *, *, #3217, .T. ) ;
#1177 = FACE_OUTER_BOUND ( 'NONE', #5246, .T. ) ;
#1178 = FACE_OUTER_BOUND ( 'NONE', #3102, .T. ) ;
#1179 = ORIENTED_EDGE ( 'NONE', *, *, #109, .F. ) ;
#1180 = FACE_OUTER_BOUND ( 'NONE', #2542, .T. ) ;
#1181 = ORIENTED_EDGE ( 'NONE', *, *, #185, .F. ) ;
#1182 = DIRECTION ( 'NONE',  ( 0.0000000000000000000, 1.000000000000000000, 0.0000000000000000000 ) ) ;
#1183 = CARTESIAN_POINT ( 'NONE',  ( 4.899999999999999500, 2.349999999999997400, 3.250000000000002700 ) ) ;
#1184 = ORIENTED_EDGE ( 'NONE', *, *, #646, .T. ) ;
#1185 = COLOUR_RGB ( '',0.7921568627450980000, 0.8196078431372548800, 0.9333333333333333500 ) ;
#1186 = ORIENTED_EDGE ( 'NONE', *, *, #4851, .T. ) ;
#1187 = ORIENTED_EDGE ( 'NONE', *, *, #3957, .F. ) ;
#1188 = ORIENTED_EDGE ( 'NONE', *, *, #1964, .F. ) ;
#1189 = VECTOR ( 'NONE', #1323, 1000.000000000000000 ) ;
#1190 = EDGE_CURVE ( 'NONE', #31, #3179, #875, .T. ) ;
#1191 = ADVANCED_FACE ( 'NONE', ( #1180 ), #1, .F. ) ;
#1192 = VERTEX_POINT ( 'NONE', #30 ) ;
#1193 = FILL_AREA_STYLE ('',( #3616 ) ) ;
#1194 = ORIENTED_EDGE ( 'NONE', *, *, #5172, .F. ) ;
#1195 = CARTESIAN_POINT ( 'NONE',  ( 2.700000000000002400, 2.649999999999999900, -1.450000000000000800 ) ) ;
#1196 = CARTESIAN_POINT ( 'NONE',  ( -2.500000000000002200, 0.6600000000000000300, 2.050000000000002500 ) ) ;
#1197 = EDGE_CURVE ( 'NONE', #3383, #3399, #4249, .T. ) ;
#1198 = ORIENTED_EDGE ( 'NONE', *, *, #1619, .F. ) ;
#1199 = VERTEX_POINT ( 'NONE', #4239 ) ;
#1200 = EDGE_CURVE ( 'NONE', #1401, #5261, #3030, .T. ) ;
#1201 = ORIENTED_EDGE ( 'NONE', *, *, #3335, .F. ) ;
#1202 = DIRECTION ( 'NONE',  ( 0.0000000000000000000, -1.178480622266852200E-016, 1.000000000000000000 ) ) ;
#1203 = CARTESIAN_POINT ( 'NONE',  ( -2.500000000000002200, 0.2500000000000002800, 2.050000000000002500 ) ) ;
#1204 = VERTEX_POINT ( 'NONE', #6023 ) ;
#1205 = CARTESIAN_POINT ( 'NONE',  ( -4.899999999999999500, 0.7000000000000009500, 2.049999999999999800 ) ) ;
#1206 = CARTESIAN_POINT ( 'NONE',  ( -0.3750000000000014400, 0.9499999999999996200, 1.250000000000000900 ) ) ;
#1207 = DIRECTION ( 'NONE',  ( 0.0000000000000000000, 1.000000000000000000, 0.0000000000000000000 ) ) ;
#1208 = EDGE_CURVE ( 'NONE', #1817, #4405, #5700, .T. ) ;
#1209 = CARTESIAN_POINT ( 'NONE',  ( -4.700000000000000200, 0.7000000000000000700, 3.250000000000002700 ) ) ;
#1210 = STYLED_ITEM ( 'NONE', ( #2632 ), #3968 ) ;
#1211 = CARTESIAN_POINT ( 'NONE',  ( 1.624999999999998700, 2.199999999999998800, -2.249999999999999100 ) ) ;
#1212 = EDGE_CURVE ( 'NONE', #2928, #3977, #1310, .T. ) ;
#1213 = DIRECTION ( 'NONE',  ( 0.0000000000000000000, 0.0000000000000000000, 1.000000000000000000 ) ) ;
#1214 = LINE ( 'NONE', #2753, #3367 ) ;
#1215 = CARTESIAN_POINT ( 'NONE',  ( 4.899999999999999500, 0.7000000000000009500, 2.049999999999999800 ) ) ;
#1216 = EDGE_CURVE ( 'NONE', #2855, #1110, #3541, .T. ) ;
#1217 = LINE ( 'NONE', #2454, #2099 ) ;
#1218 = CARTESIAN_POINT ( 'NONE',  ( 1.624999999999998700, 1.241695452014624800, 1.578157383516454000 ) ) ;
#1219 = LINE ( 'NONE', #3707, #2758 ) ;
#1220 = ORIENTED_EDGE ( 'NONE', *, *, #2267, .F. ) ;
#1221 = CARTESIAN_POINT ( 'NONE',  ( -4.299999999999999800, 0.2500000000000002800, -1.550000000000000500 ) ) ;
#1222 = DIRECTION ( 'NONE',  ( -1.000000000000000000, -0.0000000000000000000, -0.0000000000000000000 ) ) ;
#1223 = LINE ( 'NONE', #5973, #3868 ) ;
#1224 = CARTESIAN_POINT ( 'NONE',  ( -0.3750000000000014400, 0.0000000000000000000, -3.249999999999999600 ) ) ;
#1225 = VECTOR ( 'NONE', #316, 1000.000000000000000 ) ;
#1226 = CARTESIAN_POINT ( 'NONE',  ( -2.300000000000002000, 2.250000000000000000, -2.250000000000000900 ) ) ;
#1227 = AXIS2_PLACEMENT_3D ( 'NONE', #3992, #2635, #757 ) ;
#1228 = VERTEX_POINT ( 'NONE', #3490 ) ;
#1229 = LINE ( 'NONE', #4220, #5247 ) ;
#1230 = ORIENTED_EDGE ( 'NONE', *, *, #5059, .T. ) ;
#1231 = DIRECTION ( 'NONE',  ( 1.000000000000000000, -0.0000000000000000000, -0.0000000000000000000 ) ) ;
#1232 = ORIENTED_EDGE ( 'NONE', *, *, #1721, .F. ) ;
#1233 = DIRECTION ( 'NONE',  ( 1.000000000000000000, -0.0000000000000000000, -0.0000000000000000000 ) ) ;
#1234 = VECTOR ( 'NONE', #2428, 1000.000000000000000 ) ;
#1235 = ORIENTED_EDGE ( 'NONE', *, *, #1144, .F. ) ;
#1236 = LINE ( 'NONE', #2841, #4803 ) ;
#1237 = VECTOR ( 'NONE', #1911, 1000.000000000000000 ) ;
#1238 = ORIENTED_EDGE ( 'NONE', *, *, #4991, .T. ) ;
#1239 = EDGE_CURVE ( 'NONE', #2969, #4951, #4967, .T. ) ;
#1240 = STYLED_ITEM ( 'NONE', ( #5769 ), #3264 ) ;
#1241 = VECTOR ( 'NONE', #5425, 1000.000000000000000 ) ;
#1242 = ORIENTED_EDGE ( 'NONE', *, *, #3998, .T. ) ;
#1243 = DIRECTION ( 'NONE',  ( 0.0000000000000000000, 1.971276677246376000E-016, -1.000000000000000000 ) ) ;
#1244 = ORIENTED_EDGE ( 'NONE', *, *, #4396, .F. ) ;
#1245 = VECTOR ( 'NONE', #3205, 1000.000000000000000 ) ;
#1246 = ORIENTED_EDGE ( 'NONE', *, *, #1121, .T. ) ;
#1247 = ORIENTED_EDGE ( 'NONE', *, *, #1767, .F. ) ;
#1248 = LINE ( 'NONE', #5179, #5265 ) ;
#1249 = PLANE ( 'NONE',  #4451 ) ;
#1250 = CARTESIAN_POINT ( 'NONE',  ( -0.3750000000000014400, 1.129584054212076700, 1.677811959340942800 ) ) ;
#1251 = VERTEX_POINT ( 'NONE', #3880 ) ;
#1252 = ORIENTED_EDGE ( 'NONE', *, *, #1720, .T. ) ;
#1253 = LINE ( 'NONE', #392, #4970 ) ;
#1254 = ORIENTED_EDGE ( 'NONE', *, *, #3744, .F. ) ;
#1255 = MANIFOLD_SOLID_BREP ( 'LPattern1[2]', #3790 ) ;
#1256 = VERTEX_POINT ( 'NONE', #3512 ) ;
#1257 = CARTESIAN_POINT ( 'NONE',  ( 1.649999999999997900, 0.3499999999999999800, -1.749999999999999800 ) ) ;
#1258 = ORIENTED_EDGE ( 'NONE', *, *, #5800, .T. ) ;
#1259 = VECTOR ( 'NONE', #152, 1000.000000000000000 ) ;
#1260 = EDGE_LOOP ( 'NONE', ( #1530, #2044, #2570, #309 ) ) ;
#1261 = EDGE_CURVE ( 'NONE', #4222, #2218, #5783, .T. ) ;
#1262 = EDGE_CURVE ( 'NONE', #1405, #5196, #17, .T. ) ;
#1263 = ORIENTED_EDGE ( 'NONE', *, *, #2090, .F. ) ;
#1264 = PLANE ( 'NONE',  #1227 ) ;
#1265 = DIRECTION ( 'NONE',  ( -0.0000000000000000000, -0.0000000000000000000, 1.000000000000000000 ) ) ;
#1266 = VERTEX_POINT ( 'NONE', #1163 ) ;
#1267 = DIRECTION ( 'NONE',  ( 3.469446951953515100E-014, 1.000000000000000000, -0.0000000000000000000 ) ) ;
#1268 = ORIENTED_EDGE ( 'NONE', *, *, #2963, .T. ) ;
#1269 = EDGE_CURVE ( 'NONE', #3763, #4054, #5902, .T. ) ;
#1270 = LINE ( 'NONE', #3142, #4058 ) ;
#1271 = ADVANCED_FACE ( 'NONE', ( #314 ), #3980, .F. ) ;
#1272 = CARTESIAN_POINT ( 'NONE',  ( 0.6249999999999985600, 0.0000000000000000000, -2.249999999999999600 ) ) ;
#1273 = DIRECTION ( 'NONE',  ( -0.0000000000000000000, 1.000000000000000000, 4.336808689942017700E-016 ) ) ;
#1274 = DIRECTION ( 'NONE',  ( -1.000000000000000000, -0.0000000000000000000, -0.0000000000000000000 ) ) ;
#1275 = ORIENTED_EDGE ( 'NONE', *, *, #4068, .F. ) ;
#1276 = CARTESIAN_POINT ( 'NONE',  ( -0.6250000000000014400, 0.3900000000000000100, -2.249999999999999100 ) ) ;
#1277 = ORIENTED_EDGE ( 'NONE', *, *, #4205, .F. ) ;
#1278 = ORIENTED_EDGE ( 'NONE', *, *, #370, .F. ) ;
#1279 = DIRECTION ( 'NONE',  ( 0.0000000000000000000, 1.000000000000000000, 0.0000000000000000000 ) ) ;
#1280 = DIRECTION ( 'NONE',  ( 0.0000000000000000000, 0.0000000000000000000, 1.000000000000000000 ) ) ;
#1281 = VERTEX_POINT ( 'NONE', #5351 ) ;
#1282 = SURFACE_STYLE_FILL_AREA ( #4707 ) ;
#1283 = ORIENTED_EDGE ( 'NONE', *, *, #4091, .F. ) ;
#1284 = EDGE_CURVE ( 'NONE', #3814, #5106, #3312, .T. ) ;
#1285 = DIRECTION ( 'NONE',  ( 0.0000000000000000000, 0.0000000000000000000, 1.000000000000000000 ) ) ;
#1286 = LINE ( 'NONE', #2912, #5095 ) ;
#1287 = ORIENTED_EDGE ( 'NONE', *, *, #4399, .F. ) ;
#1288 = CARTESIAN_POINT ( 'NONE',  ( -2.300000000000002000, 0.0000000000000000000, 1.100000000000000800 ) ) ;
#1289 = LINE ( 'NONE', #4289, #5755 ) ;
#1290 = EDGE_CURVE ( 'NONE', #5025, #4817, #4877, .T. ) ;
#1291 = CARTESIAN_POINT ( 'NONE',  ( 2.700000000000002400, 2.250000000000000000, -1.450000000000000800 ) ) ;
#1292 = DIRECTION ( 'NONE',  ( 1.000000000000000000, 0.0000000000000000000, 0.0000000000000000000 ) ) ;
#1293 = VECTOR ( 'NONE', #2535, 1000.000000000000000 ) ;
#1294 = EDGE_CURVE ( 'NONE', #812, #2726, #949, .T. ) ;
#1295 = CARTESIAN_POINT ( 'NONE',  ( -4.299999999999999800, 0.2500000000000002800, -2.250000000000000000 ) ) ;
#1296 = FACE_OUTER_BOUND ( 'NONE', #2853, .T. ) ;
#1297 = ORIENTED_EDGE ( 'NONE', *, *, #2319, .F. ) ;
#1298 = VECTOR ( 'NONE', #2402, 1000.000000000000000 ) ;
#1299 = DIRECTION ( 'NONE',  ( -0.0000000000000000000, -0.0000000000000000000, 1.000000000000000000 ) ) ;
#1300 = VECTOR ( 'NONE', #5454, 1000.000000000000000 ) ;
#1301 = ORIENTED_EDGE ( 'NONE', *, *, #62, .F. ) ;
#1302 = DIRECTION ( 'NONE',  ( 1.000000000000000000, 0.0000000000000000000, -0.0000000000000000000 ) ) ;
#1303 = ORIENTED_EDGE ( 'NONE', *, *, #5515, .F. ) ;
#1304 = SURFACE_STYLE_FILL_AREA ( #1444 ) ;
#1305 = VERTEX_POINT ( 'NONE', #1630 ) ;
#1306 = LINE ( 'NONE', #5297, #664 ) ;
#1307 = CARTESIAN_POINT ( 'NONE',  ( -2.700000000000002400, 0.0000000000000000000, -2.400000000000000800 ) ) ;
#1308 = LINE ( 'NONE', #1346, #1533 ) ;
#1309 = ORIENTED_EDGE ( 'NONE', *, *, #3204, .T. ) ;
#1310 = CIRCLE ( 'NONE', #1122, 0.1499999999999999700 ) ;
#1311 = CARTESIAN_POINT ( 'NONE',  ( 4.899999999999999500, 0.7000000000000000700, 3.250000000000002700 ) ) ;
#1312 = AXIS2_PLACEMENT_3D ( 'NONE', #3581, #3500, #5820 ) ;
#1313 = LINE ( 'NONE', #2983, #2493 ) ;
#1314 = EDGE_CURVE ( 'NONE', #637, #5213, #4956, .T. ) ;
#1315 = ORIENTED_EDGE ( 'NONE', *, *, #494, .F. ) ;
#1316 = ORIENTED_EDGE ( 'NONE', *, *, #5011, .F. ) ;
#1317 = EDGE_LOOP ( 'NONE', ( #616, #4757, #4475, #4666 ) ) ;
#1318 = ADVANCED_FACE ( 'NONE', ( #5619 ), #2487, .F. ) ;
#1319 = CARTESIAN_POINT ( 'NONE',  ( 1.374999999999998700, 1.219584054212075700, 1.797811959340943600 ) ) ;
#1320 = ORIENTED_EDGE ( 'NONE', *, *, #1768, .F. ) ;
#1321 = VECTOR ( 'NONE', #4487, 1000.000000000000000 ) ;
#1322 = DIRECTION ( 'NONE',  ( -0.0000000000000000000, -0.7999999999999999300, 0.6000000000000002000 ) ) ;
#1323 = DIRECTION ( 'NONE',  ( -1.000000000000000000, -0.0000000000000000000, -0.0000000000000000000 ) ) ;
#1324 = LINE ( 'NONE', #1414, #2133 ) ;
#1325 = ORIENTED_EDGE ( 'NONE', *, *, #3673, .F. ) ;
#1326 = VECTOR ( 'NONE', #2066, 1000.000000000000000 ) ;
#1327 = DIRECTION ( 'NONE',  ( -0.0000000000000000000, 8.340016711426968800E-017, -1.000000000000000000 ) ) ;
#1328 = SURFACE_SIDE_STYLE ('',( #160 ) ) ;
#1329 = ORIENTED_EDGE ( 'NONE', *, *, #5508, .F. ) ;
#1330 = CARTESIAN_POINT ( 'NONE',  ( -3.350000000000000500, 1.010000000000004000, 2.750000000000002700 ) ) ;
#1331 = CARTESIAN_POINT ( 'NONE',  ( -1.650000000000002100, 0.5249999999999998000, 2.250000000000002200 ) ) ;
#1332 = CLOSED_SHELL ( 'NONE', ( #2818, #2132, #4133, #288, #3127, #5560, #675, #4700, #5402, #5517 ) ) ;
#1333 = CARTESIAN_POINT ( 'NONE',  ( 1.374999999999998700, 1.241695452014624800, 1.578157383516454000 ) ) ;
#1334 = ADVANCED_FACE ( 'NONE', ( #3961 ), #4394, .F. ) ;
#1335 = EDGE_CURVE ( 'NONE', #5031, #31, #3887, .T. ) ;
#1336 = ORIENTED_EDGE ( 'NONE', *, *, #3005, .T. ) ;
#1337 = DIRECTION ( 'NONE',  ( -0.0000000000000000000, 0.0000000000000000000, 1.000000000000000000 ) ) ;
#1338 = CARTESIAN_POINT ( 'NONE',  ( -1.375000000000001300, 0.0000000000000000000, -3.249999999999999600 ) ) ;
#1339 = ORIENTED_EDGE ( 'NONE', *, *, #3520, .F. ) ;
#1340 = PLANE ( 'NONE',  #737 ) ;
#1341 =( LENGTH_UNIT ( ) NAMED_UNIT ( * ) SI_UNIT ( .MILLI., .METRE. ) );
#1342 = CARTESIAN_POINT ( 'NONE',  ( 2.300000000000002000, 0.2500000000000046600, -0.8500000000000000900 ) ) ;
#1343 = DIRECTION ( 'NONE',  ( 0.0000000000000000000, 0.7071067811865466800, -0.7071067811865484600 ) ) ;
#1344 = CARTESIAN_POINT ( 'NONE',  ( 0.3749999999999986100, 1.129584054212076700, 1.677811959340942800 ) ) ;
#1345 = CARTESIAN_POINT ( 'NONE',  ( 1.649999999999997900, 0.0000000000000000000, -1.599999999999999900 ) ) ;
#1346 = CARTESIAN_POINT ( 'NONE',  ( 3.350000000000000500, 0.6600000000000000300, 2.750000000000002700 ) ) ;
#1347 = ADVANCED_FACE ( 'NONE', ( #4386 ), #3452, .T. ) ;
#1348 = ORIENTED_EDGE ( 'NONE', *, *, #854, .F. ) ;
#1349 = CARTESIAN_POINT ( 'NONE',  ( -1.625000000000001300, 0.2999999999999999900, -3.249999999999999600 ) ) ;
#1350 = PLANE ( 'NONE',  #4868 ) ;
#1351 = LINE ( 'NONE', #5266, #2017 ) ;
#1352 = DIRECTION ( 'NONE',  ( 1.000000000000000000, 0.0000000000000000000, 0.0000000000000000000 ) ) ;
#1353 = PLANE ( 'NONE',  #3864 ) ;
#1354 = ADVANCED_FACE ( 'NONE', ( #2190 ), #1264, .F. ) ;
#1355 = DIRECTION ( 'NONE',  ( -1.000000000000000000, 0.0000000000000000000, -0.0000000000000000000 ) ) ;
#1356 = FACE_OUTER_BOUND ( 'NONE', #4092, .T. ) ;
#1357 = ORIENTED_EDGE ( 'NONE', *, *, #4864, .T. ) ;
#1358 = CARTESIAN_POINT ( 'NONE',  ( 2.650000000000001200, 0.6600000000000000300, 2.399999999999999500 ) ) ;
#1359 = LINE ( 'NONE', #5997, #2466 ) ;
#1360 = VERTEX_POINT ( 'NONE', #736 ) ;
#1361 = DIRECTION ( 'NONE',  ( 0.0000000000000000000, 1.000000000000000000, 0.0000000000000000000 ) ) ;
#1362 = EDGE_CURVE ( 'NONE', #2058, #3346, #3160, .T. ) ;
#1363 = EDGE_CURVE ( 'NONE', #5213, #4691, #600, .T. ) ;
#1364 = VECTOR ( 'NONE', #4232, 1000.000000000000000 ) ;
#1365 = CARTESIAN_POINT ( 'NONE',  ( 2.300000000000002000, 2.449999999999999700, 1.550000000000000500 ) ) ;
#1366 = VECTOR ( 'NONE', #1202, 1000.000000000000000 ) ;
#1367 = CARTESIAN_POINT ( 'NONE',  ( 0.6249999999999985600, 0.0000000000000000000, 0.0000000000000000000 ) ) ;
#1368 = ORIENTED_EDGE ( 'NONE', *, *, #5809, .F. ) ;
#1369 = FACE_OUTER_BOUND ( 'NONE', #2885, .T. ) ;
#1370 = DIRECTION ( 'NONE',  ( -0.0000000000000000000, 0.0000000000000000000, -1.000000000000000000 ) ) ;
#1371 = EDGE_CURVE ( 'NONE', #1360, #4955, #4664, .T. ) ;
#1372 = VECTOR ( 'NONE', #5622, 1000.000000000000000 ) ;
#1373 = ORIENTED_EDGE ( 'NONE', *, *, #2581, .F. ) ;
#1374 = VECTOR ( 'NONE', #1524, 1000.000000000000000 ) ;
#1375 = EDGE_CURVE ( 'NONE', #1204, #5919, #3017, .T. ) ;
#1376 = ORIENTED_EDGE ( 'NONE', *, *, #3734, .F. ) ;
#1377 = LINE ( 'NONE', #922, #2773 ) ;
#1378 = DIRECTION ( 'NONE',  ( 0.0000000000000000000, 0.0000000000000000000, -1.000000000000000000 ) ) ;
#1379 = DIRECTION ( 'NONE',  ( 0.0000000000000000000, 0.0000000000000000000, 1.000000000000000000 ) ) ;
#1380 = LINE ( 'NONE', #993, #3604 ) ;
#1381 = PLANE ( 'NONE',  #3422 ) ;
#1382 = CARTESIAN_POINT ( 'NONE',  ( -2.700000000000002400, 2.649999999999999900, 1.550000000000000500 ) ) ;
#1383 = VECTOR ( 'NONE', #2283, 1000.000000000000000 ) ;
#1384 = VERTEX_POINT ( 'NONE', #3594 ) ;
#1385 = ORIENTED_EDGE ( 'NONE', *, *, #5617, .T. ) ;
#1386 = PLANE ( 'NONE',  #48 ) ;
#1387 = VECTOR ( 'NONE', #2717, 1000.000000000000000 ) ;
#1388 = ORIENTED_EDGE ( 'NONE', *, *, #754, .T. ) ;
#1389 = ORIENTED_EDGE ( 'NONE', *, *, #6022, .T. ) ;
#1390 = LINE ( 'NONE', #1626, #5333 ) ;
#1391 = ORIENTED_EDGE ( 'NONE', *, *, #1436, .T. ) ;
#1392 = PLANE ( 'NONE',  #4626 ) ;
#1393 = AXIS2_PLACEMENT_3D ( 'NONE', #5663, #3365, #1970 ) ;
#1394 = VECTOR ( 'NONE', #1834, 1000.000000000000000 ) ;
#1395 = VERTEX_POINT ( 'NONE', #5886 ) ;
#1396 = DIRECTION ( 'NONE',  ( 1.000000000000000000, 1.275531967630005200E-016, -0.0000000000000000000 ) ) ;
#1397 = ORIENTED_EDGE ( 'NONE', *, *, #2549, .T. ) ;
#1398 = ADVANCED_FACE ( 'NONE', ( #4096 ), #3107, .F. ) ;
#1399 = ORIENTED_EDGE ( 'NONE', *, *, #3998, .F. ) ;
#1400 = DIRECTION ( 'NONE',  ( -0.0000000000000000000, 0.0000000000000000000, -1.000000000000000000 ) ) ;
#1401 = VERTEX_POINT ( 'NONE', #1215 ) ;
#1402 = LINE ( 'NONE', #5382, #1993 ) ;
#1403 = AXIS2_PLACEMENT_3D ( 'NONE', #6017, #1343, #4646 ) ;
#1404 = CARTESIAN_POINT ( 'NONE',  ( 2.700000000000002400, 0.2999999999999999900, -2.250000000000001300 ) ) ;
#1405 = VERTEX_POINT ( 'NONE', #2595 ) ;
#1406 = CARTESIAN_POINT ( 'NONE',  ( -2.500000000000002200, 0.5249999999999999100, 3.250000000000002700 ) ) ;
#1407 = ORIENTED_EDGE ( 'NONE', *, *, #4452, .F. ) ;
#1408 = CARTESIAN_POINT ( 'NONE',  ( -2.900000000000003500, 2.449999999999998800, -2.250000000000000000 ) ) ;
#1409 = CARTESIAN_POINT ( 'NONE',  ( -1.375000000000001300, 0.2999999999999998200, -2.550000000000001200 ) ) ;
#1410 = CARTESIAN_POINT ( 'NONE',  ( 0.3749999999999986100, 0.0000000000000000000, -3.249999999999999600 ) ) ;
#1411 = DIRECTION ( 'NONE',  ( 0.0000000000000000000, -1.000000000000000000, -1.178480622266852200E-016 ) ) ;
#1412 = EDGE_LOOP ( 'NONE', ( #5733, #4834, #1320, #510 ) ) ;
#1413 = EDGE_CURVE ( 'NONE', #2765, #5055, #234, .T. ) ;
#1414 = CARTESIAN_POINT ( 'NONE',  ( 1.650000000000002100, 0.6499999999999998000, 3.250000000000002700 ) ) ;
#1415 = CARTESIAN_POINT ( 'NONE',  ( -0.3750000000000014400, 1.241695452014624800, 1.578157383516454000 ) ) ;
#1416 = VERTEX_POINT ( 'NONE', #782 ) ;
#1417 = DIRECTION ( 'NONE',  ( 0.0000000000000000000, -1.000000000000000000, 0.0000000000000000000 ) ) ;
#1418 = FACE_OUTER_BOUND ( 'NONE', #2804, .T. ) ;
#1419 = EDGE_CURVE ( 'NONE', #1934, #4322, #2779, .T. ) ;
#1420 = CARTESIAN_POINT ( 'NONE',  ( 3.850000000000002800, 1.510000000000005300, 3.250000000000002700 ) ) ;
#1421 = CARTESIAN_POINT ( 'NONE',  ( 1.374999999999998700, 0.9499999999999996200, 1.250000000000000900 ) ) ;
#1422 = CARTESIAN_POINT ( 'NONE',  ( 2.265000000000003200, 0.3499999999999999800, -0.8500000000000004200 ) ) ;
#1423 = EDGE_CURVE ( 'NONE', #4456, #2649, #450, .T. ) ;
#1424 =( NAMED_UNIT ( * ) PLANE_ANGLE_UNIT ( ) SI_UNIT ( $, .RADIAN. ) );
#1425 = VERTEX_POINT ( 'NONE', #1683 ) ;
#1426 = CARTESIAN_POINT ( 'NONE',  ( -1.650000000000002100, 0.5249999999999998000, 2.250000000000002200 ) ) ;
#1427 = DIRECTION ( 'NONE',  ( 1.018492949910624200E-015, -1.000000000000000000, 0.0000000000000000000 ) ) ;
#1428 = ADVANCED_FACE ( 'NONE', ( #4238 ), #2158, .F. ) ;
#1429 = DIRECTION ( 'NONE',  ( -0.0000000000000000000, -0.0000000000000000000, 1.000000000000000000 ) ) ;
#1430 = EDGE_CURVE ( 'NONE', #3386, #3132, #3465, .T. ) ;
#1431 = PRESENTATION_LAYER_ASSIGNMENT (  '', '', ( #1977 ) ) ;
#1432 = CARTESIAN_POINT ( 'NONE',  ( 1.649999999999997900, 0.3499999999999999800, -1.599999999999999900 ) ) ;
#1433 = CARTESIAN_POINT ( 'NONE',  ( 1.624999999999998700, 0.2999999999999998200, -2.550000000000001200 ) ) ;
#1434 = FACE_OUTER_BOUND ( 'NONE', #3280, .T. ) ;
#1435 = AXIS2_PLACEMENT_3D ( 'NONE', #4061, #777, #797 ) ;
#1436 = EDGE_CURVE ( 'NONE', #1981, #3403, #1901, .T. ) ;
#1437 = MANIFOLD_SOLID_BREP ( 'Boss-Extrude3', #1332 ) ;
#1438 = CARTESIAN_POINT ( 'NONE',  ( 0.3749999999999986100, 1.241695452014624800, 1.578157383516454000 ) ) ;
#1439 = DIRECTION ( 'NONE',  ( -1.000000000000000000, -0.0000000000000000000, -0.0000000000000000000 ) ) ;
#1440 = ORIENTED_EDGE ( 'NONE', *, *, #301, .T. ) ;
#1441 = CARTESIAN_POINT ( 'NONE',  ( -2.300000000000002000, 2.649999999999999900, 1.550000000000000500 ) ) ;
#1442 = DIRECTION ( 'NONE',  ( -1.000000000000000000, -0.0000000000000000000, -0.0000000000000000000 ) ) ;
#1443 = VECTOR ( 'NONE', #4979, 1000.000000000000000 ) ;
#1444 = FILL_AREA_STYLE ('',( #92 ) ) ;
#1445 = VECTOR ( 'NONE', #1910, 1000.000000000000000 ) ;
#1446 = CARTESIAN_POINT ( 'NONE',  ( -2.000000000000000000, 0.2500000000000000000, -1.550000000000000300 ) ) ;
#1447 = DIRECTION ( 'NONE',  ( -0.0000000000000000000, 1.000000000000000000, 8.340016711426968800E-017 ) ) ;
#1448 = VECTOR ( 'NONE', #5667, 1000.000000000000000 ) ;
#1449 = DIRECTION ( 'NONE',  ( 1.000000000000000000, 0.0000000000000000000, 7.928352266804415900E-017 ) ) ;
#1450 = ORIENTED_EDGE ( 'NONE', *, *, #4009, .F. ) ;
#1451 = VECTOR ( 'NONE', #5253, 1000.000000000000000 ) ;
#1452 = CARTESIAN_POINT ( 'NONE',  ( -4.300000000000001600, 2.700000000000000200, -2.250000000000000000 ) ) ;
#1453 = LINE ( 'NONE', #5848, #2106 ) ;
#1454 = CARTESIAN_POINT ( 'NONE',  ( 0.3499999999999996400, 0.0000000000000000000, -1.599999999999999900 ) ) ;
#1455 = EDGE_CURVE ( 'NONE', #1969, #115, #3093, .T. ) ;
#1456 = EDGE_CURVE ( 'NONE', #3163, #5781, #1460, .T. ) ;
#1457 = ORIENTED_EDGE ( 'NONE', *, *, #831, .T. ) ;
#1458 = FACE_OUTER_BOUND ( 'NONE', #5621, .T. ) ;
#1459 = ADVANCED_FACE ( 'NONE', ( #2940 ), #5030, .F. ) ;
#1460 = LINE ( 'NONE', #5441, #1537 ) ;
#1461 = ORIENTED_EDGE ( 'NONE', *, *, #1690, .T. ) ;
#1462 = DIRECTION ( 'NONE',  ( -0.3133774542039051700, -0.0000000000000000000, 0.9496286491027317000 ) ) ;
#1463 = CARTESIAN_POINT ( 'NONE',  ( -3.096410857606643600, 2.449999999999999300, -2.845184416989812200 ) ) ;
#1464 = VECTOR ( 'NONE', #2577, 1000.000000000000000 ) ;
#1465 = ORIENTED_EDGE ( 'NONE', *, *, #1071, .F. ) ;
#1466 = LINE ( 'NONE', #174, #3471 ) ;
#1467 = VECTOR ( 'NONE', #3294, 1000.000000000000100 ) ;
#1468 = EDGE_LOOP ( 'NONE', ( #4163, #3122, #5868, #4348 ) ) ;
#1469 = EDGE_CURVE ( 'NONE', #4469, #5626, #1672, .T. ) ;
#1470 = ORIENTED_EDGE ( 'NONE', *, *, #3364, .T. ) ;
#1471 = SURFACE_SIDE_STYLE ('',( #1304 ) ) ;
#1472 = ORIENTED_EDGE ( 'NONE', *, *, #2391, .T. ) ;
#1473 = VECTOR ( 'NONE', #5536, 1000.000000000000000 ) ;
#1474 = VECTOR ( 'NONE', #4785, 1000.000000000000000 ) ;
#1475 = ORIENTED_EDGE ( 'NONE', *, *, #1680, .T. ) ;
#1476 = ORIENTED_EDGE ( 'NONE', *, *, #5140, .F. ) ;
#1477 = ORIENTED_EDGE ( 'NONE', *, *, #2113, .T. ) ;
#1478 = ORIENTED_EDGE ( 'NONE', *, *, #4800, .T. ) ;
#1479 = VECTOR ( 'NONE', #4828, 1000.000000000000000 ) ;
#1480 =( NAMED_UNIT ( * ) PLANE_ANGLE_UNIT ( ) SI_UNIT ( $, .RADIAN. ) );
#1481 = AXIS2_PLACEMENT_3D ( 'NONE', #4251, #1924, #71 ) ;
#1482 = VERTEX_POINT ( 'NONE', #2299 ) ;
#1483 = DIRECTION ( 'NONE',  ( 1.000000000000000000, -0.0000000000000000000, -0.0000000000000000000 ) ) ;
#1484 = VERTEX_POINT ( 'NONE', #5539 ) ;
#1485 = VERTEX_POINT ( 'NONE', #5005 ) ;
#1486 = CARTESIAN_POINT ( 'NONE',  ( 4.700000000000000200, 0.6999999999999999600, -2.250000000000000000 ) ) ;
#1487 = SURFACE_STYLE_USAGE ( .BOTH. , #1091 ) ;
#1488 = ORIENTED_EDGE ( 'NONE', *, *, #5255, .T. ) ;
#1489 = DIRECTION ( 'NONE',  ( 0.0000000000000000000, 0.0000000000000000000, -1.000000000000000000 ) ) ;
#1490 = CARTESIAN_POINT ( 'NONE',  ( -1.375000000000001300, 2.199999999999998800, -1.599999999999999900 ) ) ;
#1491 = ORIENTED_EDGE ( 'NONE', *, *, #3226, .F. ) ;
#1492 = ADVANCED_FACE ( 'NONE', ( #1825 ), #4129, .F. ) ;
#1493 = VERTEX_POINT ( 'NONE', #1349 ) ;
#1494 = PLANE ( 'NONE',  #5738 ) ;
#1495 = EDGE_CURVE ( 'NONE', #1484, #1401, #2110, .T. ) ;
#1496 = EDGE_CURVE ( 'NONE', #254, #4084, #4947, .T. ) ;
#1497 = CARTESIAN_POINT ( 'NONE',  ( 0.0000000000000000000, 0.0000000000000000000, 0.0000000000000000000 ) ) ;
#1498 = PLANE ( 'NONE',  #5202 ) ;
#1499 = DIRECTION ( 'NONE',  ( -0.0000000000000000000, -1.000000000000000000, -0.0000000000000000000 ) ) ;
#1500 = EDGE_CURVE ( 'NONE', #5962, #3179, #3453, .T. ) ;
#1501 = DIRECTION ( 'NONE',  ( 1.000000000000000000, 0.0000000000000000000, 0.0000000000000000000 ) ) ;
#1502 = VERTEX_POINT ( 'NONE', #3708 ) ;
#1503 = DIRECTION ( 'NONE',  ( 0.0000000000000000000, -0.0000000000000000000, 1.000000000000000000 ) ) ;
#1504 = EDGE_CURVE ( 'NONE', #1266, #1994, #2626, .T. ) ;
#1505 = CARTESIAN_POINT ( 'NONE',  ( -0.3750000000000014400, 0.9499999999999994000, 2.000000000000000900 ) ) ;
#1506 = ORIENTED_EDGE ( 'NONE', *, *, #5063, .F. ) ;
#1507 = CARTESIAN_POINT ( 'NONE',  ( 0.1999999999999990100, 0.3499999999999999800, -2.250000000000000000 ) ) ;
#1508 = DIRECTION ( 'NONE',  ( 0.0000000000000000000, -0.6000000000000002000, -0.7999999999999999300 ) ) ;
#1509 = ORIENTED_EDGE ( 'NONE', *, *, #1375, .T. ) ;
#1510 = AXIS2_PLACEMENT_3D ( 'NONE', #1288, #358, #3646 ) ;
#1511 = APPLICATION_PROTOCOL_DEFINITION ( 'draft international standard', 'automotive_design', 1998, #582 ) ;
#1512 = CARTESIAN_POINT ( 'NONE',  ( 1.624999999999998700, 0.3900000000000000100, -2.249999999999999100 ) ) ;
#1513 = LINE ( 'NONE', #4724, #648 ) ;
#1514 = MANIFOLD_SOLID_BREP ( 'Mirror1', #1691 ) ;
#1515 = CARTESIAN_POINT ( 'NONE',  ( -1.375000000000001300, 0.3900000000000000100, -2.249999999999999100 ) ) ;
#1516 = CARTESIAN_POINT ( 'NONE',  ( -1.375000000000001300, 0.3900000000000000100, -2.249999999999999100 ) ) ;
#1517 = VECTOR ( 'NONE', #1663, 1000.000000000000100 ) ;
#1518 = EDGE_LOOP ( 'NONE', ( #2865, #2334, #5786, #155, #2706, #4028, #5341, #3052, #5429, #3400, #1646 ) ) ;
#1519 = ADVANCED_FACE ( 'NONE', ( #864 ), #5945, .F. ) ;
#1520 = LINE ( 'NONE', #2883, #1080 ) ;
#1521 = STYLED_ITEM ( 'NONE', ( #4747 ), #3523 ) ;
#1522 = LINE ( 'NONE', #1433, #3295 ) ;
#1523 = FACE_OUTER_BOUND ( 'NONE', #2441, .T. ) ;
#1524 = DIRECTION ( 'NONE',  ( 0.0000000000000000000, -1.178480622266852200E-016, 1.000000000000000000 ) ) ;
#1525 = ORIENTED_EDGE ( 'NONE', *, *, #2113, .F. ) ;
#1526 = EDGE_CURVE ( 'NONE', #540, #5962, #4592, .T. ) ;
#1527 = LINE ( 'NONE', #2366, #4305 ) ;
#1528 = DIRECTION ( 'NONE',  ( -0.0000000000000000000, -1.000000000000000000, -0.0000000000000000000 ) ) ;
#1529 = PLANE ( 'NONE',  #5354 ) ;
#1530 = ORIENTED_EDGE ( 'NONE', *, *, #2512, .T. ) ;
#1531 = EDGE_LOOP ( 'NONE', ( #3701, #4679, #3318, #5584, #3536, #2154, #260, #3060 ) ) ;
#1532 = LINE ( 'NONE', #5568, #1027 ) ;
#1533 = VECTOR ( 'NONE', #5956, 1000.000000000000000 ) ;
#1534 = CARTESIAN_POINT ( 'NONE',  ( 0.3499999999999996400, 2.449999999999998800, -1.749999999999999800 ) ) ;
#1535 = DIRECTION ( 'NONE',  ( 0.0000000000000000000, 1.178480622266852200E-016, -1.000000000000000000 ) ) ;
#1536 = EDGE_CURVE ( 'NONE', #4044, #3338, #2180, .T. ) ;
#1537 = VECTOR ( 'NONE', #2749, 1000.000000000000000 ) ;
#1538 = VERTEX_POINT ( 'NONE', #2767 ) ;
#1539 = FACE_OUTER_BOUND ( 'NONE', #3086, .T. ) ;
#1540 = ORIENTED_EDGE ( 'NONE', *, *, #1290, .F. ) ;
#1541 = ORIENTED_EDGE ( 'NONE', *, *, #3461, .F. ) ;
#1542 = LINE ( 'NONE', #2655, #1102 ) ;
#1543 = ORIENTED_EDGE ( 'NONE', *, *, #944, .F. ) ;
#1544 = VECTOR ( 'NONE', #2142, 1000.000000000000000 ) ;
#1545 = CARTESIAN_POINT ( 'NONE',  ( -2.700000000000002400, 2.250000000000000000, -2.250000000000000900 ) ) ;
#1546 = DIRECTION ( 'NONE',  ( 1.000000000000000000, 0.0000000000000000000, 7.928352266804415900E-017 ) ) ;
#1547 = VECTOR ( 'NONE', #504, 1000.000000000000000 ) ;
#1548 = EDGE_LOOP ( 'NONE', ( #5320, #1141, #2273, #2662, #4277, #5702, #2557, #1984 ) ) ;
#1549 = CARTESIAN_POINT ( 'NONE',  ( -0.6250000000000014400, 1.129584054212076700, 1.677811959340942800 ) ) ;
#1550 = EDGE_LOOP ( 'NONE', ( #4897, #4750, #1329, #4760 ) ) ;
#1551 = ORIENTED_EDGE ( 'NONE', *, *, #900, .F. ) ;
#1552 = DIRECTION ( 'NONE',  ( 0.0000000000000000000, 0.0000000000000000000, 1.000000000000000000 ) ) ;
#1553 = ADVANCED_FACE ( 'NONE', ( #2328 ), #5117, .F. ) ;
#1554 = DIRECTION ( 'NONE',  ( 0.0000000000000000000, -1.000000000000000000, 0.0000000000000000000 ) ) ;
#1555 = ORIENTED_EDGE ( 'NONE', *, *, #994, .F. ) ;
#1556 = DIRECTION ( 'NONE',  ( -0.0000000000000000000, 1.000000000000000000, -0.0000000000000000000 ) ) ;
#1557 = ORIENTED_EDGE ( 'NONE', *, *, #3931, .T. ) ;
#1558 = CARTESIAN_POINT ( 'NONE',  ( 0.7999999999999986000, 2.449999999999998800, -2.250000000000000000 ) ) ;
#1559 = EDGE_CURVE ( 'NONE', #4517, #3003, #5761, .T. ) ;
#1560 = CARTESIAN_POINT ( 'NONE',  ( -1.650000000000002100, 0.6499999999999963600, 2.250000000000002200 ) ) ;
#1561 = AXIS2_PLACEMENT_3D ( 'NONE', #4119, #5953, #878 ) ;
#1562 = ORIENTED_EDGE ( 'NONE', *, *, #3084, .T. ) ;
#1563 = ORIENTED_EDGE ( 'NONE', *, *, #867, .F. ) ;
#1564 = CARTESIAN_POINT ( 'NONE',  ( -2.000000000000000000, 0.0000000000000000000, -1.550000000000000300 ) ) ;
#1565 = DIRECTION ( 'NONE',  ( -0.0000000000000000000, 1.000000000000000000, -0.0000000000000000000 ) ) ;
#1566 = CARTESIAN_POINT ( 'NONE',  ( 2.650000000000001200, 0.6600000000000000300, 2.250000000000002200 ) ) ;
#1567 = DIRECTION ( 'NONE',  ( 0.0000000000000000000, -0.0000000000000000000, 1.000000000000000000 ) ) ;
#1568 = DIRECTION ( 'NONE',  ( 1.000000000000000000, 0.0000000000000000000, -2.306813132947890900E-016 ) ) ;
#1569 = ORIENTED_EDGE ( 'NONE', *, *, #5736, .T. ) ;
#1570 = EDGE_CURVE ( 'NONE', #1123, #1994, #306, .T. ) ;
#1571 = EDGE_CURVE ( 'NONE', #4069, #5576, #3302, .T. ) ;
#1572 =( NAMED_UNIT ( * ) SI_UNIT ( $, .STERADIAN. ) SOLID_ANGLE_UNIT ( ) );
#1573 = CARTESIAN_POINT ( 'NONE',  ( -1.625000000000001300, 0.2999999999999998200, -2.550000000000001200 ) ) ;
#1574 = ADVANCED_FACE ( 'NONE', ( #5610 ), #32, .F. ) ;
#1575 = ORIENTED_EDGE ( 'NONE', *, *, #5597, .F. ) ;
#1576 = EDGE_CURVE ( 'NONE', #2745, #1666, #2035, .T. ) ;
#1577 = DIRECTION ( 'NONE',  ( 0.0000000000000000000, 0.0000000000000000000, 1.000000000000000000 ) ) ;
#1578 = CARTESIAN_POINT ( 'NONE',  ( 1.349999999999999600, 0.0000000000000000000, -1.749999999999999800 ) ) ;
#1579 = CARTESIAN_POINT ( 'NONE',  ( 1.650000000000002100, 0.6499999999999998000, 2.250000000000002200 ) ) ;
#1580 = DIRECTION ( 'NONE',  ( 1.000000000000000000, 0.0000000000000000000, 0.0000000000000000000 ) ) ;
#1581 = EDGE_CURVE ( 'NONE', #1044, #5591, #3387, .T. ) ;
#1582 = VECTOR ( 'NONE', #1429, 1000.000000000000000 ) ;
#1583 = ORIENTED_EDGE ( 'NONE', *, *, #2669, .F. ) ;
#1584 = CARTESIAN_POINT ( 'NONE',  ( 4.700000000000000200, 0.5000000000000000000, -2.250000000000000000 ) ) ;
#1585 = DIRECTION ( 'NONE',  ( 1.000000000000000000, -1.275531967630005200E-016, 0.0000000000000000000 ) ) ;
#1586 = VECTOR ( 'NONE', #692, 1000.000000000000000 ) ;
#1587 = MECHANICAL_DESIGN_GEOMETRIC_PRESENTATION_REPRESENTATION (  '', ( #4421 ), #924 ) ;
#1588 = LINE ( 'NONE', #1079, #367 ) ;
#1589 = DIRECTION ( 'NONE',  ( -0.0000000000000000000, 0.6643638388299201200, 0.7474093186836594500 ) ) ;
#1590 = ORIENTED_EDGE ( 'NONE', *, *, #3285, .F. ) ;
#1591 = VECTOR ( 'NONE', #826, 1000.000000000000000 ) ;
#1592 = PRODUCT_DEFINITION ( 'UNKNOWN', '', #5459, #5229 ) ;
#1593 = LINE ( 'NONE', #2534, #5318 ) ;
#1594 = ORIENTED_EDGE ( 'NONE', *, *, #960, .T. ) ;
#1595 = DIRECTION ( 'NONE',  ( 0.0000000000000000000, -1.000000000000000000, 0.0000000000000000000 ) ) ;
#1596 = CARTESIAN_POINT ( 'NONE',  ( 2.500000000000002200, 0.5249999999999999100, 2.250000000000002200 ) ) ;
#1597 = ORIENTED_EDGE ( 'NONE', *, *, #4438, .T. ) ;
#1598 = LINE ( 'NONE', #5182, #1017 ) ;
#1599 = VERTEX_POINT ( 'NONE', #5145 ) ;
#1600 = EDGE_CURVE ( 'NONE', #4044, #865, #3153, .T. ) ;
#1601 = EDGE_CURVE ( 'NONE', #3884, #2048, #3665, .T. ) ;
#1602 = ORIENTED_EDGE ( 'NONE', *, *, #2549, .F. ) ;
#1603 = DIRECTION ( 'NONE',  ( -1.000000000000000000, 0.0000000000000000000, 0.0000000000000000000 ) ) ;
#1604 = LINE ( 'NONE', #845, #5475 ) ;
#1605 = ORIENTED_EDGE ( 'NONE', *, *, #5249, .F. ) ;
#1606 = LINE ( 'NONE', #5926, #3234 ) ;
#1607 = SURFACE_SIDE_STYLE ('',( #1033 ) ) ;
#1608 = LINE ( 'NONE', #5674, #3460 ) ;
#1609 = VERTEX_POINT ( 'NONE', #495 ) ;
#1610 = CARTESIAN_POINT ( 'NONE',  ( -2.265000000000003200, 0.3499999999999999800, -1.550000000000000300 ) ) ;
#1611 = FACE_OUTER_BOUND ( 'NONE', #3764, .T. ) ;
#1612 = CARTESIAN_POINT ( 'NONE',  ( -0.6250000000000014400, 0.2999999999999998200, -2.550000000000001200 ) ) ;
#1613 = ORIENTED_EDGE ( 'NONE', *, *, #1682, .F. ) ;
#1614 = LINE ( 'NONE', #1962, #393 ) ;
#1615 = VERTEX_POINT ( 'NONE', #2835 ) ;
#1616 = DIRECTION ( 'NONE',  ( 1.000000000000000000, -1.178480622266852700E-016, 1.189252840020662600E-016 ) ) ;
#1617 = DIRECTION ( 'NONE',  ( -1.000000000000000000, 0.0000000000000000000, 0.0000000000000000000 ) ) ;
#1618 = ORIENTED_EDGE ( 'NONE', *, *, #2744, .F. ) ;
#1619 = EDGE_CURVE ( 'NONE', #4054, #5649, #1813, .T. ) ;
#1620 = VECTOR ( 'NONE', #2572, 1000.000000000000000 ) ;
#1621 = EDGE_CURVE ( 'NONE', #4915, #3023, #4161, .T. ) ;
#1622 = VECTOR ( 'NONE', #487, 1000.000000000000000 ) ;
#1623 = ORIENTED_EDGE ( 'NONE', *, *, #5091, .T. ) ;
#1624 = CARTESIAN_POINT ( 'NONE',  ( -2.500000000000002200, 0.6600000000000000300, 2.050000000000002500 ) ) ;
#1625 = PLANE ( 'NONE',  #4990 ) ;
#1626 = CARTESIAN_POINT ( 'NONE',  ( 0.6499999999999978000, 0.0000000000000000000, -1.599999999999999900 ) ) ;
#1627 = ORIENTED_EDGE ( 'NONE', *, *, #615, .T. ) ;
#1628 = DIRECTION ( 'NONE',  ( -1.000000000000000000, -0.0000000000000000000, -0.0000000000000000000 ) ) ;
#1629 = EDGE_LOOP ( 'NONE', ( #307, #5345, #5204, #2495, #1316 ) ) ;
#1630 = CARTESIAN_POINT ( 'NONE',  ( -1.625000000000001300, 0.0000000000000000000, -2.249999999999999600 ) ) ;
#1631 = PRESENTATION_STYLE_ASSIGNMENT (( #897 ) ) ;
#1632 = PLANE ( 'NONE',  #4143 ) ;
#1633 = PRESENTATION_LAYER_ASSIGNMENT (  '', '', ( #1950 ) ) ;
#1634 = EDGE_CURVE ( 'NONE', #1992, #1256, #5971, .T. ) ;
#1635 = DIRECTION ( 'NONE',  ( -0.0000000000000000000, -0.0000000000000000000, 1.000000000000000000 ) ) ;
#1636 = PLANE ( 'NONE',  #1778 ) ;
#1637 = STYLED_ITEM ( 'NONE', ( #3391 ), #3885 ) ;
#1638 = DIRECTION ( 'NONE',  ( -0.2873478855663468300, -5.934156224574238800E-016, -0.9578262852211509900 ) ) ;
#1639 = CARTESIAN_POINT ( 'NONE',  ( 1.649999999999997900, 0.0000000000000000000, -1.599999999999999900 ) ) ;
#1640 = CARTESIAN_POINT ( 'NONE',  ( -1.800000000000001200, 0.0000000000000000000, -2.250000000000000000 ) ) ;
#1641 = CARTESIAN_POINT ( 'NONE',  ( -2.500000000000002200, 0.2500000000000002800, 2.050000000000002500 ) ) ;
#1642 = CARTESIAN_POINT ( 'NONE',  ( -2.500000000000002200, 0.5249999999999999100, 2.250000000000002200 ) ) ;
#1643 = DIRECTION ( 'NONE',  ( -0.0000000000000000000, 8.340016711426968800E-017, -1.000000000000000000 ) ) ;
#1644 = EDGE_CURVE ( 'NONE', #4222, #1405, #4735, .T. ) ;
#1645 = CARTESIAN_POINT ( 'NONE',  ( -0.3750000000000014400, 0.0000000000000000000, -3.249999999999999600 ) ) ;
#1646 = ORIENTED_EDGE ( 'NONE', *, *, #2832, .F. ) ;
#1647 = LINE ( 'NONE', #2694, #3861 ) ;
#1648 = LINE ( 'NONE', #4929, #426 ) ;
#1649 = CARTESIAN_POINT ( 'NONE',  ( 0.6963302752293516500, 2.449999999999998800, -3.928899082568812600 ) ) ;
#1650 = DIRECTION ( 'NONE',  ( -3.469446951953614600E-015, 1.000000000000000000, 0.0000000000000000000 ) ) ;
#1651 = MECHANICAL_DESIGN_GEOMETRIC_PRESENTATION_REPRESENTATION (  '', ( #3343 ), #2291 ) ;
#1652 = LINE ( 'NONE', #3991, #4858 ) ;
#1653 = CARTESIAN_POINT ( 'NONE',  ( 1.624999999999998700, 0.9499999999999996200, 1.250000000000000900 ) ) ;
#1654 = VECTOR ( 'NONE', #2813, 1000.000000000000000 ) ;
#1655 = CARTESIAN_POINT ( 'NONE',  ( -1.375000000000001300, 1.219584054212075700, 1.797811959340943600 ) ) ;
#1656 = ADVANCED_FACE ( 'NONE', ( #1968 ), #1851, .F. ) ;
#1657 = DIRECTION ( 'NONE',  ( 1.000000000000000000, 0.0000000000000000000, 7.928352266804415900E-017 ) ) ;
#1658 = AXIS2_PLACEMENT_3D ( 'NONE', #3913, #638, #4767 ) ;
#1659 = LINE ( 'NONE', #3525, #2763 ) ;
#1660 = DIRECTION ( 'NONE',  ( -1.000000000000000000, 0.0000000000000000000, -0.0000000000000000000 ) ) ;
#1661 = ORIENTED_EDGE ( 'NONE', *, *, #4798, .F. ) ;
#1662 = VECTOR ( 'NONE', #2474, 1000.000000000000000 ) ;
#1663 = DIRECTION ( 'NONE',  ( -0.2873478855663468300, 0.0000000000000000000, -0.9578262852211508700 ) ) ;
#1664 = PLANE ( 'NONE',  #3418 ) ;
#1665 = FACE_OUTER_BOUND ( 'NONE', #656, .T. ) ;
#1666 = VERTEX_POINT ( 'NONE', #4183 ) ;
#1667 = VECTOR ( 'NONE', #2824, 1000.000000000000000 ) ;
#1668 = ORIENTED_EDGE ( 'NONE', *, *, #1571, .F. ) ;
#1669 = FACE_OUTER_BOUND ( 'NONE', #5332, .T. ) ;
#1670 = VECTOR ( 'NONE', #3198, 1000.000000000000000 ) ;
#1671 = ORIENTED_EDGE ( 'NONE', *, *, #1496, .T. ) ;
#1672 = LINE ( 'NONE', #3664, #1383 ) ;
#1673 = CARTESIAN_POINT ( 'NONE',  ( 2.700000000000002400, 0.2500000000000043900, 1.450000000000000800 ) ) ;
#1674 = PLANE ( 'NONE',  #1435 ) ;
#1675 = FACE_OUTER_BOUND ( 'NONE', #110, .T. ) ;
#1676 = VERTEX_POINT ( 'NONE', #5582 ) ;
#1677 = EDGE_LOOP ( 'NONE', ( #3117, #2114, #244, #78 ) ) ;
#1678 = CIRCLE ( 'NONE', #5533, 0.1999999999999996500 ) ;
#1679 = ORIENTED_EDGE ( 'NONE', *, *, #2212, .T. ) ;
#1680 = EDGE_CURVE ( 'NONE', #1110, #5796, #3085, .T. ) ;
#1681 = FACE_OUTER_BOUND ( 'NONE', #3761, .T. ) ;
#1682 = EDGE_CURVE ( 'NONE', #2058, #2877, #2256, .T. ) ;
#1683 = CARTESIAN_POINT ( 'NONE',  ( 0.3749999999999986100, 0.3900000000000000100, -2.249999999999999100 ) ) ;
#1684 = VECTOR ( 'NONE', #1322, 1000.000000000000000 ) ;
#1685 = ORIENTED_EDGE ( 'NONE', *, *, #5293, .T. ) ;
#1686 = VERTEX_POINT ( 'NONE', #907 ) ;
#1687 = EDGE_LOOP ( 'NONE', ( #2695, #3565, #3353, #54 ) ) ;
#1688 = LINE ( 'NONE', #2995, #5715 ) ;
#1689 = DIRECTION ( 'NONE',  ( 1.000000000000000000, 0.0000000000000000000, 0.0000000000000000000 ) ) ;
#1690 = EDGE_CURVE ( 'NONE', #4635, #3690, #3875, .T. ) ;
#1691 = CLOSED_SHELL ( 'NONE', ( #4815, #2405, #3802, #2829, #1755, #5981, #4782, #2380, #408, #214, #4722, #2501, #5166, #2095, #857 ) ) ;
#1692 = EDGE_LOOP ( 'NONE', ( #5232, #5301, #1541, #2620 ) ) ;
#1693 = EDGE_CURVE ( 'NONE', #2578, #1538, #3229, .T. ) ;
#1694 = UNCERTAINTY_MEASURE_WITH_UNIT (LENGTH_MEASURE( 1.000000000000000100E-005 ), #4564, 'distance_accuracy_value', 'NONE');
#1695 = ORIENTED_EDGE ( 'NONE', *, *, #4578, .T. ) ;
#1696 = CARTESIAN_POINT ( 'NONE',  ( 2.300000000000002000, 2.449999999999999700, -0.8499999999999996400 ) ) ;
#1697 = DIRECTION ( 'NONE',  ( -0.0000000000000000000, -0.0000000000000000000, 1.000000000000000000 ) ) ;
#1698 = ORIENTED_EDGE ( 'NONE', *, *, #3206, .F. ) ;
#1699 = VERTEX_POINT ( 'NONE', #2025 ) ;
#1700 = CARTESIAN_POINT ( 'NONE',  ( 0.6249999999999985600, 0.3899999999999999600, -1.599999999999999900 ) ) ;
#1701 = AXIS2_PLACEMENT_3D ( 'NONE', #3989, #1595, #230 ) ;
#1702 = LINE ( 'NONE', #1877, #4422 ) ;
#1703 = CARTESIAN_POINT ( 'NONE',  ( 1.649999999999997900, 0.3499999999999999800, -1.599999999999999900 ) ) ;
#1704 = DIRECTION ( 'NONE',  ( 1.000000000000000000, 0.0000000000000000000, 0.0000000000000000000 ) ) ;
#1705 = AXIS2_PLACEMENT_3D ( 'NONE', #3795, #3407, #2410 ) ;
#1706 = CARTESIAN_POINT ( 'NONE',  ( 2.700000000000002400, 2.649999999999999900, -1.450000000000000800 ) ) ;
#1707 = PLANE ( 'NONE',  #4856 ) ;
#1708 = EDGE_LOOP ( 'NONE', ( #2648, #2946, #3914, #2871 ) ) ;
#1709 = DIRECTION ( 'NONE',  ( -0.0000000000000000000, 1.000000000000000000, -0.0000000000000000000 ) ) ;
#1710 = ADVANCED_FACE ( 'NONE', ( #1665 ), #995, .F. ) ;
#1711 = DIRECTION ( 'NONE',  ( 0.0000000000000000000, 0.0000000000000000000, -1.000000000000000000 ) ) ;
#1712 = DIRECTION ( 'NONE',  ( -0.0000000000000000000, 1.000000000000000000, -0.0000000000000000000 ) ) ;
#1713 = EDGE_CURVE ( 'NONE', #2938, #1425, #436, .T. ) ;
#1714 = EDGE_LOOP ( 'NONE', ( #1478, #5130, #550, #2787 ) ) ;
#1715 = CARTESIAN_POINT ( 'NONE',  ( -1.625000000000001300, 1.129584054212076700, 1.677811959340942800 ) ) ;
#1716 = CARTESIAN_POINT ( 'NONE',  ( -3.350000000000000500, 0.6600000000000000300, 2.399999999999999500 ) ) ;
#1717 = ADVANCED_FACE ( 'NONE', ( #4455 ), #1953, .F. ) ;
#1718 = VECTOR ( 'NONE', #3273, 1000.000000000000000 ) ;
#1719 = DIRECTION ( 'NONE',  ( 0.0000000000000000000, 0.0000000000000000000, 1.000000000000000000 ) ) ;
#1720 = EDGE_CURVE ( 'NONE', #3338, #3392, #4447, .T. ) ;
#1721 = EDGE_CURVE ( 'NONE', #1120, #4981, #4870, .T. ) ;
#1722 = VECTOR ( 'NONE', #3047, 1000.000000000000000 ) ;
#1723 = DIRECTION ( 'NONE',  ( 0.0000000000000000000, 0.0000000000000000000, -1.000000000000000000 ) ) ;
#1724 = CARTESIAN_POINT ( 'NONE',  ( -2.000000000000007100, 2.449999999999899800, -1.549999999999997200 ) ) ;
#1725 = LINE ( 'NONE', #2330, #2838 ) ;
#1726 = ORIENTED_EDGE ( 'NONE', *, *, #602, .T. ) ;
#1727 = VECTOR ( 'NONE', #999, 1000.000000000000000 ) ;
#1728 = DIRECTION ( 'NONE',  ( -1.000000000000000000, -0.0000000000000000000, -0.0000000000000000000 ) ) ;
#1729 = CARTESIAN_POINT ( 'NONE',  ( 0.6249999999999985600, 0.3900000000000000100, -2.249999999999999100 ) ) ;
#1730 = STYLED_ITEM ( 'NONE', ( #1631 ), #708 ) ;
#1731 = ORIENTED_EDGE ( 'NONE', *, *, #1413, .T. ) ;
#1732 = LINE ( 'NONE', #3119, #1591 ) ;
#1733 = VECTOR ( 'NONE', #4283, 1000.000000000000000 ) ;
#1734 = CARTESIAN_POINT ( 'NONE',  ( -0.3750000000000014400, 0.0000000000000000000, -3.249999999999999600 ) ) ;
#1735 = LINE ( 'NONE', #2506, #3895 ) ;
#1736 = ORIENTED_EDGE ( 'NONE', *, *, #5901, .T. ) ;
#1737 = LINE ( 'NONE', #1422, #5969 ) ;
#1738 = CARTESIAN_POINT ( 'NONE',  ( 3.350000000000000500, 0.3600000000000000400, 3.250000000000002700 ) ) ;
#1739 = AXIS2_PLACEMENT_3D ( 'NONE', #5940, #1273, #4543 ) ;
#1740 = EDGE_CURVE ( 'NONE', #880, #1615, #3224, .T. ) ;
#1741 = AXIS2_PLACEMENT_3D ( 'NONE', #5221, #130, #5685 ) ;
#1742 = VECTOR ( 'NONE', #3539, 1000.000000000000000 ) ;
#1743 = CARTESIAN_POINT ( 'NONE',  ( 2.650000000000001200, 0.6600000000000000300, 2.399999999999999500 ) ) ;
#1744 = VERTEX_POINT ( 'NONE', #571 ) ;
#1745 = VECTOR ( 'NONE', #3954, 1000.000000000000000 ) ;
#1746 = ORIENTED_EDGE ( 'NONE', *, *, #1576, .F. ) ;
#1747 = VERTEX_POINT ( 'NONE', #4300 ) ;
#1748 = FACE_OUTER_BOUND ( 'NONE', #3821, .T. ) ;
#1749 = CARTESIAN_POINT ( 'NONE',  ( -2.700000000000002400, 2.449999999999999700, -0.8499999999999996400 ) ) ;
#1750 = DIRECTION ( 'NONE',  ( -1.000000000000000000, -0.0000000000000000000, 0.0000000000000000000 ) ) ;
#1751 = LINE ( 'NONE', #639, #805 ) ;
#1752 = ORIENTED_EDGE ( 'NONE', *, *, #2517, .F. ) ;
#1753 = DIRECTION ( 'NONE',  ( -0.0000000000000000000, -1.000000000000000000, -0.0000000000000000000 ) ) ;
#1754 = VECTOR ( 'NONE', #5612, 1000.000000000000000 ) ;
#1755 = ADVANCED_FACE ( 'NONE', ( #1809 ), #2884, .F. ) ;
#1756 = ORIENTED_EDGE ( 'NONE', *, *, #3562, .T. ) ;
#1757 = VECTOR ( 'NONE', #2513, 1000.000000000000000 ) ;
#1758 = ORIENTED_EDGE ( 'NONE', *, *, #1931, .F. ) ;
#1759 = VERTEX_POINT ( 'NONE', #3877 ) ;
#1760 = ORIENTED_EDGE ( 'NONE', *, *, #2309, .T. ) ;
#1761 = DIRECTION ( 'NONE',  ( -0.0000000000000000000, 8.340016711426968800E-017, -1.000000000000000000 ) ) ;
#1762 = ORIENTED_EDGE ( 'NONE', *, *, #4725, .T. ) ;
#1763 = LINE ( 'NONE', #3124, #5556 ) ;
#1764 = CARTESIAN_POINT ( 'NONE',  ( 1.624999999999998700, 1.241695452014624800, 1.578157383516454000 ) ) ;
#1765 = VECTOR ( 'NONE', #1279, 1000.000000000000000 ) ;
#1766 = VERTEX_POINT ( 'NONE', #4790 ) ;
#1767 = EDGE_CURVE ( 'NONE', #1482, #1485, #4156, .T. ) ;
#1768 = EDGE_CURVE ( 'NONE', #4942, #2790, #2399, .T. ) ;
#1769 = CARTESIAN_POINT ( 'NONE',  ( 0.3749999999999986100, 0.9499999999999996200, 1.250000000000000900 ) ) ;
#1770 = ORIENTED_EDGE ( 'NONE', *, *, #5647, .T. ) ;
#1771 = ORIENTED_EDGE ( 'NONE', *, *, #1500, .T. ) ;
#1772 = ORIENTED_EDGE ( 'NONE', *, *, #4991, .F. ) ;
#1773 = CARTESIAN_POINT ( 'NONE',  ( 2.100000000000001000, 0.3499999999999999800, -2.250000000000000000 ) ) ;
#1774 = CARTESIAN_POINT ( 'NONE',  ( -1.625000000000001300, 2.199999999999998800, -1.599999999999999900 ) ) ;
#1775 = EDGE_CURVE ( 'NONE', #4817, #4496, #5684, .T. ) ;
#1776 = DIRECTION ( 'NONE',  ( 0.0000000000000000000, 0.0000000000000000000, 1.000000000000000000 ) ) ;
#1777 = SURFACE_STYLE_FILL_AREA ( #6013 ) ;
#1778 = AXIS2_PLACEMENT_3D ( 'NONE', #3053, #3547, #2103 ) ;
#1779 = CARTESIAN_POINT ( 'NONE',  ( 0.6249999999999985600, 0.2999999999999998200, -2.550000000000001200 ) ) ;
#1780 = PLANE ( 'NONE',  #2069 ) ;
#1781 = DIRECTION ( 'NONE',  ( 0.0000000000000000000, 0.0000000000000000000, -1.000000000000000000 ) ) ;
#1782 = CARTESIAN_POINT ( 'NONE',  ( 1.624999999999998700, 1.129584054212076700, 1.677811959340942800 ) ) ;
#1783 = AXIS2_PLACEMENT_3D ( 'NONE', #197, #3485, #2490 ) ;
#1784 = CARTESIAN_POINT ( 'NONE',  ( 4.099999999999999600, 0.3600000000000000400, 2.050000000000002500 ) ) ;
#1785 = CARTESIAN_POINT ( 'NONE',  ( -1.350000000000002300, 0.0000000000000000000, -1.599999999999999900 ) ) ;
#1786 = CARTESIAN_POINT ( 'NONE',  ( -2.000000000000000000, 2.649999999999999900, 2.049999999999999400 ) ) ;
#1787 = CARTESIAN_POINT ( 'NONE',  ( 2.649999999999999500, 1.449999999999999500, -0.09999999999999766000 ) ) ;
#1788 = DIRECTION ( 'NONE',  ( -0.0000000000000000000, -0.0000000000000000000, 1.000000000000000000 ) ) ;
#1789 = ADVANCED_FACE ( 'NONE', ( #5966 ), #5244, .T. ) ;
#1790 = DIRECTION ( 'NONE',  ( 1.000000000000000000, -0.0000000000000000000, -0.0000000000000000000 ) ) ;
#1791 = DIRECTION ( 'NONE',  ( 0.0000000000000000000, 0.0000000000000000000, -1.000000000000000000 ) ) ;
#1792 = CARTESIAN_POINT ( 'NONE',  ( -1.650000000000000400, 0.3499999999999999800, -1.599999999999999900 ) ) ;
#1793 = VECTOR ( 'NONE', #104, 1000.000000000000000 ) ;
#1794 = DIRECTION ( 'NONE',  ( -1.000000000000000000, 0.0000000000000000000, 0.0000000000000000000 ) ) ;
#1795 = VERTEX_POINT ( 'NONE', #558 ) ;
#1796 = EDGE_CURVE ( 'NONE', #5469, #2782, #858, .T. ) ;
#1797 = LINE ( 'NONE', #2448, #4074 ) ;
#1798 = CARTESIAN_POINT ( 'NONE',  ( 0.3749999999999986100, 0.2999999999999998200, -2.550000000000001200 ) ) ;
#1799 = FACE_OUTER_BOUND ( 'NONE', #3597, .T. ) ;
#1800 = CARTESIAN_POINT ( 'NONE',  ( 1.649999999999997900, 0.0000000000000000000, -1.599999999999999900 ) ) ;
#1801 = ORIENTED_EDGE ( 'NONE', *, *, #753, .T. ) ;
#1802 = CARTESIAN_POINT ( 'NONE',  ( 1.624999999999998700, 0.3900000000000000100, -2.249999999999999100 ) ) ;
#1803 = LINE ( 'NONE', #577, #2843 ) ;
#1804 = EDGE_CURVE ( 'NONE', #2409, #5094, #518, .T. ) ;
#1805 = DIRECTION ( 'NONE',  ( 0.2873478855663468300, 0.0000000000000000000, -0.9578262852211508700 ) ) ;
#1806 = SURFACE_STYLE_FILL_AREA ( #3445 ) ;
#1807 = EDGE_CURVE ( 'NONE', #5781, #2927, #2541, .T. ) ;
#1808 = CARTESIAN_POINT ( 'NONE',  ( 3.350000000000000500, 0.6600000000000000300, 2.050000000000002500 ) ) ;
#1809 = FACE_OUTER_BOUND ( 'NONE', #3881, .T. ) ;
#1810 = ORIENTED_EDGE ( 'NONE', *, *, #1419, .T. ) ;
#1811 = CARTESIAN_POINT ( 'NONE',  ( -4.899999999999999500, 0.7000000000000009500, 3.250000000000002700 ) ) ;
#1812 = VECTOR ( 'NONE', #1073, 1000.000000000000000 ) ;
#1813 = LINE ( 'NONE', #1421, #1372 ) ;
#1814 =( NAMED_UNIT ( * ) PLANE_ANGLE_UNIT ( ) SI_UNIT ( $, .RADIAN. ) );
#1815 = CARTESIAN_POINT ( 'NONE',  ( -0.3750000000000014400, 0.3900000000000000100, -2.249999999999999100 ) ) ;
#1816 = AXIS2_PLACEMENT_3D ( 'NONE', #2826, #3340, #5657 ) ;
#1817 = VERTEX_POINT ( 'NONE', #5742 ) ;
#1818 = VECTOR ( 'NONE', #786, 1000.000000000000000 ) ;
#1819 = ORIENTED_EDGE ( 'NONE', *, *, #4046, .T. ) ;
#1820 = LINE ( 'NONE', #5089, #794 ) ;
#1821 = PLANE ( 'NONE',  #5856 ) ;
#1822 = VECTOR ( 'NONE', #2331, 1000.000000000000000 ) ;
#1823 = VERTEX_POINT ( 'NONE', #1564 ) ;
#1824 = ADVANCED_FACE ( 'NONE', ( #1296 ), #1963, .T. ) ;
#1825 = FACE_OUTER_BOUND ( 'NONE', #3130, .T. ) ;
#1826 = DIRECTION ( 'NONE',  ( -0.0000000000000000000, -0.0000000000000000000, 1.000000000000000000 ) ) ;
#1827 = VECTOR ( 'NONE', #1292, 1000.000000000000000 ) ;
#1828 = VERTEX_POINT ( 'NONE', #191 ) ;
#1829 = ORIENTED_EDGE ( 'NONE', *, *, #5653, .T. ) ;
#1830 = VECTOR ( 'NONE', #1712, 1000.000000000000000 ) ;
#1831 = AXIS2_PLACEMENT_3D ( 'NONE', #3284, #5599, #894 ) ;
#1832 = VECTOR ( 'NONE', #6018, 1000.000000000000000 ) ;
#1833 = CARTESIAN_POINT ( 'NONE',  ( -2.000000000000007100, 2.449999999999999700, -1.549999999999997200 ) ) ;
#1834 = DIRECTION ( 'NONE',  ( -1.000000000000000000, -0.0000000000000000000, -0.0000000000000000000 ) ) ;
#1835 = CARTESIAN_POINT ( 'NONE',  ( -4.299999999999999800, 0.2500000000000002800, -2.250000000000000000 ) ) ;
#1836 = VERTEX_POINT ( 'NONE', #3503 ) ;
#1837 = DIRECTION ( 'NONE',  ( 0.0000000000000000000, 0.0000000000000000000, -1.000000000000000000 ) ) ;
#1838 = EDGE_LOOP ( 'NONE', ( #5996, #2224, #332, #532 ) ) ;
#1839 = VECTOR ( 'NONE', #702, 1000.000000000000000 ) ;
#1840 = EDGE_CURVE ( 'NONE', #5214, #5695, #2692, .T. ) ;
#1841 = CARTESIAN_POINT ( 'NONE',  ( -2.650000000000003000, 1.449999999999999500, 3.189999999999997300 ) ) ;
#1842 = VERTEX_POINT ( 'NONE', #2987 ) ;
#1843 = CARTESIAN_POINT ( 'NONE',  ( 2.500000000000002200, 0.6600000000000000300, 2.050000000000002500 ) ) ;
#1844 = ORIENTED_EDGE ( 'NONE', *, *, #1469, .F. ) ;
#1845 = DIRECTION ( 'NONE',  ( 0.0000000000000000000, 0.0000000000000000000, 1.000000000000000000 ) ) ;
#1846 = ADVANCED_FACE ( 'NONE', ( #3524 ), #4838, .F. ) ;
#1847 = EDGE_CURVE ( 'NONE', #5690, #1228, #1453, .T. ) ;
#1848 = VERTEX_POINT ( 'NONE', #678 ) ;
#1849 = PLANE ( 'NONE',  #3256 ) ;
#1850 = DIRECTION ( 'NONE',  ( -0.0000000000000000000, -1.000000000000000000, -1.971276677246376000E-016 ) ) ;
#1851 = PLANE ( 'NONE',  #3614 ) ;
#1852 = CARTESIAN_POINT ( 'NONE',  ( -1.625000000000001300, 0.3900000000000000100, -2.249999999999999100 ) ) ;
#1853 = ORIENTED_EDGE ( 'NONE', *, *, #1216, .F. ) ;
#1854 = DIRECTION ( 'NONE',  ( 0.0000000000000000000, 0.0000000000000000000, -1.000000000000000000 ) ) ;
#1855 = VECTOR ( 'NONE', #435, 1000.000000000000000 ) ;
#1856 = PLANE ( 'NONE',  #4103 ) ;
#1857 = DIRECTION ( 'NONE',  ( 0.0000000000000000000, -0.6643638388299201200, -0.7474093186836594500 ) ) ;
#1858 = CARTESIAN_POINT ( 'NONE',  ( 3.350000000000000500, 1.010000000000004000, 2.750000000000002700 ) ) ;
#1859 = ADVANCED_FACE ( 'NONE', ( #5834 ), #207, .F. ) ;
#1860 = DIRECTION ( 'NONE',  ( -0.0000000000000000000, 1.000000000000000000, -0.0000000000000000000 ) ) ;
#1861 = AXIS2_PLACEMENT_3D ( 'NONE', #3932, #5746, #1552 ) ;
#1862 = CARTESIAN_POINT ( 'NONE',  ( 2.649999999999999500, 1.449999999999999500, -0.09999999999999766000 ) ) ;
#1863 = ORIENTED_EDGE ( 'NONE', *, *, #694, .F. ) ;
#1864 = CARTESIAN_POINT ( 'NONE',  ( 2.650000000000001200, 0.6600000000000000300, 2.050000000000002500 ) ) ;
#1865 = CARTESIAN_POINT ( 'NONE',  ( -2.700000000000002400, 2.449999999999999700, 1.550000000000000500 ) ) ;
#1866 = AXIS2_PLACEMENT_3D ( 'NONE', #918, #4632, #6002 ) ;
#1867 = EDGE_CURVE ( 'NONE', #3853, #5528, #725, .T. ) ;
#1868 = ORIENTED_EDGE ( 'NONE', *, *, #4430, .F. ) ;
#1869 = PRESENTATION_LAYER_ASSIGNMENT (  '', '', ( #1240 ) ) ;
#1870 = CARTESIAN_POINT ( 'NONE',  ( -2.650000000000003000, 1.449999999999999500, -0.09999999999999766000 ) ) ;
#1871 = CARTESIAN_POINT ( 'NONE',  ( -2.300000000000002000, 2.649999999999999900, -1.450000000000000800 ) ) ;
#1872 = LINE ( 'NONE', #1903, #5954 ) ;
#1873 = ORIENTED_EDGE ( 'NONE', *, *, #5446, .T. ) ;
#1874 = DIRECTION ( 'NONE',  ( -1.000000000000000000, -0.0000000000000000000, -0.0000000000000000000 ) ) ;
#1875 = LINE ( 'NONE', #122, #5448 ) ;
#1876 = CARTESIAN_POINT ( 'NONE',  ( 1.624999999999998700, 0.9499999999999994000, 2.000000000000000900 ) ) ;
#1877 = CARTESIAN_POINT ( 'NONE',  ( -2.055963302752296800, 2.449999999999999300, -3.103211009174313300 ) ) ;
#1878 = DIRECTION ( 'NONE',  ( -1.000000000000000000, -1.178480622266852700E-016, 0.0000000000000000000 ) ) ;
#1879 = DIRECTION ( 'NONE',  ( 1.000000000000000000, 0.0000000000000000000, 0.0000000000000000000 ) ) ;
#1880 = ORIENTED_EDGE ( 'NONE', *, *, #2232, .F. ) ;
#1881 = DIRECTION ( 'NONE',  ( 0.0000000000000000000, 0.0000000000000000000, 1.000000000000000000 ) ) ;
#1882 = PLANE ( 'NONE',  #2583 ) ;
#1883 = VECTOR ( 'NONE', #4846, 1000.000000000000000 ) ;
#1884 = CARTESIAN_POINT ( 'NONE',  ( 1.999999999999998200, 2.700000000000149800, 2.049999999999999400 ) ) ;
#1885 = CARTESIAN_POINT ( 'NONE',  ( -1.650000000000000400, 2.449999999999999700, -2.249999999999997800 ) ) ;
#1886 = EDGE_CURVE ( 'NONE', #232, #2056, #585, .T. ) ;
#1887 = EDGE_CURVE ( 'NONE', #566, #5767, #142, .T. ) ;
#1888 = SURFACE_STYLE_FILL_AREA ( #4136 ) ;
#1889 = ORIENTED_EDGE ( 'NONE', *, *, #3406, .T. ) ;
#1890 = ADVANCED_FACE ( 'NONE', ( #3078 ), #1116, .F. ) ;
#1891 = VECTOR ( 'NONE', #2322, 1000.000000000000100 ) ;
#1892 = VERTEX_POINT ( 'NONE', #261 ) ;
#1893 = DIRECTION ( 'NONE',  ( 0.0000000000000000000, 0.0000000000000000000, 1.000000000000000000 ) ) ;
#1894 = PLANE ( 'NONE',  #2296 ) ;
#1895 = EDGE_CURVE ( 'NONE', #2183, #1609, #2849, .T. ) ;
#1896 = VECTOR ( 'NONE', #1919, 1000.000000000000200 ) ;
#1897 = VECTOR ( 'NONE', #4185, 1000.000000000000000 ) ;
#1898 = VERTEX_POINT ( 'NONE', #5810 ) ;
#1899 = VECTOR ( 'NONE', #3758, 1000.000000000000000 ) ;
#1900 = DIRECTION ( 'NONE',  ( -0.0000000000000000000, 1.000000000000000000, 0.0000000000000000000 ) ) ;
#1901 = LINE ( 'NONE', #1703, #669 ) ;
#1902 = VERTEX_POINT ( 'NONE', #4412 ) ;
#1903 = CARTESIAN_POINT ( 'NONE',  ( -0.6500000000000003600, 0.0000000000000000000, -1.599999999999999900 ) ) ;
#1904 = DIRECTION ( 'NONE',  ( 0.0000000000000000000, 1.000000000000000000, 1.112002228190261100E-015 ) ) ;
#1905 = LINE ( 'NONE', #834, #1387 ) ;
#1906 = ORIENTED_EDGE ( 'NONE', *, *, #4311, .F. ) ;
#1907 = ORIENTED_EDGE ( 'NONE', *, *, #5870, .F. ) ;
#1908 = FACE_OUTER_BOUND ( 'NONE', #5119, .T. ) ;
#1909 = LINE ( 'NONE', #2536, #677 ) ;
#1910 = DIRECTION ( 'NONE',  ( 0.0000000000000000000, -0.3420201433256628300, -0.9396926207859105400 ) ) ;
#1911 = DIRECTION ( 'NONE',  ( -0.0000000000000000000, -1.000000000000000000, -0.0000000000000000000 ) ) ;
#1912 = LINE ( 'NONE', #2313, #2864 ) ;
#1913 = VECTOR ( 'NONE', #505, 1000.000000000000000 ) ;
#1914 = ORIENTED_EDGE ( 'NONE', *, *, #1930, .F. ) ;
#1915 = ORIENTED_EDGE ( 'NONE', *, *, #646, .F. ) ;
#1916 = CARTESIAN_POINT ( 'NONE',  ( 4.700000000000000200, 0.6999999999999999600, 2.050000000000000300 ) ) ;
#1917 = EDGE_LOOP ( 'NONE', ( #1555, #2485, #6034, #5498, #2497, #3516, #256, #2780, #1138, #4258, #1758, #1232, #1287 ) ) ;
#1918 = VECTOR ( 'NONE', #4925, 1000.000000000000000 ) ;
#1919 = DIRECTION ( 'NONE',  ( -0.7071067811865490200, -0.0000000000000000000, 0.7071067811865460200 ) ) ;
#1920 = DIRECTION ( 'NONE',  ( 0.0000000000000000000, -0.0000000000000000000, -1.000000000000000000 ) ) ;
#1921 = LINE ( 'NONE', #3207, #3832 ) ;
#1922 = EDGE_LOOP ( 'NONE', ( #4094, #3178, #4926, #1176 ) ) ;
#1923 = ORIENTED_EDGE ( 'NONE', *, *, #4770, .F. ) ;
#1924 = DIRECTION ( 'NONE',  ( 1.000000000000000000, 3.469446951953614600E-015, 0.0000000000000000000 ) ) ;
#1925 = PLANE ( 'NONE',  #4905 ) ;
#1926 = PLANE ( 'NONE',  #1816 ) ;
#1927 = ADVANCED_FACE ( 'NONE', ( #1015 ), #699, .F. ) ;
#1928 = CARTESIAN_POINT ( 'NONE',  ( -2.650000000000001200, 0.6600000000000000300, 2.250000000000002200 ) ) ;
#1929 = ORIENTED_EDGE ( 'NONE', *, *, #2235, .F. ) ;
#1930 = EDGE_CURVE ( 'NONE', #5047, #3849, #1659, .T. ) ;
#1931 = EDGE_CURVE ( 'NONE', #4981, #232, #6041, .T. ) ;
#1932 = CARTESIAN_POINT ( 'NONE',  ( -0.3750000000000014400, 0.0000000000000000000, 0.0000000000000000000 ) ) ;
#1933 = PLANE ( 'NONE',  #1011 ) ;
#1934 = VERTEX_POINT ( 'NONE', #2503 ) ;
#1935 = CARTESIAN_POINT ( 'NONE',  ( 2.300000000000002000, 2.449999999999999700, 1.550000000000000500 ) ) ;
#1936 = CARTESIAN_POINT ( 'NONE',  ( -4.899999999999999500, 2.549999999999997600, 2.049999999999999800 ) ) ;
#1937 = VECTOR ( 'NONE', #917, 1000.000000000000000 ) ;
#1938 = EDGE_CURVE ( 'NONE', #5028, #22, #1593, .T. ) ;
#1939 = CARTESIAN_POINT ( 'NONE',  ( 4.899999999999999500, 2.700000000000000200, 3.250000000000002700 ) ) ;
#1940 = CARTESIAN_POINT ( 'NONE',  ( 1.624999999999998700, 0.3899999999999999600, -1.599999999999999900 ) ) ;
#1941 = EDGE_CURVE ( 'NONE', #5469, #2183, #77, .T. ) ;
#1942 = DIRECTION ( 'NONE',  ( 1.000000000000000000, 0.0000000000000000000, 0.0000000000000000000 ) ) ;
#1943 = DIRECTION ( 'NONE',  ( -0.0000000000000000000, -1.000000000000000000, -0.0000000000000000000 ) ) ;
#1944 = CARTESIAN_POINT ( 'NONE',  ( -2.700000000000002400, 2.250000000000000000, -2.250000000000000900 ) ) ;
#1945 = ORIENTED_EDGE ( 'NONE', *, *, #569, .T. ) ;
#1946 =( NAMED_UNIT ( * ) SI_UNIT ( $, .STERADIAN. ) SOLID_ANGLE_UNIT ( ) );
#1947 = CARTESIAN_POINT ( 'NONE',  ( -0.3750000000000014400, 0.9499999999999996200, 1.250000000000000900 ) ) ;
#1948 = PLANE ( 'NONE',  #5015 ) ;
#1949 = ORIENTED_EDGE ( 'NONE', *, *, #38, .T. ) ;
#1950 = STYLED_ITEM ( 'NONE', ( #819 ), #5665 ) ;
#1951 = EDGE_CURVE ( 'NONE', #4084, #2120, #3595, .T. ) ;
#1952 = ADVANCED_FACE ( 'NONE', ( #1523 ), #4920, .F. ) ;
#1953 = PLANE ( 'NONE',  #1393 ) ;
#1954 = DIRECTION ( 'NONE',  ( -0.0000000000000000000, 0.6643638388299201200, 0.7474093186836594500 ) ) ;
#1955 = VECTOR ( 'NONE', #6015, 1000.000000000000000 ) ;
#1956 =( LENGTH_UNIT ( ) NAMED_UNIT ( * ) SI_UNIT ( .MILLI., .METRE. ) );
#1957 = LINE ( 'NONE', #667, #4440 ) ;
#1958 = ORIENTED_EDGE ( 'NONE', *, *, #829, .F. ) ;
#1959 = CARTESIAN_POINT ( 'NONE',  ( 1.624999999999998700, 0.0000000000000000000, -3.249999999999999600 ) ) ;
#1960 = FACE_OUTER_BOUND ( 'NONE', #302, .T. ) ;
#1961 = LINE ( 'NONE', #3570, #3076 ) ;
#1962 = CARTESIAN_POINT ( 'NONE',  ( 0.6499999999999969100, 2.449999999999999700, -2.249999999999997800 ) ) ;
#1963 = CYLINDRICAL_SURFACE ( 'NONE', #2332, 0.1999999999999996500 ) ;
#1964 = EDGE_CURVE ( 'NONE', #1092, #1892, #300, .T. ) ;
#1965 = EDGE_LOOP ( 'NONE', ( #3115, #4138, #2656, #839 ) ) ;
#1966 = LINE ( 'NONE', #2341, #729 ) ;
#1967 = ORIENTED_EDGE ( 'NONE', *, *, #2750, .T. ) ;
#1968 = FACE_OUTER_BOUND ( 'NONE', #491, .T. ) ;
#1969 = VERTEX_POINT ( 'NONE', #3148 ) ;
#1970 = DIRECTION ( 'NONE',  ( 0.0000000000000000000, -0.0000000000000000000, -1.000000000000000000 ) ) ;
#1971 = CARTESIAN_POINT ( 'NONE',  ( 1.624999999999998700, 0.0000000000000000000, -3.249999999999999600 ) ) ;
#1972 = LINE ( 'NONE', #599, #3879 ) ;
#1973 = ORIENTED_EDGE ( 'NONE', *, *, #1071, .T. ) ;
#1974 = VECTOR ( 'NONE', #2348, 1000.000000000000000 ) ;
#1975 = VECTOR ( 'NONE', #125, 1000.000000000000000 ) ;
#1976 = VECTOR ( 'NONE', #5162, 1000.000000000000000 ) ;
#1977 = STYLED_ITEM ( 'NONE', ( #3757 ), #1255 ) ;
#1978 = LINE ( 'NONE', #3580, #2639 ) ;
#1979 = CARTESIAN_POINT ( 'NONE',  ( -2.700000000000002400, 0.1273895819931683500, 1.450000000000000800 ) ) ;
#1980 = ORIENTED_EDGE ( 'NONE', *, *, #2319, .T. ) ;
#1981 = VERTEX_POINT ( 'NONE', #1257 ) ;
#1982 = ADVANCED_FACE ( 'NONE', ( #372 ), #3995, .F. ) ;
#1983 = DIRECTION ( 'NONE',  ( 0.0000000000000000000, 0.7999999999999999300, -0.6000000000000002000 ) ) ;
#1984 = ORIENTED_EDGE ( 'NONE', *, *, #1363, .F. ) ;
#1985 = CLOSED_SHELL ( 'NONE', ( #524, #484, #1150, #2352, #873, #1859, #2777, #2311, #1125, #5142 ) ) ;
#1986 = LINE ( 'NONE', #626, #5640 ) ;
#1987 = SURFACE_STYLE_USAGE ( .BOTH. , #3377 ) ;
#1988 = DIRECTION ( 'NONE',  ( -1.000000000000000000, 0.0000000000000000000, 0.0000000000000000000 ) ) ;
#1989 = VECTOR ( 'NONE', #1327, 1000.000000000000000 ) ;
#1990 = EDGE_LOOP ( 'NONE', ( #5136, #5147, #2718, #2101 ) ) ;
#1991 = CARTESIAN_POINT ( 'NONE',  ( 2.300000000000002000, 2.649999999999999900, -1.450000000000000800 ) ) ;
#1992 = VERTEX_POINT ( 'NONE', #3131 ) ;
#1993 = VECTOR ( 'NONE', #5859, 1000.000000000000000 ) ;
#1994 = VERTEX_POINT ( 'NONE', #4097 ) ;
#1995 = DIRECTION ( 'NONE',  ( -1.000000000000000000, -0.0000000000000000000, -0.0000000000000000000 ) ) ;
#1996 = CARTESIAN_POINT ( 'NONE',  ( -3.350000000000000500, 0.3600000000000000400, 2.050000000000002500 ) ) ;
#1997 = ORIENTED_EDGE ( 'NONE', *, *, #2510, .F. ) ;
#1998 = DIRECTION ( 'NONE',  ( 0.0000000000000000000, 0.0000000000000000000, -1.000000000000000000 ) ) ;
#1999 = ORIENTED_EDGE ( 'NONE', *, *, #4131, .F. ) ;
#2000 = VERTEX_POINT ( 'NONE', #4511 ) ;
#2001 = LINE ( 'NONE', #3114, #2665 ) ;
#2002 = EDGE_CURVE ( 'NONE', #2120, #4048, #229, .T. ) ;
#2003 = CARTESIAN_POINT ( 'NONE',  ( 4.099999999999999600, 0.3600000000000000400, 2.050000000000002500 ) ) ;
#2004 = CARTESIAN_POINT ( 'NONE',  ( -1.625000000000001300, 0.0000000000000000000, 0.0000000000000000000 ) ) ;
#2005 = ADVANCED_FACE ( 'NONE', ( #3732 ), #4042, .T. ) ;
#2006 = EDGE_CURVE ( 'NONE', #1281, #1199, #3872, .T. ) ;
#2007 = CARTESIAN_POINT ( 'NONE',  ( 2.000000000000000000, 0.0000000000000000000, -2.250000000000000000 ) ) ;
#2008 = ORIENTED_EDGE ( 'NONE', *, *, #1066, .T. ) ;
#2009 = CARTESIAN_POINT ( 'NONE',  ( 2.300000000000002000, 0.0000000000000000000, -2.400000000000000800 ) ) ;
#2010 = AXIS2_PLACEMENT_3D ( 'NONE', #490, #4213, #3820 ) ;
#2011 = CARTESIAN_POINT ( 'NONE',  ( -1.375000000000001300, 0.2999999999999999900, -3.249999999999999600 ) ) ;
#2012 = ORIENTED_EDGE ( 'NONE', *, *, #5515, .T. ) ;
#2013 = DIRECTION ( 'NONE',  ( -1.000000000000000000, -0.0000000000000000000, -0.0000000000000000000 ) ) ;
#2014 = DIRECTION ( 'NONE',  ( -0.2873478855663468300, -0.0000000000000000000, 0.9578262852211508700 ) ) ;
#2015 = AXIS2_PLACEMENT_3D ( 'NONE', #1578, #2164, #4997 ) ;
#2016 = DIRECTION ( 'NONE',  ( 0.0000000000000000000, -0.6643638388299201200, -0.7474093186836594500 ) ) ;
#2017 = VECTOR ( 'NONE', #1449, 1000.000000000000000 ) ;
#2018 = PLANE ( 'NONE',  #4267 ) ;
#2019 = DIRECTION ( 'NONE',  ( -0.2873478855663468300, 5.934156224574238800E-016, 0.9578262852211509900 ) ) ;
#2020 = ORIENTED_EDGE ( 'NONE', *, *, #1208, .T. ) ;
#2021 = PRODUCT_RELATED_PRODUCT_CATEGORY ( 'part', '', ( #2163 ) ) ;
#2022 = LINE ( 'NONE', #5831, #3650 ) ;
#2023 = CARTESIAN_POINT ( 'NONE',  ( -2.650000000000003000, 1.449999999999999500, -0.09999999999999766000 ) ) ;
#2024 = LINE ( 'NONE', #6035, #5600 ) ;
#2025 = CARTESIAN_POINT ( 'NONE',  ( -4.700000000000000200, 0.5000000000000000000, 3.250000000000002700 ) ) ;
#2026 =( LENGTH_UNIT ( ) NAMED_UNIT ( * ) SI_UNIT ( .MILLI., .METRE. ) );
#2027 = LINE ( 'NONE', #5570, #4866 ) ;
#2028 = DIRECTION ( 'NONE',  ( 0.0000000000000000000, 1.000000000000000000, 1.112002228190261100E-015 ) ) ;
#2029 = ORIENTED_EDGE ( 'NONE', *, *, #1096, .F. ) ;
#2030 = EDGE_CURVE ( 'NONE', #254, #5614, #2468, .T. ) ;
#2031 = LINE ( 'NONE', #4983, #2105 ) ;
#2032 = DIRECTION ( 'NONE',  ( 0.0000000000000000000, 1.000000000000000000, 0.0000000000000000000 ) ) ;
#2033 = DIRECTION ( 'NONE',  ( 0.0000000000000000000, 1.000000000000000000, 2.224004456380521900E-016 ) ) ;
#2034 = ADVANCED_FACE ( 'NONE', ( #4298 ), #5920, .F. ) ;
#2035 = LINE ( 'NONE', #1870, #4379 ) ;
#2036 = PLANE ( 'NONE',  #4377 ) ;
#2037 = COLOUR_RGB ( '',0.7921568627450980000, 0.8196078431372548800, 0.9333333333333333500 ) ;
#2038 = ORIENTED_EDGE ( 'NONE', *, *, #4762, .T. ) ;
#2039 = VECTOR ( 'NONE', #95, 1000.000000000000000 ) ;
#2040 = FACE_OUTER_BOUND ( 'NONE', #5693, .T. ) ;
#2041 = ORIENTED_EDGE ( 'NONE', *, *, #1938, .F. ) ;
#2042 = CARTESIAN_POINT ( 'NONE',  ( 3.037487600324651400, 0.2500000000000001100, -2.666629091892869200 ) ) ;
#2043 = EDGE_CURVE ( 'NONE', #4112, #3177, #579, .T. ) ;
#2044 = ORIENTED_EDGE ( 'NONE', *, *, #890, .F. ) ;
#2045 = DIRECTION ( 'NONE',  ( -1.000000000000000000, 0.0000000000000000000, 0.0000000000000000000 ) ) ;
#2046 = ORIENTED_EDGE ( 'NONE', *, *, #486, .T. ) ;
#2047 = LINE ( 'NONE', #3935, #4389 ) ;
#2048 = VERTEX_POINT ( 'NONE', #2192 ) ;
#2049 = EDGE_CURVE ( 'NONE', #4513, #3370, #512, .T. ) ;
#2050 = ORIENTED_EDGE ( 'NONE', *, *, #4286, .F. ) ;
#2051 = FACE_OUTER_BOUND ( 'NONE', #5771, .T. ) ;
#2052 = LINE ( 'NONE', #262, #5628 ) ;
#2053 = ORIENTED_EDGE ( 'NONE', *, *, #3631, .F. ) ;
#2054 = VECTOR ( 'NONE', #5580, 1000.000000000000000 ) ;
#2055 = FACE_OUTER_BOUND ( 'NONE', #3666, .T. ) ;
#2056 = VERTEX_POINT ( 'NONE', #1673 ) ;
#2057 = ORIENTED_EDGE ( 'NONE', *, *, #3440, .F. ) ;
#2058 = VERTEX_POINT ( 'NONE', #4982 ) ;
#2059 = ORIENTED_EDGE ( 'NONE', *, *, #4650, .T. ) ;
#2060 = VERTEX_POINT ( 'NONE', #4495 ) ;
#2061 =( GEOMETRIC_REPRESENTATION_CONTEXT ( 3 ) GLOBAL_UNCERTAINTY_ASSIGNED_CONTEXT ( ( #2337 ) ) GLOBAL_UNIT_ASSIGNED_CONTEXT ( ( #1341, #5153, #482 ) ) REPRESENTATION_CONTEXT ( 'NONE', 'WORKASPACE' ) );
#2062 = VECTOR ( 'NONE', #1299, 1000.000000000000000 ) ;
#2063 = DIRECTION ( 'NONE',  ( 0.0000000000000000000, -0.0000000000000000000, 1.000000000000000000 ) ) ;
#2064 = CARTESIAN_POINT ( 'NONE',  ( 2.300000000000002000, 2.449999999999999700, 1.550000000000000500 ) ) ;
#2065 = ORIENTED_EDGE ( 'NONE', *, *, #3335, .T. ) ;
#2066 = DIRECTION ( 'NONE',  ( 0.0000000000000000000, -1.000000000000000000, -1.112002228190261100E-015 ) ) ;
#2067 = PLANE ( 'NONE',  #4992 ) ;
#2068 = EDGE_LOOP ( 'NONE', ( #3463, #2272, #3270, #4461, #43 ) ) ;
#2069 = AXIS2_PLACEMENT_3D ( 'NONE', #1345, #2306, #4121 ) ;
#2070 = EDGE_CURVE ( 'NONE', #1024, #4942, #4083, .T. ) ;
#2071 = CARTESIAN_POINT ( 'NONE',  ( -1.650000000000000400, 0.3499999999999999800, -1.749999999999999800 ) ) ;
#2072 = CARTESIAN_POINT ( 'NONE',  ( 1.374999999999998700, 1.241695452014624800, 1.578157383516454000 ) ) ;
#2073 = AXIS2_PLACEMENT_3D ( 'NONE', #2784, #2757, #5512 ) ;
#2074 = VERTEX_POINT ( 'NONE', #5450 ) ;
#2075 = ORIENTED_EDGE ( 'NONE', *, *, #4762, .F. ) ;
#2076 = ADVANCED_FACE ( 'NONE', ( #851 ), #3094, .F. ) ;
#2077 = LINE ( 'NONE', #287, #190 ) ;
#2078 = CARTESIAN_POINT ( 'NONE',  ( 0.6249999999999985600, 0.9499999999999994000, 2.000000000000000900 ) ) ;
#2079 = CARTESIAN_POINT ( 'NONE',  ( 4.099999999999999600, 0.5000000000000000000, 2.050000000000002500 ) ) ;
#2080 = CARTESIAN_POINT ( 'NONE',  ( -2.650000000000001200, 0.6600000000000000300, 2.399999999999999500 ) ) ;
#2081 = CARTESIAN_POINT ( 'NONE',  ( 0.6249999999999985600, 0.0000000000000000000, -3.249999999999999600 ) ) ;
#2082 = DIRECTION ( 'NONE',  ( 0.0000000000000000000, 0.0000000000000000000, 1.000000000000000000 ) ) ;
#2083 = EDGE_CURVE ( 'NONE', #812, #63, #4151, .T. ) ;
#2084 = CARTESIAN_POINT ( 'NONE',  ( 0.3749999999999986100, 0.3900000000000000100, -2.249999999999999100 ) ) ;
#2085 = EDGE_CURVE ( 'NONE', #1120, #2048, #2916, .T. ) ;
#2086 = CARTESIAN_POINT ( 'NONE',  ( -2.500000000000002200, 0.6600000000000000300, 3.250000000000002700 ) ) ;
#2087 = DIRECTION ( 'NONE',  ( 0.0000000000000000000, 1.000000000000000000, 0.0000000000000000000 ) ) ;
#2088 = CARTESIAN_POINT ( 'NONE',  ( -2.300000000000002000, 0.0000000000000000000, -2.400000000000000800 ) ) ;
#2089 = ORIENTED_EDGE ( 'NONE', *, *, #38, .F. ) ;
#2090 = EDGE_CURVE ( 'NONE', #5047, #2658, #5171, .T. ) ;
#2091 = CARTESIAN_POINT ( 'NONE',  ( 0.6249999999999985600, 0.2999999999999999900, -3.249999999999999600 ) ) ;
#2092 = DIRECTION ( 'NONE',  ( 0.0000000000000000000, -0.0000000000000000000, -1.000000000000000000 ) ) ;
#2093 = CARTESIAN_POINT ( 'NONE',  ( -1.625000000000001300, 0.9499999999999996200, 1.250000000000000900 ) ) ;
#2094 = DIRECTION ( 'NONE',  ( 0.0000000000000000000, 1.000000000000000000, 0.0000000000000000000 ) ) ;
#2095 = ADVANCED_FACE ( 'NONE', ( #3654 ), #1381, .T. ) ;
#2096 = FACE_OUTER_BOUND ( 'NONE', #70, .T. ) ;
#2097 = AXIS2_PLACEMENT_3D ( 'NONE', #4384, #1119, #2028 ) ;
#2098 = AXIS2_PLACEMENT_3D ( 'NONE', #213, #269, #1568 ) ;
#2099 = VECTOR ( 'NONE', #2999, 1000.000000000000000 ) ;
#2100 = CARTESIAN_POINT ( 'NONE',  ( 2.000000000000000000, 0.2500000000000000000, -2.250000000000000000 ) ) ;
#2101 = ORIENTED_EDGE ( 'NONE', *, *, #3543, .T. ) ;
#2102 = VECTOR ( 'NONE', #1062, 1000.000000000000000 ) ;
#2103 = DIRECTION ( 'NONE',  ( -0.0000000000000000000, 0.0000000000000000000, 1.000000000000000000 ) ) ;
#2104 = ADVANCED_FACE ( 'NONE', ( #657 ), #5165, .F. ) ;
#2105 = VECTOR ( 'NONE', #4075, 1000.000000000000000 ) ;
#2106 = VECTOR ( 'NONE', #653, 1000.000000000000000 ) ;
#2107 = DIRECTION ( 'NONE',  ( 0.0000000000000000000, -0.3420201433256628300, -0.9396926207859105400 ) ) ;
#2108 = ORIENTED_EDGE ( 'NONE', *, *, #1847, .F. ) ;
#2109 = LINE ( 'NONE', #1545, #1662 ) ;
#2110 = LINE ( 'NONE', #1311, #730 ) ;
#2111 = ORIENTED_EDGE ( 'NONE', *, *, #80, .T. ) ;
#2112 = EDGE_CURVE ( 'NONE', #2927, #4322, #2998, .T. ) ;
#2113 = EDGE_CURVE ( 'NONE', #744, #5324, #5678, .T. ) ;
#2114 = ORIENTED_EDGE ( 'NONE', *, *, #5305, .T. ) ;
#2115 = DIRECTION ( 'NONE',  ( 0.0000000000000000000, -1.000000000000000000, -1.112002228190261100E-015 ) ) ;
#2116 = VERTEX_POINT ( 'NONE', #2868 ) ;
#2117 = VECTOR ( 'NONE', #1274, 1000.000000000000000 ) ;
#2118 = SURFACE_STYLE_USAGE ( .BOTH. , #2609 ) ;
#2119 = FACE_OUTER_BOUND ( 'NONE', #5337, .T. ) ;
#2120 = VERTEX_POINT ( 'NONE', #1410 ) ;
#2121 = PLANE ( 'NONE',  #3771 ) ;
#2122 = ORIENTED_EDGE ( 'NONE', *, *, #344, .T. ) ;
#2123 = LINE ( 'NONE', #153, #249 ) ;
#2124 = EDGE_LOOP ( 'NONE', ( #2489, #695, #5551, #945 ) ) ;
#2125 = VERTEX_POINT ( 'NONE', #5585 ) ;
#2126 = CARTESIAN_POINT ( 'NONE',  ( 1.374999999999998700, 0.9499999999999996200, 1.250000000000000900 ) ) ;
#2127 = DIRECTION ( 'NONE',  ( 0.0000000000000000000, 1.000000000000000000, 0.0000000000000000000 ) ) ;
#2128 = VECTOR ( 'NONE', #4999, 1000.000000000000000 ) ;
#2129 = EDGE_CURVE ( 'NONE', #1305, #115, #1158, .T. ) ;
#2130 = VECTOR ( 'NONE', #194, 1000.000000000000000 ) ;
#2131 = AXIS2_PLACEMENT_3D ( 'NONE', #159, #4759, #5725 ) ;
#2132 = ADVANCED_FACE ( 'NONE', ( #5891 ), #912, .F. ) ;
#2133 = VECTOR ( 'NONE', #3274, 1000.000000000000000 ) ;
#2134 = EDGE_LOOP ( 'NONE', ( #576, #4082, #3610, #1762 ) ) ;
#2135 = CARTESIAN_POINT ( 'NONE',  ( 2.650000000000001200, 0.6600000000000000300, 2.399999999999999500 ) ) ;
#2136 = DIRECTION ( 'NONE',  ( 0.0000000000000000000, 0.0000000000000000000, 1.000000000000000000 ) ) ;
#2137 = DIRECTION ( 'NONE',  ( 1.000000000000000000, 0.0000000000000000000, 0.0000000000000000000 ) ) ;
#2138 = VERTEX_POINT ( 'NONE', #4253 ) ;
#2139 = SURFACE_STYLE_FILL_AREA ( #5288 ) ;
#2140 = DIRECTION ( 'NONE',  ( 1.000000000000000000, 0.0000000000000000000, 0.0000000000000000000 ) ) ;
#2141 = VERTEX_POINT ( 'NONE', #967 ) ;
#2142 = DIRECTION ( 'NONE',  ( 1.000000000000000000, -0.0000000000000000000, -0.0000000000000000000 ) ) ;
#2143 = ORIENTED_EDGE ( 'NONE', *, *, #5726, .T. ) ;
#2144 = ORIENTED_EDGE ( 'NONE', *, *, #2043, .T. ) ;
#2145 = CARTESIAN_POINT ( 'NONE',  ( 2.300000000000002000, 2.449999999999999700, 1.550000000000000500 ) ) ;
#2146 = AXIS2_PLACEMENT_3D ( 'NONE', #4613, #5573, #5530 ) ;
#2147 = ORIENTED_EDGE ( 'NONE', *, *, #5679, .T. ) ;
#2148 = DIRECTION ( 'NONE',  ( 1.000000000000000000, 0.0000000000000000000, 0.0000000000000000000 ) ) ;
#2149 = DIRECTION ( 'NONE',  ( 0.0000000000000000000, 0.0000000000000000000, -1.000000000000000000 ) ) ;
#2150 =( GEOMETRIC_REPRESENTATION_CONTEXT ( 3 ) GLOBAL_UNCERTAINTY_ASSIGNED_CONTEXT ( ( #2521 ) ) GLOBAL_UNIT_ASSIGNED_CONTEXT ( ( #1956, #4303, #5655 ) ) REPRESENTATION_CONTEXT ( 'NONE', 'WORKASPACE' ) );
#2151 = DIRECTION ( 'NONE',  ( -0.2873478855663468300, 5.934156224574238800E-016, 0.9578262852211509900 ) ) ;
#2152 = EDGE_CURVE ( 'NONE', #5094, #3158, #2173, .T. ) ;
#2153 = DIRECTION ( 'NONE',  ( -1.000000000000000000, 0.0000000000000000000, 0.0000000000000000000 ) ) ;
#2154 = ORIENTED_EDGE ( 'NONE', *, *, #5671, .T. ) ;
#2155 = PLANE ( 'NONE',  #5924 ) ;
#2156 = ORIENTED_EDGE ( 'NONE', *, *, #1713, .T. ) ;
#2157 = ADVANCED_FACE ( 'NONE', ( #3944 ), #5602, .F. ) ;
#2158 = PLANE ( 'NONE',  #3946 ) ;
#2159 = EDGE_CURVE ( 'NONE', #5714, #2560, #5963, .T. ) ;
#2160 = DIRECTION ( 'NONE',  ( 0.0000000000000000000, -0.0000000000000000000, 1.000000000000000000 ) ) ;
#2161 = DIRECTION ( 'NONE',  ( 1.000000000000000000, 1.018492949910624200E-015, -0.0000000000000000000 ) ) ;
#2162 = LINE ( 'NONE', #485, #2310 ) ;
#2163 = PRODUCT ( 'SFW4R-1STE1HLF', 'SFW4R-1STE1HLF', '', ( #3423 ) ) ;
#2164 = DIRECTION ( 'NONE',  ( -0.9578262852211509900, 0.0000000000000000000, 0.2873478855663468800 ) ) ;
#2165 = CARTESIAN_POINT ( 'NONE',  ( 2.265000000000003200, 0.2499999999999999400, -1.549999999999999800 ) ) ;
#2166 = VECTOR ( 'NONE', #642, 1000.000000000000000 ) ;
#2167 = DIRECTION ( 'NONE',  ( 0.2873478855663468300, 0.0000000000000000000, -0.9578262852211508700 ) ) ;
#2168 = VECTOR ( 'NONE', #883, 1000.000000000000000 ) ;
#2169 = DIRECTION ( 'NONE',  ( 0.0000000000000000000, 0.0000000000000000000, -1.000000000000000000 ) ) ;
#2170 = DIRECTION ( 'NONE',  ( 0.0000000000000000000, -0.0000000000000000000, 1.000000000000000000 ) ) ;
#2171 = AXIS2_PLACEMENT_3D ( 'NONE', #5086, #2791, #1302 ) ;
#2172 = EDGE_CURVE ( 'NONE', #3676, #685, #2027, .T. ) ;
#2173 = CIRCLE ( 'NONE', #5378, 0.1999999999999996500 ) ;
#2174 = CARTESIAN_POINT ( 'NONE',  ( -2.300000000000002000, 0.2500000000000043900, 1.450000000000000800 ) ) ;
#2175 = MECHANICAL_DESIGN_GEOMETRIC_PRESENTATION_REPRESENTATION (  '', ( #1240 ), #2498 ) ;
#2176 = CARTESIAN_POINT ( 'NONE',  ( -1.375000000000001300, 1.129584054212076700, 1.677811959340942800 ) ) ;
#2177 = ORIENTED_EDGE ( 'NONE', *, *, #4055, .T. ) ;
#2178 = FACE_OUTER_BOUND ( 'NONE', #457, .T. ) ;
#2179 = DIRECTION ( 'NONE',  ( 1.000000000000000000, 0.0000000000000000000, 0.0000000000000000000 ) ) ;
#2180 = LINE ( 'NONE', #5518, #940 ) ;
#2181 = ORIENTED_EDGE ( 'NONE', *, *, #779, .T. ) ;
#2182 = CARTESIAN_POINT ( 'NONE',  ( -0.3500000000000022000, 0.3499999999999999800, -1.599999999999999900 ) ) ;
#2183 = VERTEX_POINT ( 'NONE', #41 ) ;
#2184 = ADVANCED_FACE ( 'NONE', ( #73 ), #1926, .F. ) ;
#2185 = VECTOR ( 'NONE', #4608, 1000.000000000000000 ) ;
#2186 = LINE ( 'NONE', #40, #1394 ) ;
#2187 = ORIENTED_EDGE ( 'NONE', *, *, #4973, .F. ) ;
#2188 = ORIENTED_EDGE ( 'NONE', *, *, #5240, .F. ) ;
#2189 = CARTESIAN_POINT ( 'NONE',  ( -1.625000000000001300, 2.199999999999998800, -2.550000000000001200 ) ) ;
#2190 = FACE_OUTER_BOUND ( 'NONE', #1677, .T. ) ;
#2191 = ORIENTED_EDGE ( 'NONE', *, *, #1269, .F. ) ;
#2192 = CARTESIAN_POINT ( 'NONE',  ( 2.700000000000002400, 2.449999999999999700, -0.8499999999999996400 ) ) ;
#2193 = DIRECTION ( 'NONE',  ( 1.000000000000000000, 0.0000000000000000000, -0.0000000000000000000 ) ) ;
#2194 = ORIENTED_EDGE ( 'NONE', *, *, #5439, .F. ) ;
#2195 = LINE ( 'NONE', #1145, #3098 ) ;
#2196 = EDGE_LOOP ( 'NONE', ( #471, #1184, #3063, #4673 ) ) ;
#2197 = ORIENTED_EDGE ( 'NONE', *, *, #1804, .T. ) ;
#2198 = LINE ( 'NONE', #5869, #2642 ) ;
#2199 = CARTESIAN_POINT ( 'NONE',  ( 0.3499999999999996400, 0.3499999999999999800, -1.599999999999999900 ) ) ;
#2200 = LINE ( 'NONE', #4352, #959 ) ;
#2201 = EDGE_CURVE ( 'NONE', #5442, #619, #783, .T. ) ;
#2202 = VECTOR ( 'NONE', #1826, 1000.000000000000000 ) ;
#2203 = EDGE_CURVE ( 'NONE', #2726, #5481, #2538, .T. ) ;
#2204 = DIRECTION ( 'NONE',  ( 0.0000000000000000000, 0.0000000000000000000, -1.000000000000000000 ) ) ;
#2205 = DIRECTION ( 'NONE',  ( 1.000000000000000000, 0.0000000000000000000, 0.0000000000000000000 ) ) ;
#2206 = ORIENTED_EDGE ( 'NONE', *, *, #4414, .T. ) ;
#2207 = VERTEX_POINT ( 'NONE', #1858 ) ;
#2208 = ORIENTED_EDGE ( 'NONE', *, *, #1796, .T. ) ;
#2209 = CARTESIAN_POINT ( 'NONE',  ( -1.375000000000001300, 2.199999999999998800, -1.599999999999999900 ) ) ;
#2210 = ORIENTED_EDGE ( 'NONE', *, *, #2902, .T. ) ;
#2211 = DIRECTION ( 'NONE',  ( -0.0000000000000000000, -0.0000000000000000000, 1.000000000000000000 ) ) ;
#2212 = EDGE_CURVE ( 'NONE', #3267, #1485, #5827, .T. ) ;
#2213 = ORIENTED_EDGE ( 'NONE', *, *, #2363, .F. ) ;
#2214 = CARTESIAN_POINT ( 'NONE',  ( 4.299999999999999800, 0.2500000000000002800, -2.250000000000000000 ) ) ;
#2215 = AXIS2_PLACEMENT_3D ( 'NONE', #3133, #2137, #2603 ) ;
#2216 = ORIENTED_EDGE ( 'NONE', *, *, #4655, .T. ) ;
#2217 = DIRECTION ( 'NONE',  ( 1.000000000000000000, 0.0000000000000000000, 0.0000000000000000000 ) ) ;
#2218 = VERTEX_POINT ( 'NONE', #1507 ) ;
#2219 = AXIS2_PLACEMENT_3D ( 'NONE', #5067, #3517, #351 ) ;
#2220 = FACE_OUTER_BOUND ( 'NONE', #1838, .T. ) ;
#2221 = DIRECTION ( 'NONE',  ( -0.0000000000000000000, -0.0000000000000000000, 1.000000000000000000 ) ) ;
#2222 = DIRECTION ( 'NONE',  ( 0.0000000000000000000, -1.000000000000000000, 0.0000000000000000000 ) ) ;
#2223 = DIRECTION ( 'NONE',  ( 1.000000000000000000, -0.0000000000000000000, 0.0000000000000000000 ) ) ;
#2224 = ORIENTED_EDGE ( 'NONE', *, *, #1064, .F. ) ;
#2225 = VERTEX_POINT ( 'NONE', #4276 ) ;
#2226 = CARTESIAN_POINT ( 'NONE',  ( -0.3750000000000014400, 0.9499999999999994000, 2.000000000000000900 ) ) ;
#2227 = EDGE_CURVE ( 'NONE', #1395, #4917, #1289, .T. ) ;
#2228 = EDGE_CURVE ( 'NONE', #2660, #956, #4649, .T. ) ;
#2229 = ORIENTED_EDGE ( 'NONE', *, *, #3173, .F. ) ;
#2230 = ORIENTED_EDGE ( 'NONE', *, *, #863, .F. ) ;
#2231 = CARTESIAN_POINT ( 'NONE',  ( 2.133997655334100700, 2.450000000000001100, 0.07121922626028132100 ) ) ;
#2232 = EDGE_CURVE ( 'NONE', #375, #2958, #1803, .T. ) ;
#2233 = DIRECTION ( 'NONE',  ( -1.000000000000000000, -0.0000000000000000000, -0.0000000000000000000 ) ) ;
#2234 = ORIENTED_EDGE ( 'NONE', *, *, #443, .F. ) ;
#2235 = EDGE_CURVE ( 'NONE', #324, #4112, #5604, .T. ) ;
#2236 = FACE_OUTER_BOUND ( 'NONE', #88, .T. ) ;
#2237 = CARTESIAN_POINT ( 'NONE',  ( -2.300000000000002000, 0.2999999999999999900, -2.400000000000000800 ) ) ;
#2238 = CARTESIAN_POINT ( 'NONE',  ( 1.650000000000002100, 0.6499999999999998000, 2.250000000000002200 ) ) ;
#2239 = PLANE ( 'NONE',  #1166 ) ;
#2240 = FACE_OUTER_BOUND ( 'NONE', #542, .T. ) ;
#2241 = EDGE_LOOP ( 'NONE', ( #2627, #5923, #55, #2908, #498, #2827, #2481, #1488 ) ) ;
#2242 = SURFACE_STYLE_USAGE ( .BOTH. , #1328 ) ;
#2243 = VECTOR ( 'NONE', #1878, 1000.000000000000000 ) ;
#2244 = SURFACE_SIDE_STYLE ('',( #1888 ) ) ;
#2245 = DIRECTION ( 'NONE',  ( -0.0000000000000000000, 4.336808689942017700E-016, -1.000000000000000000 ) ) ;
#2246 = CARTESIAN_POINT ( 'NONE',  ( -2.265000000000003200, 2.700000000000001500, -1.749999999999999800 ) ) ;
#2247 = ADVANCED_FACE ( 'NONE', ( #4582 ), #3865, .F. ) ;
#2248 = VECTOR ( 'NONE', #3009, 1000.000000000000000 ) ;
#2249 = ORIENTED_EDGE ( 'NONE', *, *, #1644, .F. ) ;
#2250 = CARTESIAN_POINT ( 'NONE',  ( -4.899999999999999500, 0.7000000000000000700, 3.250000000000002700 ) ) ;
#2251 = ORIENTED_EDGE ( 'NONE', *, *, #854, .T. ) ;
#2252 = LINE ( 'NONE', #4301, #2624 ) ;
#2253 = CARTESIAN_POINT ( 'NONE',  ( 0.6249999999999985600, 0.0000000000000000000, -2.249999999999999600 ) ) ;
#2254 = MECHANICAL_DESIGN_GEOMETRIC_PRESENTATION_REPRESENTATION (  '', ( #1950 ), #2580 ) ;
#2255 = EDGE_CURVE ( 'NONE', #3449, #4517, #4510, .T. ) ;
#2256 = LINE ( 'NONE', #4, #1172 ) ;
#2257 = ORIENTED_EDGE ( 'NONE', *, *, #3939, .T. ) ;
#2258 = LINE ( 'NONE', #4204, #3668 ) ;
#2259 = VERTEX_POINT ( 'NONE', #4748 ) ;
#2260 = VECTOR ( 'NONE', #415, 1000.000000000000000 ) ;
#2261 = DIRECTION ( 'NONE',  ( 0.0000000000000000000, 0.0000000000000000000, -1.000000000000000000 ) ) ;
#2262 = DIRECTION ( 'NONE',  ( -0.2873478855663468300, -5.934156224574238800E-016, -0.9578262852211509900 ) ) ;
#2263 = FACE_OUTER_BOUND ( 'NONE', #3967, .T. ) ;
#2264 = ORIENTED_EDGE ( 'NONE', *, *, #5763, .F. ) ;
#2265 = DIRECTION ( 'NONE',  ( 3.469446951953515100E-014, 1.000000000000000000, 0.0000000000000000000 ) ) ;
#2266 = VECTOR ( 'NONE', #1697, 1000.000000000000000 ) ;
#2267 = EDGE_CURVE ( 'NONE', #4965, #1484, #4225, .T. ) ;
#2268 = ORIENTED_EDGE ( 'NONE', *, *, #2398, .T. ) ;
#2269 = PLANE ( 'NONE',  #3623 ) ;
#2270 = PLANE ( 'NONE',  #203 ) ;
#2271 = FACE_OUTER_BOUND ( 'NONE', #4172, .T. ) ;
#2272 = ORIENTED_EDGE ( 'NONE', *, *, #5336, .T. ) ;
#2273 = ORIENTED_EDGE ( 'NONE', *, *, #3639, .F. ) ;
#2274 = VECTOR ( 'NONE', #5419, 1000.000000000000000 ) ;
#2275 = ORIENTED_EDGE ( 'NONE', *, *, #5669, .F. ) ;
#2276 = CARTESIAN_POINT ( 'NONE',  ( 0.6499999999999978000, 2.449999999999999300, -1.599999999999999900 ) ) ;
#2277 = VECTOR ( 'NONE', #705, 1000.000000000000000 ) ;
#2278 = PLANE ( 'NONE',  #5780 ) ;
#2279 = EDGE_LOOP ( 'NONE', ( #814, #948, #5263, #4400 ) ) ;
#2280 = EDGE_CURVE ( 'NONE', #4917, #5990, #5017, .T. ) ;
#2281 = PLANE ( 'NONE',  #3134 ) ;
#2282 = LINE ( 'NONE', #2246, #1046 ) ;
#2283 = DIRECTION ( 'NONE',  ( -1.000000000000000000, -0.0000000000000000000, -0.0000000000000000000 ) ) ;
#2284 = CLOSED_SHELL ( 'NONE', ( #4230, #3715, #4367, #310, #99, #3065 ) ) ;
#2285 =( LENGTH_UNIT ( ) NAMED_UNIT ( * ) SI_UNIT ( .MILLI., .METRE. ) );
#2286 = EDGE_LOOP ( 'NONE', ( #1923, #2845, #2808, #3008 ) ) ;
#2287 = PLANE ( 'NONE',  #2920 ) ;
#2288 = ADVANCED_FACE ( 'NONE', ( #224 ), #4306, .F. ) ;
#2289 = CARTESIAN_POINT ( 'NONE',  ( 0.6249999999999985600, 0.9499999999999994000, 2.000000000000000900 ) ) ;
#2290 = ORIENTED_EDGE ( 'NONE', *, *, #34, .F. ) ;
#2291 =( GEOMETRIC_REPRESENTATION_CONTEXT ( 3 ) GLOBAL_UNCERTAINTY_ASSIGNED_CONTEXT ( ( #183 ) ) GLOBAL_UNIT_ASSIGNED_CONTEXT ( ( #5855, #3077, #3561 ) ) REPRESENTATION_CONTEXT ( 'NONE', 'WORKASPACE' ) );
#2292 = CARTESIAN_POINT ( 'NONE',  ( -0.2000000000000014000, 0.0000000000000000000, -2.250000000000000000 ) ) ;
#2293 = CARTESIAN_POINT ( 'NONE',  ( 3.350000000000000500, 0.3600000000000000400, 2.750000000000002700 ) ) ;
#2294 = ORIENTED_EDGE ( 'NONE', *, *, #5140, .T. ) ;
#2295 = DIRECTION ( 'NONE',  ( -0.0000000000000000000, 0.0000000000000000000, 1.000000000000000000 ) ) ;
#2296 = AXIS2_PLACEMENT_3D ( 'NONE', #982, #2856, #1370 ) ;
#2297 = CARTESIAN_POINT ( 'NONE',  ( -1.350000000000002300, 0.0000000000000000000, -1.749999999999999800 ) ) ;
#2298 = CARTESIAN_POINT ( 'NONE',  ( 2.300000000000002000, 2.449999999999999700, -0.8499999999999996400 ) ) ;
#2299 = CARTESIAN_POINT ( 'NONE',  ( 2.650000000000001200, 1.449999999999999500, 2.050000000000002500 ) ) ;
#2300 = PLANE ( 'NONE',  #892 ) ;
#2301 = EDGE_LOOP ( 'NONE', ( #5789, #2377, #3975, #3602 ) ) ;
#2302 = CARTESIAN_POINT ( 'NONE',  ( -2.650000000000001200, 0.6600000000000000300, 2.399999999999999500 ) ) ;
#2303 = CARTESIAN_POINT ( 'NONE',  ( -1.650000000000000400, 0.0000000000000000000, -1.599999999999999900 ) ) ;
#2304 = ORIENTED_EDGE ( 'NONE', *, *, #3639, .T. ) ;
#2305 = CARTESIAN_POINT ( 'NONE',  ( -2.300000000000002000, 2.449999999999999700, 1.550000000000000500 ) ) ;
#2306 = DIRECTION ( 'NONE',  ( 0.0000000000000000000, 0.0000000000000000000, 1.000000000000000000 ) ) ;
#2307 = CARTESIAN_POINT ( 'NONE',  ( -4.700000000000000200, 2.349999999999997400, 2.050000000000000300 ) ) ;
#2308 = EDGE_CURVE ( 'NONE', #4965, #3370, #3218, .T. ) ;
#2309 = EDGE_CURVE ( 'NONE', #2943, #4456, #1588, .T. ) ;
#2310 = VECTOR ( 'NONE', #3780, 1000.000000000000000 ) ;
#2311 = ADVANCED_FACE ( 'NONE', ( #1960 ), #2904, .F. ) ;
#2312 = FACE_OUTER_BOUND ( 'NONE', #2472, .T. ) ;
#2313 = CARTESIAN_POINT ( 'NONE',  ( -0.3750000000000014400, 0.0000000000000000000, -2.249999999999999600 ) ) ;
#2314 = CARTESIAN_POINT ( 'NONE',  ( 3.850000000000002800, 2.700000000000000200, 3.250000000000002700 ) ) ;
#2315 = DIRECTION ( 'NONE',  ( -1.000000000000000000, -0.0000000000000000000, -0.0000000000000000000 ) ) ;
#2316 = VECTOR ( 'NONE', #2033, 1000.000000000000000 ) ;
#2317 = EDGE_CURVE ( 'NONE', #4603, #4246, #2395, .T. ) ;
#2318 = FILL_AREA_STYLE ('',( #5124 ) ) ;
#2319 = EDGE_CURVE ( 'NONE', #3449, #3763, #2686, .T. ) ;
#2320 = DIRECTION ( 'NONE',  ( 0.2873478855663468300, 0.0000000000000000000, -0.9578262852211508700 ) ) ;
#2321 = CARTESIAN_POINT ( 'NONE',  ( 2.307261310856348200, 2.449999999999999700, 2.049999999999999400 ) ) ;
#2322 = DIRECTION ( 'NONE',  ( -0.2873478855663468300, 5.934156224574238800E-016, 0.9578262852211509900 ) ) ;
#2323 = VECTOR ( 'NONE', #4934, 1000.000000000000000 ) ;
#2324 = ORIENTED_EDGE ( 'NONE', *, *, #62, .T. ) ;
#2325 = DIRECTION ( 'NONE',  ( -0.0000000000000000000, 1.000000000000000000, -0.0000000000000000000 ) ) ;
#2326 = LINE ( 'NONE', #2226, #4085 ) ;
#2327 = PRESENTATION_LAYER_ASSIGNMENT (  '', '', ( #3262 ) ) ;
#2328 = FACE_OUTER_BOUND ( 'NONE', #1317, .T. ) ;
#2329 = EDGE_LOOP ( 'NONE', ( #2304, #5051, #5898, #2565 ) ) ;
#2330 = CARTESIAN_POINT ( 'NONE',  ( 3.400000000000000400, 2.549999999999997200, 2.049999999999999400 ) ) ;
#2331 = DIRECTION ( 'NONE',  ( 0.0000000000000000000, -6.195440985631449400E-016, -1.000000000000000000 ) ) ;
#2332 = AXIS2_PLACEMENT_3D ( 'NONE', #1486, #2458, #2424 ) ;
#2333 = LINE ( 'NONE', #6026, #4020 ) ;
#2334 = ORIENTED_EDGE ( 'NONE', *, *, #1111, .T. ) ;
#2335 = FACE_OUTER_BOUND ( 'NONE', #1922, .T. ) ;
#2336 = VECTOR ( 'NONE', #202, 1000.000000000000000 ) ;
#2337 = UNCERTAINTY_MEASURE_WITH_UNIT (LENGTH_MEASURE( 1.000000000000000100E-005 ), #1341, 'distance_accuracy_value', 'NONE');
#2338 = VECTOR ( 'NONE', #3635, 1000.000000000000000 ) ;
#2339 = ORIENTED_EDGE ( 'NONE', *, *, #5079, .T. ) ;
#2340 = ORIENTED_EDGE ( 'NONE', *, *, #5370, .T. ) ;
#2341 = CARTESIAN_POINT ( 'NONE',  ( -2.300000000000002000, 2.649999999999999900, 1.550000000000000500 ) ) ;
#2342 = VECTOR ( 'NONE', #1207, 1000.000000000000000 ) ;
#2343 = ORIENTED_EDGE ( 'NONE', *, *, #2902, .F. ) ;
#2344 = EDGE_LOOP ( 'NONE', ( #570, #1844, #4794, #3470 ) ) ;
#2345 = LINE ( 'NONE', #5798, #2703 ) ;
#2346 = ORIENTED_EDGE ( 'NONE', *, *, #5439, .T. ) ;
#2347 = ORIENTED_EDGE ( 'NONE', *, *, #5809, .T. ) ;
#2348 = DIRECTION ( 'NONE',  ( -1.000000000000000000, -0.0000000000000000000, -0.0000000000000000000 ) ) ;
#2349 = CARTESIAN_POINT ( 'NONE',  ( -4.099999999999999600, 0.3600000000000000400, 2.050000000000002500 ) ) ;
#2350 = CARTESIAN_POINT ( 'NONE',  ( -1.138532110091747200, 2.449999999999998800, -3.378440366972479400 ) ) ;
#2351 = EDGE_LOOP ( 'NONE', ( #728, #910, #1906, #5841 ) ) ;
#2352 = ADVANCED_FACE ( 'NONE', ( #4723 ), #4366, .F. ) ;
#2353 = PLANE ( 'NONE',  #5026 ) ;
#2354 = ORIENTED_EDGE ( 'NONE', *, *, #5808, .T. ) ;
#2355 = LINE ( 'NONE', #5449, #5421 ) ;
#2356 = EDGE_CURVE ( 'NONE', #2765, #5199, #5532, .T. ) ;
#2357 = DIRECTION ( 'NONE',  ( 0.0000000000000000000, 0.0000000000000000000, -1.000000000000000000 ) ) ;
#2358 = CARTESIAN_POINT ( 'NONE',  ( 3.350000000000000500, 0.6600000000000000300, 2.050000000000002500 ) ) ;
#2359 = ORIENTED_EDGE ( 'NONE', *, *, #5726, .F. ) ;
#2360 = DIRECTION ( 'NONE',  ( 0.0000000000000000000, -1.000000000000000000, -1.112002228190261100E-015 ) ) ;
#2361 = CARTESIAN_POINT ( 'NONE',  ( 0.3499999999999996400, 0.3499999999999999800, -1.749999999999999800 ) ) ;
#2362 = ORIENTED_EDGE ( 'NONE', *, *, #5593, .F. ) ;
#2363 = EDGE_CURVE ( 'NONE', #968, #2653, #6033, .T. ) ;
#2364 = ORIENTED_EDGE ( 'NONE', *, *, #687, .T. ) ;
#2365 = DIRECTION ( 'NONE',  ( 0.0000000000000000000, 0.0000000000000000000, 1.000000000000000000 ) ) ;
#2366 = CARTESIAN_POINT ( 'NONE',  ( -0.6250000000000014400, 2.199999999999998800, -2.550000000000001200 ) ) ;
#2367 = ORIENTED_EDGE ( 'NONE', *, *, #4196, .T. ) ;
#2368 = EDGE_CURVE ( 'NONE', #1395, #3703, #3442, .T. ) ;
#2369 = LINE ( 'NONE', #4570, #3922 ) ;
#2370 = CARTESIAN_POINT ( 'NONE',  ( 4.700000000000000200, 2.549999999999997600, 2.049999999999999800 ) ) ;
#2371 = DIRECTION ( 'NONE',  ( 1.000000000000000000, 1.018492949910624200E-015, 0.0000000000000000000 ) ) ;
#2372 = DIRECTION ( 'NONE',  ( -0.0000000000000000000, -0.0000000000000000000, -1.000000000000000000 ) ) ;
#2373 = DIRECTION ( 'NONE',  ( 0.0000000000000000000, 0.0000000000000000000, -1.000000000000000000 ) ) ;
#2374 = CARTESIAN_POINT ( 'NONE',  ( -2.650000000000000400, 0.6600000000000023600, 2.050000000000002500 ) ) ;
#2375 = CARTESIAN_POINT ( 'NONE',  ( -3.850000000000002800, 2.700000000000000200, 3.250000000000002700 ) ) ;
#2376 = PLANE ( 'NONE',  #4822 ) ;
#2377 = ORIENTED_EDGE ( 'NONE', *, *, #3543, .F. ) ;
#2378 = DIRECTION ( 'NONE',  ( -1.000000000000000000, 0.0000000000000000000, 0.0000000000000000000 ) ) ;
#2379 = EDGE_CURVE ( 'NONE', #5903, #4703, #430, .T. ) ;
#2380 = ADVANCED_FACE ( 'NONE', ( #215 ), #2508, .F. ) ;
#2381 = AXIS2_PLACEMENT_3D ( 'NONE', #4552, #3596, #2637 ) ;
#2382 = DIRECTION ( 'NONE',  ( -0.0000000000000000000, 0.0000000000000000000, -1.000000000000000000 ) ) ;
#2383 = CARTESIAN_POINT ( 'NONE',  ( -0.3500000000000022000, 0.3499999999999999800, -1.749999999999999800 ) ) ;
#2384 = CARTESIAN_POINT ( 'NONE',  ( 0.3499999999999996400, 2.450000000000000200, -1.599999999999999900 ) ) ;
#2385 = CARTESIAN_POINT ( 'NONE',  ( 1.374999999999998700, 1.129584054212076700, 1.677811959340942800 ) ) ;
#2386 = DIRECTION ( 'NONE',  ( 0.0000000000000000000, 0.0000000000000000000, -1.000000000000000000 ) ) ;
#2387 = DIRECTION ( 'NONE',  ( 0.0000000000000000000, 0.0000000000000000000, 1.000000000000000000 ) ) ;
#2388 = EDGE_LOOP ( 'NONE', ( #5720, #373, #3669, #5496 ) ) ;
#2389 = DIRECTION ( 'NONE',  ( -1.000000000000000000, -0.0000000000000000000, -0.0000000000000000000 ) ) ;
#2390 = VECTOR ( 'NONE', #5581, 1000.000000000000000 ) ;
#2391 = EDGE_CURVE ( 'NONE', #1281, #4358, #3292, .T. ) ;
#2392 = EDGE_CURVE ( 'NONE', #880, #5847, #5888, .T. ) ;
#2393 = VECTOR ( 'NONE', #3260, 1000.000000000000000 ) ;
#2394 = ORIENTED_EDGE ( 'NONE', *, *, #275, .T. ) ;
#2395 = CIRCLE ( 'NONE', #5814, 0.1999999999999996500 ) ;
#2396 = FACE_OUTER_BOUND ( 'NONE', #4316, .T. ) ;
#2397 = CARTESIAN_POINT ( 'NONE',  ( 1.649999999999997900, 2.449999999999999300, -1.599999999999999900 ) ) ;
#2398 = EDGE_CURVE ( 'NONE', #5481, #975, #2022, .T. ) ;
#2399 = LINE ( 'NONE', #2974, #1165 ) ;
#2400 = ORIENTED_EDGE ( 'NONE', *, *, #2085, .F. ) ;
#2401 = VECTOR ( 'NONE', #3355, 1000.000000000000000 ) ;
#2402 = DIRECTION ( 'NONE',  ( 0.0000000000000000000, -0.0000000000000000000, 1.000000000000000000 ) ) ;
#2403 = DIRECTION ( 'NONE',  ( 1.000000000000000000, 0.0000000000000000000, 0.0000000000000000000 ) ) ;
#2404 = DIRECTION ( 'NONE',  ( 0.0000000000000000000, -1.000000000000000000, 0.0000000000000000000 ) ) ;
#2405 = ADVANCED_FACE ( 'NONE', ( #4368 ), #715, .F. ) ;
#2406 = CARTESIAN_POINT ( 'NONE',  ( -2.265000000000003200, 0.3499999999999999800, -1.749999999999999800 ) ) ;
#2407 = VERTEX_POINT ( 'NONE', #5300 ) ;
#2408 = VECTOR ( 'NONE', #2820, 1000.000000000000000 ) ;
#2409 = VERTEX_POINT ( 'NONE', #4419 ) ;
#2410 = DIRECTION ( 'NONE',  ( -1.000000000000000000, 0.0000000000000000000, -0.0000000000000000000 ) ) ;
#2411 = LINE ( 'NONE', #5904, #1897 ) ;
#2412 = ORIENTED_EDGE ( 'NONE', *, *, #4091, .T. ) ;
#2413 = LINE ( 'NONE', #411, #5545 ) ;
#2414 = AXIS2_PLACEMENT_3D ( 'NONE', #5623, #517, #1920 ) ;
#2415 = VECTOR ( 'NONE', #5245, 1000.000000000000000 ) ;
#2416 = CARTESIAN_POINT ( 'NONE',  ( -1.375000000000001300, 0.0000000000000000000, -2.249999999999999600 ) ) ;
#2417 = VECTOR ( 'NONE', #4217, 1000.000000000000000 ) ;
#2418 = ORIENTED_EDGE ( 'NONE', *, *, #2709, .T. ) ;
#2419 = VECTOR ( 'NONE', #565, 1000.000000000000000 ) ;
#2420 = VERTEX_POINT ( 'NONE', #4829 ) ;
#2421 = ORIENTED_EDGE ( 'NONE', *, *, #2083, .F. ) ;
#2422 = ORIENTED_EDGE ( 'NONE', *, *, #193, .F. ) ;
#2423 = LINE ( 'NONE', #326, #3978 ) ;
#2424 = DIRECTION ( 'NONE',  ( 1.000000000000000000, 0.0000000000000000000, 0.0000000000000000000 ) ) ;
#2425 = CARTESIAN_POINT ( 'NONE',  ( -0.3750000000000014400, 0.2999999999999998200, -2.550000000000001200 ) ) ;
#2426 = FACE_OUTER_BOUND ( 'NONE', #2351, .T. ) ;
#2427 = VERTEX_POINT ( 'NONE', #2573 ) ;
#2428 = DIRECTION ( 'NONE',  ( 0.0000000000000000000, 1.000000000000000000, 0.0000000000000000000 ) ) ;
#2429 = ORIENTED_EDGE ( 'NONE', *, *, #4566, .F. ) ;
#2430 = LINE ( 'NONE', #192, #3332 ) ;
#2431 = DIRECTION ( 'NONE',  ( 0.0000000000000000000, 0.0000000000000000000, -1.000000000000000000 ) ) ;
#2432 = DIRECTION ( 'NONE',  ( 0.0000000000000000000, 0.0000000000000000000, 1.000000000000000000 ) ) ;
#2433 = CARTESIAN_POINT ( 'NONE',  ( 0.3749999999999986100, 2.199999999999998800, -2.550000000000001200 ) ) ;
#2434 = ORIENTED_EDGE ( 'NONE', *, *, #761, .T. ) ;
#2435 = EDGE_CURVE ( 'NONE', #5031, #3544, #3587, .T. ) ;
#2436 = DIRECTION ( 'NONE',  ( 0.0000000000000000000, 0.9396926207859105400, -0.3420201433256628300 ) ) ;
#2437 = CARTESIAN_POINT ( 'NONE',  ( -4.899999999999999500, 2.450000000000000600, -0.8499999999999992000 ) ) ;
#2438 = EDGE_LOOP ( 'NONE', ( #465, #2566, #4623, #673, #5875, #2434, #4467, #2812, #4118, #893, #4771, #1230 ) ) ;
#2439 = ORIENTED_EDGE ( 'NONE', *, *, #1887, .T. ) ;
#2440 = CARTESIAN_POINT ( 'NONE',  ( -1.375000000000001300, 0.9499999999999996200, 1.250000000000000900 ) ) ;
#2441 = EDGE_LOOP ( 'NONE', ( #4975, #872, #5414, #2144 ) ) ;
#2442 = ADVANCED_FACE ( 'NONE', ( #4788 ), #238, .F. ) ;
#2443 = EDGE_CURVE ( 'NONE', #1041, #5626, #2836, .T. ) ;
#2444 = CARTESIAN_POINT ( 'NONE',  ( 2.265000000000003200, 0.3499999999999999800, -1.549999999999999600 ) ) ;
#2445 = VERTEX_POINT ( 'NONE', #3021 ) ;
#2446 = DIRECTION ( 'NONE',  ( 0.0000000000000000000, -0.0000000000000000000, 1.000000000000000000 ) ) ;
#2447 = DIRECTION ( 'NONE',  ( 0.0000000000000000000, 0.0000000000000000000, -1.000000000000000000 ) ) ;
#2448 = CARTESIAN_POINT ( 'NONE',  ( 0.3499999999999987600, 2.449999999999999700, -2.249999999999997800 ) ) ;
#2449 = AXIS2_PLACEMENT_3D ( 'NONE', #1785, #2711, #5058 ) ;
#2450 = CARTESIAN_POINT ( 'NONE',  ( 2.735000000000001200, 2.450000000000000200, -1.750000000000000400 ) ) ;
#2452 = ORIENTED_EDGE ( 'NONE', *, *, #6010, .F. ) ;
#2451 = CARTESIAN_POINT ( 'NONE',  ( -1.350000000000002300, 0.0000000000000000000, -1.749999999999999800 ) ) ;
#2453 = ORIENTED_EDGE ( 'NONE', *, *, #5294, .F. ) ;
#2454 = CARTESIAN_POINT ( 'NONE',  ( -2.700000000000002400, 0.0000000000000000000, 1.100000000000000800 ) ) ;
#2455 = CARTESIAN_POINT ( 'NONE',  ( -2.000000000000000000, 0.2500000000000000000, -2.250000000000000000 ) ) ;
#2456 = VERTEX_POINT ( 'NONE', #3999 ) ;
#2457 = LINE ( 'NONE', #2374, #3064 ) ;
#2458 = DIRECTION ( 'NONE',  ( 0.0000000000000000000, -0.0000000000000000000, 1.000000000000000000 ) ) ;
#2459 = CARTESIAN_POINT ( 'NONE',  ( -2.650000000000003000, 1.449999999999999500, -0.09999999999999766000 ) ) ;
#2460 = FACE_OUTER_BOUND ( 'NONE', #3507, .T. ) ;
#2461 = PLANE ( 'NONE',  #2526 ) ;
#2462 = CYLINDRICAL_SURFACE ( 'NONE', #1008, 0.1999999999999996500 ) ;
#2463 = EDGE_CURVE ( 'NONE', #1766, #3018, #1652, .T. ) ;
#2464 = CARTESIAN_POINT ( 'NONE',  ( 0.6249999999999985600, 2.199999999999998800, -2.249999999999999100 ) ) ;
#2465 = ADVANCED_FACE ( 'NONE', ( #3866 ), #5350, .F. ) ;
#2466 = VECTOR ( 'NONE', #1790, 1000.000000000000000 ) ;
#2467 = VECTOR ( 'NONE', #489, 1000.000000000000000 ) ;
#2468 = LINE ( 'NONE', #1272, #1225 ) ;
#2469 = DIRECTION ( 'NONE',  ( 0.0000000000000000000, 0.0000000000000000000, -1.000000000000000000 ) ) ;
#2470 = DIRECTION ( 'NONE',  ( -0.0000000000000000000, 6.195440985631449400E-016, 1.000000000000000000 ) ) ;
#2471 = EDGE_CURVE ( 'NONE', #3132, #684, #137, .T. ) ;
#2472 = EDGE_LOOP ( 'NONE', ( #1247, #4749, #4594, #1325, #4532, #5713, #3297, #2197, #199, #1915, #4025, #176, #3532, #3090, #2453, #1889, #4824, #5033, #1137, #5676, #5727, #4482, #750, #1254 ) ) ;
#2473 = COLOUR_RGB ( '',0.2509803921568627400, 0.2509803921568627400, 0.2509803921568627400 ) ;
#2474 = DIRECTION ( 'NONE',  ( -0.0000000000000000000, 1.000000000000000000, 2.224004456380521900E-016 ) ) ;
#2475 = VECTOR ( 'NONE', #432, 1000.000000000000000 ) ;
#2476 = VERTEX_POINT ( 'NONE', #280 ) ;
#2477 = LINE ( 'NONE', #39, #3091 ) ;
#2478 = FACE_OUTER_BOUND ( 'NONE', #2279, .T. ) ;
#2479 = CARTESIAN_POINT ( 'NONE',  ( -4.899999999999999500, 2.349999999999997400, 3.250000000000002700 ) ) ;
#2480 = VECTOR ( 'NONE', #4431, 1000.000000000000000 ) ;
#2481 = ORIENTED_EDGE ( 'NONE', *, *, #4051, .T. ) ;
#2482 = ORIENTED_EDGE ( 'NONE', *, *, #997, .F. ) ;
#2483 = LINE ( 'NONE', #5032, #1245 ) ;
#2484 = ORIENTED_EDGE ( 'NONE', *, *, #3048, .F. ) ;
#2485 = ORIENTED_EDGE ( 'NONE', *, *, #378, .F. ) ;
#2486 = LINE ( 'NONE', #4353, #3024 ) ;
#2487 = PLANE ( 'NONE',  #915 ) ;
#2488 = ORIENTED_EDGE ( 'NONE', *, *, #3988, .F. ) ;
#2489 = ORIENTED_EDGE ( 'NONE', *, *, #2798, .T. ) ;
#2490 = DIRECTION ( 'NONE',  ( 0.0000000000000000000, 0.0000000000000000000, -1.000000000000000000 ) ) ;
#2491 = CARTESIAN_POINT ( 'NONE',  ( -0.3500000000000022000, 0.0000000000000000000, -1.599999999999999900 ) ) ;
#2492 = AXIS2_PLACEMENT_3D ( 'NONE', #1454, #4731, #942 ) ;
#2493 = VECTOR ( 'NONE', #181, 1000.000000000000000 ) ;
#2494 = EDGE_CURVE ( 'NONE', #2578, #3383, #5238, .T. ) ;
#2495 = ORIENTED_EDGE ( 'NONE', *, *, #4438, .F. ) ;
#2496 = CARTESIAN_POINT ( 'NONE',  ( 1.349999999999999600, 0.3499999999999999800, -1.599999999999999900 ) ) ;
#2497 = ORIENTED_EDGE ( 'NONE', *, *, #5588, .F. ) ;
#2498 =( GEOMETRIC_REPRESENTATION_CONTEXT ( 3 ) GLOBAL_UNCERTAINTY_ASSIGNED_CONTEXT ( ( #4576 ) ) GLOBAL_UNIT_ASSIGNED_CONTEXT ( ( #2727, #6000, #5045 ) ) REPRESENTATION_CONTEXT ( 'NONE', 'WORKASPACE' ) );
#2499 = EDGE_LOOP ( 'NONE', ( #2882, #5048, #2716, #1853, #5929, #3396, #2359, #1187, #2931, #3558, #2488, #2264, #4961 ) ) ;
#2500 = LINE ( 'NONE', #2084, #1326 ) ;
#2501 = ADVANCED_FACE ( 'NONE', ( #2236 ), #4842, .F. ) ;
#2502 = ORIENTED_EDGE ( 'NONE', *, *, #2831, .F. ) ;
#2503 = CARTESIAN_POINT ( 'NONE',  ( -0.8000000000000010400, 0.3499999999999999800, -2.250000000000000400 ) ) ;
#2504 =( NAMED_UNIT ( * ) PLANE_ANGLE_UNIT ( ) SI_UNIT ( $, .RADIAN. ) );
#2505 = DIRECTION ( 'NONE',  ( 3.469446951953515100E-014, -1.000000000000000000, 0.0000000000000000000 ) ) ;
#2506 = CARTESIAN_POINT ( 'NONE',  ( -4.899999999999999500, 2.449999999999999700, -2.249999999999997800 ) ) ;
#2507 = ORIENTED_EDGE ( 'NONE', *, *, #3556, .T. ) ;
#2508 = PLANE ( 'NONE',  #4714 ) ;
#2509 = CARTESIAN_POINT ( 'NONE',  ( 0.6249999999999985600, 1.219584054212075700, 1.797811959340943600 ) ) ;
#2510 = EDGE_CURVE ( 'NONE', #3403, #4797, #4006, .T. ) ;
#2511 = VECTOR ( 'NONE', #1617, 1000.000000000000000 ) ;
#2512 = EDGE_CURVE ( 'NONE', #4248, #4244, #5748, .T. ) ;
#2513 = DIRECTION ( 'NONE',  ( -0.0000000000000000000, -0.0000000000000000000, 1.000000000000000000 ) ) ;
#2514 = CARTESIAN_POINT ( 'NONE',  ( 2.300000000000002000, 0.1273895819931683500, 1.450000000000000800 ) ) ;
#2515 = ORIENTED_EDGE ( 'NONE', *, *, #6022, .F. ) ;
#2516 = ORIENTED_EDGE ( 'NONE', *, *, #402, .T. ) ;
#2517 = EDGE_CURVE ( 'NONE', #2048, #222, #1219, .T. ) ;
#2518 = CARTESIAN_POINT ( 'NONE',  ( 0.3749999999999986100, 0.0000000000000000000, -2.249999999999999600 ) ) ;
#2519 = PLANE ( 'NONE',  #6037 ) ;
#2520 = AXIS2_PLACEMENT_3D ( 'NONE', #421, #3275, #473 ) ;
#2521 = UNCERTAINTY_MEASURE_WITH_UNIT (LENGTH_MEASURE( 1.000000000000000100E-005 ), #1956, 'distance_accuracy_value', 'NONE');
#2522 = ORIENTED_EDGE ( 'NONE', *, *, #4624, .F. ) ;
#2523 = DIRECTION ( 'NONE',  ( -1.000000000000000000, -0.0000000000000000000, -0.0000000000000000000 ) ) ;
#2524 = ADVANCED_FACE ( 'NONE', ( #1151 ), #112, .F. ) ;
#2525 = ORIENTED_EDGE ( 'NONE', *, *, #5446, .F. ) ;
#2526 = AXIS2_PLACEMENT_3D ( 'NONE', #5813, #210, #3915 ) ;
#2527 = ORIENTED_EDGE ( 'NONE', *, *, #2494, .T. ) ;
#2528 = CARTESIAN_POINT ( 'NONE',  ( -1.999999999999998200, 2.699999999999899400, 2.050000000000000700 ) ) ;
#2529 = AXIS2_PLACEMENT_3D ( 'NONE', #2064, #2094, #4390 ) ;
#2530 = CARTESIAN_POINT ( 'NONE',  ( 1.650000000000002100, 0.5249999999999998000, 2.250000000000002200 ) ) ;
#2531 = CARTESIAN_POINT ( 'NONE',  ( -1.999999999999998200, 2.700000000000001500, -1.549999999999997200 ) ) ;
#2532 = VECTOR ( 'NONE', #5526, 1000.000000000000000 ) ;
#2533 = VECTOR ( 'NONE', #1483, 1000.000000000000000 ) ;
#2534 = CARTESIAN_POINT ( 'NONE',  ( -2.650000000000003000, 1.449999999999999500, 2.050000000000002500 ) ) ;
#2535 = DIRECTION ( 'NONE',  ( -0.0000000000000000000, -0.0000000000000000000, 1.000000000000000000 ) ) ;
#2536 = CARTESIAN_POINT ( 'NONE',  ( -2.650000000000003000, 1.449999999999999500, -0.09999999999999766000 ) ) ;
#2537 = ORIENTED_EDGE ( 'NONE', *, *, #402, .F. ) ;
#2538 = LINE ( 'NONE', #4224, #1727 ) ;
#2539 = EDGE_CURVE ( 'NONE', #3003, #5649, #1520, .T. ) ;
#2540 = VECTOR ( 'NONE', #2151, 1000.000000000000100 ) ;
#2541 = LINE ( 'NONE', #2897, #1733 ) ;
#2542 = EDGE_LOOP ( 'NONE', ( #4416, #1661, #2945, #2057, #2029, #2822, #4528, #4878 ) ) ;
#2543 = CARTESIAN_POINT ( 'NONE',  ( -4.899999999999999500, 2.449999999999999700, -2.249999999999997800 ) ) ;
#2544 = ORIENTED_EDGE ( 'NONE', *, *, #3705, .T. ) ;
#2545 = FACE_OUTER_BOUND ( 'NONE', #4378, .T. ) ;
#2546 = CARTESIAN_POINT ( 'NONE',  ( 0.6249999999999985600, 0.3899999999999999600, -1.599999999999999900 ) ) ;
#2547 = CARTESIAN_POINT ( 'NONE',  ( 2.265000000000003200, 2.449999999999999700, -2.249999999999997800 ) ) ;
#2548 = DIRECTION ( 'NONE',  ( 0.0000000000000000000, 0.0000000000000000000, -1.000000000000000000 ) ) ;
#2549 = EDGE_CURVE ( 'NONE', #5442, #4069, #4221, .T. ) ;
#2550 = VECTOR ( 'NONE', #196, 1000.000000000000000 ) ;
#2551 = ORIENTED_EDGE ( 'NONE', *, *, #3285, .T. ) ;
#2552 = VECTOR ( 'NONE', #405, 1000.000000000000000 ) ;
#2553 = EDGE_CURVE ( 'NONE', #2225, #637, #4505, .T. ) ;
#2554 = ORIENTED_EDGE ( 'NONE', *, *, #3600, .F. ) ;
#2555 = LINE ( 'NONE', #2011, #5323 ) ;
#2556 = LINE ( 'NONE', #919, #2636 ) ;
#2557 = ORIENTED_EDGE ( 'NONE', *, *, #5406, .F. ) ;
#2558 = ORIENTED_EDGE ( 'NONE', *, *, #3217, .F. ) ;
#2559 = LINE ( 'NONE', #427, #93 ) ;
#2560 = VERTEX_POINT ( 'NONE', #5939 ) ;
#2561 = DIRECTION ( 'NONE',  ( 1.000000000000000000, -0.0000000000000000000, -0.0000000000000000000 ) ) ;
#2562 = CARTESIAN_POINT ( 'NONE',  ( -2.650000000000001200, 0.9499999999999995100, -0.09999999999999766000 ) ) ;
#2563 = DIRECTION ( 'NONE',  ( 0.0000000000000000000, -1.000000000000000000, 0.0000000000000000000 ) ) ;
#2564 = FACE_OUTER_BOUND ( 'NONE', #929, .T. ) ;
#2565 = ORIENTED_EDGE ( 'NONE', *, *, #4739, .T. ) ;
#2566 = ORIENTED_EDGE ( 'NONE', *, *, #3937, .T. ) ;
#2567 = DIRECTION ( 'NONE',  ( 0.0000000000000000000, -4.336808689942017700E-016, 1.000000000000000000 ) ) ;
#2568 = ORIENTED_EDGE ( 'NONE', *, *, #4476, .F. ) ;
#2569 = ORIENTED_EDGE ( 'NONE', *, *, #1032, .F. ) ;
#2570 = ORIENTED_EDGE ( 'NONE', *, *, #5716, .F. ) ;
#2571 = VECTOR ( 'NONE', #5772, 1000.000000000000000 ) ;
#2572 = DIRECTION ( 'NONE',  ( 0.0000000000000000000, 1.000000000000000000, 0.0000000000000000000 ) ) ;
#2573 = CARTESIAN_POINT ( 'NONE',  ( -2.300000000000002000, 2.649999999999999900, 1.550000000000000500 ) ) ;
#2574 = DIRECTION ( 'NONE',  ( 1.000000000000000000, 1.275531967630005200E-016, 0.0000000000000000000 ) ) ;
#2575 = VECTOR ( 'NONE', #385, 1000.000000000000000 ) ;
#2576 = EDGE_LOOP ( 'NONE', ( #5394, #4175, #5377, #2012 ) ) ;
#2577 = DIRECTION ( 'NONE',  ( 0.0000000000000000000, -6.195440985631449400E-016, -1.000000000000000000 ) ) ;
#2578 = VERTEX_POINT ( 'NONE', #1105 ) ;
#2579 = VECTOR ( 'NONE', #2688, 1000.000000000000000 ) ;
#2580 =( GEOMETRIC_REPRESENTATION_CONTEXT ( 3 ) GLOBAL_UNCERTAINTY_ASSIGNED_CONTEXT ( ( #2714 ) ) GLOBAL_UNIT_ASSIGNED_CONTEXT ( ( #1147, #3519, #5388 ) ) REPRESENTATION_CONTEXT ( 'NONE', 'WORKASPACE' ) );
#2581 = EDGE_CURVE ( 'NONE', #720, #3038, #3726, .T. ) ;
#2582 = DIRECTION ( 'NONE',  ( 1.000000000000000000, 0.0000000000000000000, -0.0000000000000000000 ) ) ;
#2583 = AXIS2_PLACEMENT_3D ( 'NONE', #4279, #3315, #4693 ) ;
#2584 = VERTEX_POINT ( 'NONE', #2546 ) ;
#2585 = VERTEX_POINT ( 'NONE', #1558 ) ;
#2586 = CARTESIAN_POINT ( 'NONE',  ( -3.037487600324651800, 0.2500000000000001100, -2.666629091892869200 ) ) ;
#2587 = CARTESIAN_POINT ( 'NONE',  ( 0.0000000000000000000, 0.0000000000000000000, -0.09999999999999766000 ) ) ;
#2588 = EDGE_CURVE ( 'NONE', #1992, #4955, #5958, .T. ) ;
#2589 = ORIENTED_EDGE ( 'NONE', *, *, #2873, .F. ) ;
#2590 = ORIENTED_EDGE ( 'NONE', *, *, #1570, .T. ) ;
#2591 = CARTESIAN_POINT ( 'NONE',  ( -0.6250000000000014400, 0.2999999999999999900, -3.249999999999999600 ) ) ;
#2592 = DIRECTION ( 'NONE',  ( -1.000000000000000000, 0.0000000000000000000, -0.0000000000000000000 ) ) ;
#2593 = DIRECTION ( 'NONE',  ( -1.275531967630005200E-016, -1.000000000000000000, 0.0000000000000000000 ) ) ;
#2594 = ADVANCED_FACE ( 'NONE', ( #5452 ), #3051, .F. ) ;
#2595 = CARTESIAN_POINT ( 'NONE',  ( -0.3500000000000022000, 0.3499999999999999800, -1.749999999999999800 ) ) ;
#2596 = EDGE_CURVE ( 'NONE', #4635, #3100, #780, .T. ) ;
#2597 = CARTESIAN_POINT ( 'NONE',  ( 2.649999999999999500, 0.9499999999999995100, 2.050000000000002500 ) ) ;
#2598 = DIRECTION ( 'NONE',  ( 0.0000000000000000000, 0.0000000000000000000, 1.000000000000000000 ) ) ;
#2599 = VERTEX_POINT ( 'NONE', #2003 ) ;
#2600 = ORIENTED_EDGE ( 'NONE', *, *, #2030, .T. ) ;
#2601 = DIRECTION ( 'NONE',  ( -1.000000000000000000, 0.0000000000000000000, -0.0000000000000000000 ) ) ;
#2602 = DIRECTION ( 'NONE',  ( -0.0000000000000000000, -1.000000000000000000, -0.0000000000000000000 ) ) ;
#2603 = DIRECTION ( 'NONE',  ( 0.0000000000000000000, 0.0000000000000000000, -1.000000000000000000 ) ) ;
#2604 = AXIS2_PLACEMENT_3D ( 'NONE', #714, #3559, #2169 ) ;
#2605 = CARTESIAN_POINT ( 'NONE',  ( 4.899999999999999500, 2.349999999999997400, 2.049999999999999800 ) ) ;
#2606 = CLOSED_SHELL ( 'NONE', ( #5877, #5618, #578, #5884, #281, #3356, #303, #2034, #4637, #2650, #2617, #1271, #4255, #822, #5586, #5603, #4146, #1824, #4995, #1000, #1334, #3987, #4662, #934, #127, #643, #189, #4408, #4843 ) ) ;
#2607 = CARTESIAN_POINT ( 'NONE',  ( 2.300000000000002000, 2.649999999999999900, 1.550000000000000500 ) ) ;
#2608 = VECTOR ( 'NONE', #3310, 1000.000000000000000 ) ;
#2609 = SURFACE_SIDE_STYLE ('',( #4171 ) ) ;
#2610 = AXIS2_PLACEMENT_3D ( 'NONE', #1001, #3793, #5226 ) ;
#2611 = FACE_OUTER_BOUND ( 'NONE', #3632, .T. ) ;
#2612 = CARTESIAN_POINT ( 'NONE',  ( -2.300000000000002000, 2.449999999999999700, 1.550000000000000500 ) ) ;
#2613 = EDGE_LOOP ( 'NONE', ( #768, #243, #603, #2986 ) ) ;
#2614 = SURFACE_SIDE_STYLE ('',( #5857 ) ) ;
#2615 = DIRECTION ( 'NONE',  ( -1.000000000000000000, 0.0000000000000000000, -0.0000000000000000000 ) ) ;
#2616 = LINE ( 'NONE', #1884, #3941 ) ;
#2617 = ADVANCED_FACE ( 'NONE', ( #2681 ), #5309, .T. ) ;
#2618 = VECTOR ( 'NONE', #776, 1000.000000000000000 ) ;
#2619 = CARTESIAN_POINT ( 'NONE',  ( -0.6250000000000014400, 1.129584054212076700, 1.677811959340942800 ) ) ;
#2620 = ORIENTED_EDGE ( 'NONE', *, *, #3631, .T. ) ;
#2621 = DIRECTION ( 'NONE',  ( 1.000000000000000000, 0.0000000000000000000, 0.0000000000000000000 ) ) ;
#2622 = DIRECTION ( 'NONE',  ( -0.0000000000000000000, 0.0000000000000000000, -1.000000000000000000 ) ) ;
#2623 = ORIENTED_EDGE ( 'NONE', *, *, #3484, .T. ) ;
#2624 = VECTOR ( 'NONE', #2899, 1000.000000000000000 ) ;
#2625 = DIRECTION ( 'NONE',  ( -1.000000000000000000, -0.0000000000000000000, -0.0000000000000000000 ) ) ;
#2626 = LINE ( 'NONE', #1738, #149 ) ;
#2627 = ORIENTED_EDGE ( 'NONE', *, *, #442, .T. ) ;
#2628 = EDGE_CURVE ( 'NONE', #4949, #2074, #361, .T. ) ;
#2629 = EDGE_CURVE ( 'NONE', #5444, #144, #5008, .T. ) ;
#2630 = ORIENTED_EDGE ( 'NONE', *, *, #1644, .T. ) ;
#2631 = CARTESIAN_POINT ( 'NONE',  ( -0.2000000000000014000, 2.449999999999998800, -2.250000000000000000 ) ) ;
#2632 = PRESENTATION_STYLE_ASSIGNMENT (( #2863 ) ) ;
#2633 = EDGE_LOOP ( 'NONE', ( #1752, #2400, #5207, #4893 ) ) ;
#2634 = FACE_OUTER_BOUND ( 'NONE', #2134, .T. ) ;
#2635 = DIRECTION ( 'NONE',  ( 0.0000000000000000000, 0.0000000000000000000, 1.000000000000000000 ) ) ;
#2636 = VECTOR ( 'NONE', #2245, 1000.000000000000000 ) ;
#2637 = DIRECTION ( 'NONE',  ( 0.0000000000000000000, 1.000000000000000000, 1.112002228190261100E-015 ) ) ;
#2638 = ORIENTED_EDGE ( 'NONE', *, *, #3199, .T. ) ;
#2639 = VECTOR ( 'NONE', #3515, 1000.000000000000000 ) ;
#2640 = ORIENTED_EDGE ( 'NONE', *, *, #3170, .T. ) ;
#2641 = VERTEX_POINT ( 'NONE', #3171 ) ;
#2642 = VECTOR ( 'NONE', #4486, 1000.000000000000000 ) ;
#2643 = CARTESIAN_POINT ( 'NONE',  ( 3.350000000000000500, 0.3600000000000000400, 2.050000000000002500 ) ) ;
#2644 = ORIENTED_EDGE ( 'NONE', *, *, #2672, .F. ) ;
#2645 = EDGE_CURVE ( 'NONE', #5714, #2420, #296, .T. ) ;
#2646 = LINE ( 'NONE', #4168, #5853 ) ;
#2647 = EDGE_CURVE ( 'NONE', #4485, #5587, #3511, .T. ) ;
#2648 = ORIENTED_EDGE ( 'NONE', *, *, #3660, .F. ) ;
#2649 = VERTEX_POINT ( 'NONE', #3192 ) ;
#2650 = ADVANCED_FACE ( 'NONE', ( #67 ), #2239, .F. ) ;
#2651 = DIRECTION ( 'NONE',  ( -0.0000000000000000000, 1.000000000000000000, 2.224004456380521900E-016 ) ) ;
#2652 = CARTESIAN_POINT ( 'NONE',  ( -2.650000000000000400, 0.6600000000000023600, 2.050000000000002500 ) ) ;
#2653 = VERTEX_POINT ( 'NONE', #2664 ) ;
#2654 = VECTOR ( 'NONE', #5880, 1000.000000000000100 ) ;
#2655 = CARTESIAN_POINT ( 'NONE',  ( 2.700000000000002400, 0.0000000000000000000, 1.100000000000000800 ) ) ;
#2656 = ORIENTED_EDGE ( 'NONE', *, *, #3368, .F. ) ;
#2657 = CARTESIAN_POINT ( 'NONE',  ( -2.700000000000002400, 0.1273895819931683500, 1.450000000000000800 ) ) ;
#2658 = VERTEX_POINT ( 'NONE', #4557 ) ;
#2659 = ADVANCED_FACE ( 'NONE', ( #4937 ), #4117, .F. ) ;
#2660 = VERTEX_POINT ( 'NONE', #792 ) ;
#2661 = CARTESIAN_POINT ( 'NONE',  ( 0.6499999999999978000, 0.3499999999999999800, -1.599999999999999900 ) ) ;
#2662 = ORIENTED_EDGE ( 'NONE', *, *, #2722, .F. ) ;
#2663 = CARTESIAN_POINT ( 'NONE',  ( 1.624999999999998700, 1.129584054212076700, 1.677811959340942800 ) ) ;
#2664 = CARTESIAN_POINT ( 'NONE',  ( -2.650000000000001200, 0.9499999999999995100, 2.050000000000002500 ) ) ;
#2665 = VECTOR ( 'NONE', #2548, 1000.000000000000000 ) ;
#2666 = DIRECTION ( 'NONE',  ( -1.000000000000000000, -0.0000000000000000000, -0.0000000000000000000 ) ) ;
#2667 = CARTESIAN_POINT ( 'NONE',  ( 2.735000000000001200, -1.200000000000000000E-005, -0.8500000000000004200 ) ) ;
#2668 = CARTESIAN_POINT ( 'NONE',  ( -4.099999999999999600, 0.3600000000000000400, 3.250000000000002700 ) ) ;
#2669 = EDGE_CURVE ( 'NONE', #3214, #5549, #1359, .T. ) ;
#2670 = CARTESIAN_POINT ( 'NONE',  ( 1.624999999999998700, 1.241695452014624800, 1.578157383516454000 ) ) ;
#2671 = CARTESIAN_POINT ( 'NONE',  ( 1.624999999999998700, 0.2999999999999998200, -2.550000000000001200 ) ) ;
#2672 = EDGE_CURVE ( 'NONE', #5401, #4680, #1076, .T. ) ;
#2673 = CARTESIAN_POINT ( 'NONE',  ( -2.000000000000007100, 2.450000000000149400, 2.049999999999999400 ) ) ;
#2674 = EDGE_CURVE ( 'NONE', #5196, #3163, #5885, .T. ) ;
#2675 = CARTESIAN_POINT ( 'NONE',  ( -2.300000000000002000, 0.1273895819931683500, 1.450000000000000800 ) ) ;
#2676 = CARTESIAN_POINT ( 'NONE',  ( 1.349999999999999600, 2.449999999999998800, -1.749999999999999800 ) ) ;
#2677 = ORIENTED_EDGE ( 'NONE', *, *, #5219, .F. ) ;
#2678 = LINE ( 'NONE', #5183, #5004 ) ;
#2679 = CARTESIAN_POINT ( 'NONE',  ( 0.3749999999999986100, 0.0000000000000000000, -3.249999999999999600 ) ) ;
#2680 = PLANE ( 'NONE',  #5110 ) ;
#2681 = FACE_OUTER_BOUND ( 'NONE', #5905, .T. ) ;
#2682 = DIRECTION ( 'NONE',  ( -0.0000000000000000000, 1.000000000000000000, -0.0000000000000000000 ) ) ;
#2683 = FACE_OUTER_BOUND ( 'NONE', #3682, .T. ) ;
#2684 = ORIENTED_EDGE ( 'NONE', *, *, #301, .F. ) ;
#2685 = EDGE_CURVE ( 'NONE', #3100, #5758, #4439, .T. ) ;
#2686 = LINE ( 'NONE', #5717, #721 ) ;
#2687 = ORIENTED_EDGE ( 'NONE', *, *, #3276, .F. ) ;
#2688 = DIRECTION ( 'NONE',  ( -0.0000000000000000000, 1.000000000000000000, -0.0000000000000000000 ) ) ;
#2689 = ORIENTED_EDGE ( 'NONE', *, *, #5386, .T. ) ;
#2690 = LINE ( 'NONE', #2292, #5170 ) ;
#2691 = CARTESIAN_POINT ( 'NONE',  ( 2.700000000000002400, 0.2500000000000046600, -0.8500000000000000900 ) ) ;
#2692 = LINE ( 'NONE', #5681, #5534 ) ;
#2693 = ORIENTED_EDGE ( 'NONE', *, *, #3712, .T. ) ;
#2694 = CARTESIAN_POINT ( 'NONE',  ( 4.899999999999999500, 2.349999999999997400, 3.250000000000002700 ) ) ;
#2695 = ORIENTED_EDGE ( 'NONE', *, *, #2875, .F. ) ;
#2696 = VECTOR ( 'NONE', #1565, 1000.000000000000000 ) ;
#2697 = CARTESIAN_POINT ( 'NONE',  ( 2.500000000000002200, 0.2500000000000002800, 2.050000000000002500 ) ) ;
#2698 = CARTESIAN_POINT ( 'NONE',  ( -2.735000000000001200, 2.450000000000000200, -1.749999999999999800 ) ) ;
#2699 = CARTESIAN_POINT ( 'NONE',  ( 2.300000000000002000, 2.250000000000000000, -2.250000000000000900 ) ) ;
#2700 = ORIENTED_EDGE ( 'NONE', *, *, #138, .T. ) ;
#2701 = LINE ( 'NONE', #4356, #4812 ) ;
#2702 = VERTEX_POINT ( 'NONE', #5042 ) ;
#2703 = VECTOR ( 'NONE', #4825, 1000.000000000000000 ) ;
#2704 = DIRECTION ( 'NONE',  ( -0.0000000000000000000, 1.000000000000000000, 0.0000000000000000000 ) ) ;
#2705 = FACE_OUTER_BOUND ( 'NONE', #2388, .T. ) ;
#2706 = ORIENTED_EDGE ( 'NONE', *, *, #5395, .T. ) ;
#2707 = EDGE_CURVE ( 'NONE', #5298, #1044, #4575, .T. ) ;
#2708 = LINE ( 'NONE', #2819, #4398 ) ;
#2709 = EDGE_CURVE ( 'NONE', #4246, #4965, #1647, .T. ) ;
#2710 = ORIENTED_EDGE ( 'NONE', *, *, #346, .T. ) ;
#2711 = DIRECTION ( 'NONE',  ( 1.000000000000000000, 0.0000000000000000000, 0.0000000000000000000 ) ) ;
#2712 = VECTOR ( 'NONE', #1556, 1000.000000000000000 ) ;
#2713 = ORIENTED_EDGE ( 'NONE', *, *, #3033, .F. ) ;
#2714 = UNCERTAINTY_MEASURE_WITH_UNIT (LENGTH_MEASURE( 1.000000000000000100E-005 ), #1147, 'distance_accuracy_value', 'NONE');
#2715 = ORIENTED_EDGE ( 'NONE', *, *, #275, .F. ) ;
#2716 = ORIENTED_EDGE ( 'NONE', *, *, #1680, .F. ) ;
#2717 = DIRECTION ( 'NONE',  ( 0.0000000000000000000, -1.000000000000000000, 0.0000000000000000000 ) ) ;
#2718 = ORIENTED_EDGE ( 'NONE', *, *, #634, .F. ) ;
#2719 = LINE ( 'NONE', #5569, #461 ) ;
#2720 = CARTESIAN_POINT ( 'NONE',  ( -3.350000000000000500, 0.3600000000000000400, 2.050000000000002500 ) ) ;
#2721 = LINE ( 'NONE', #3191, #5054 ) ;
#2722 = EDGE_CURVE ( 'NONE', #1493, #5487, #2989, .T. ) ;
#2723 = ORIENTED_EDGE ( 'NONE', *, *, #4500, .T. ) ;
#2724 = ADVANCED_FACE ( 'NONE', ( #5592 ), #3143, .F. ) ;
#2725 = CARTESIAN_POINT ( 'NONE',  ( 3.400000000000000400, 2.549999999999997200, -2.250000000000000000 ) ) ;
#2726 = VERTEX_POINT ( 'NONE', #4089 ) ;
#2727 =( LENGTH_UNIT ( ) NAMED_UNIT ( * ) SI_UNIT ( .MILLI., .METRE. ) );
#2728 = ORIENTED_EDGE ( 'NONE', *, *, #5950, .T. ) ;
#2729 = CARTESIAN_POINT ( 'NONE',  ( 2.265000000000003200, -1.200000000000000000E-005, -0.8500000000000004200 ) ) ;
#2730 = ORIENTED_EDGE ( 'NONE', *, *, #66, .F. ) ;
#2731 = DIRECTION ( 'NONE',  ( 0.0000000000000000000, -1.000000000000000000, 0.0000000000000000000 ) ) ;
#2732 = AXIS2_PLACEMENT_3D ( 'NONE', #1224, #5016, #4406 ) ;
#2733 = DIRECTION ( 'NONE',  ( -1.000000000000000000, 0.0000000000000000000, 0.0000000000000000000 ) ) ;
#2734 = ORIENTED_EDGE ( 'NONE', *, *, #1941, .T. ) ;
#2735 = ORIENTED_EDGE ( 'NONE', *, *, #350, .F. ) ;
#2736 = DIRECTION ( 'NONE',  ( -1.000000000000000000, -1.178480622266852700E-016, 0.0000000000000000000 ) ) ;
#2737 = CARTESIAN_POINT ( 'NONE',  ( 2.000000000000000000, 2.649999999999999900, -2.250000000000000000 ) ) ;
#2738 = DIRECTION ( 'NONE',  ( -1.000000000000000000, 0.0000000000000000000, -0.0000000000000000000 ) ) ;
#2739 = DIRECTION ( 'NONE',  ( -0.0000000000000000000, 1.000000000000000000, -0.0000000000000000000 ) ) ;
#2740 = DIRECTION ( 'NONE',  ( -1.000000000000000000, -0.0000000000000000000, -1.189252840020662300E-016 ) ) ;
#2741 = DIRECTION ( 'NONE',  ( -0.0000000000000000000, 1.000000000000000000, 0.0000000000000000000 ) ) ;
#2742 =( NAMED_UNIT ( * ) SI_UNIT ( $, .STERADIAN. ) SOLID_ANGLE_UNIT ( ) );
#2743 = EDGE_CURVE ( 'NONE', #5298, #3889, #2162, .T. ) ;
#2744 = EDGE_CURVE ( 'NONE', #5632, #4513, #5823, .T. ) ;
#2745 = VERTEX_POINT ( 'NONE', #2807 ) ;
#2746 = DIRECTION ( 'NONE',  ( 1.000000000000000000, 0.0000000000000000000, 0.0000000000000000000 ) ) ;
#2747 = ADVANCED_FACE ( 'NONE', ( #2096 ), #936, .F. ) ;
#2748 = ORIENTED_EDGE ( 'NONE', *, *, #1436, .F. ) ;
#2749 = DIRECTION ( 'NONE',  ( 0.0000000000000000000, 0.0000000000000000000, -1.000000000000000000 ) ) ;
#2750 = EDGE_CURVE ( 'NONE', #5025, #720, #4144, .T. ) ;
#2751 = LINE ( 'NONE', #4256, #3583 ) ;
#2752 = DIRECTION ( 'NONE',  ( -0.0000000000000000000, -1.000000000000000000, -0.0000000000000000000 ) ) ;
#2753 = CARTESIAN_POINT ( 'NONE',  ( 3.116666666666664900, 0.7766666666666685000, 2.516666666666667500 ) ) ;
#2754 = VECTOR ( 'NONE', #3489, 1000.000000000000000 ) ;
#2755 = ORIENTED_EDGE ( 'NONE', *, *, #1504, .T. ) ;
#2756 = DIRECTION ( 'NONE',  ( 0.0000000000000000000, 0.0000000000000000000, 1.000000000000000000 ) ) ;
#2757 = DIRECTION ( 'NONE',  ( 1.000000000000000000, 3.469446951953614600E-015, 0.0000000000000000000 ) ) ;
#2758 = VECTOR ( 'NONE', #1850, 1000.000000000000000 ) ;
#2759 = CARTESIAN_POINT ( 'NONE',  ( -1.375000000000001300, 0.2999999999999998200, -2.550000000000001200 ) ) ;
#2760 = AXIS2_PLACEMENT_3D ( 'NONE', #1441, #3748, #3786 ) ;
#2761 = LINE ( 'NONE', #1864, #2467 ) ;
#2762 = DIRECTION ( 'NONE',  ( -0.0000000000000000000, -0.0000000000000000000, 1.000000000000000000 ) ) ;
#2763 = VECTOR ( 'NONE', #3970, 1000.000000000000000 ) ;
#2764 = CARTESIAN_POINT ( 'NONE',  ( 0.6249999999999985600, 0.3900000000000000100, -2.249999999999999100 ) ) ;
#2765 = VERTEX_POINT ( 'NONE', #16 ) ;
#2766 = VECTOR ( 'NONE', #2988, 1000.000000000000000 ) ;
#2767 = CARTESIAN_POINT ( 'NONE',  ( 2.000000000000000000, 0.0000000000000000000, 3.250000000000002700 ) ) ;
#2768 = AXIS2_PLACEMENT_3D ( 'NONE', #1344, #419, #5574 ) ;
#2769 = ORIENTED_EDGE ( 'NONE', *, *, #3050, .T. ) ;
#2770 = DIRECTION ( 'NONE',  ( 1.000000000000000000, 0.0000000000000000000, 1.189252840020662600E-016 ) ) ;
#2771 = EDGE_LOOP ( 'NONE', ( #251, #4688, #3693, #3847 ) ) ;
#2772 = ORIENTED_EDGE ( 'NONE', *, *, #3206, .T. ) ;
#2773 = VECTOR ( 'NONE', #1845, 1000.000000000000000 ) ;
#2774 = CARTESIAN_POINT ( 'NONE',  ( -1.375000000000001300, 1.241695452014624800, 1.578157383516454000 ) ) ;
#2775 = LINE ( 'NONE', #3462, #1975 ) ;
#2776 = CARTESIAN_POINT ( 'NONE',  ( -4.700000000000000200, 0.7000000000000000700, 2.049999999999999800 ) ) ;
#2777 = ADVANCED_FACE ( 'NONE', ( #134 ), #437, .F. ) ;
#2778 = CARTESIAN_POINT ( 'NONE',  ( -1.375000000000001300, 2.199999999999998800, -1.599999999999999900 ) ) ;
#2779 = LINE ( 'NONE', #4939, #1742 ) ;
#2780 = ORIENTED_EDGE ( 'NONE', *, *, #1895, .F. ) ;
#2781 = EDGE_CURVE ( 'NONE', #3621, #3918, #4502, .T. ) ;
#2782 = VERTEX_POINT ( 'NONE', #467 ) ;
#2783 = CARTESIAN_POINT ( 'NONE',  ( -4.300000000000001600, 2.700000000000000200, -2.250000000000000000 ) ) ;
#2784 = CARTESIAN_POINT ( 'NONE',  ( -2.650000000000003000, 1.449999999999999500, 3.189999999999997300 ) ) ;
#2785 = VECTOR ( 'NONE', #759, 1000.000000000000000 ) ;
#2786 = EDGE_LOOP ( 'NONE', ( #255, #3897, #1090, #5927 ) ) ;
#2787 = ORIENTED_EDGE ( 'NONE', *, *, #2049, .T. ) ;
#2788 = VECTOR ( 'NONE', #5344, 1000.000000000000000 ) ;
#2789 = ORIENTED_EDGE ( 'NONE', *, *, #5894, .F. ) ;
#2790 = VERTEX_POINT ( 'NONE', #913 ) ;
#2791 = DIRECTION ( 'NONE',  ( 0.0000000000000000000, 0.0000000000000000000, 1.000000000000000000 ) ) ;
#2792 = FACE_OUTER_BOUND ( 'NONE', #2895, .T. ) ;
#2793 = CARTESIAN_POINT ( 'NONE',  ( -0.6500000000000003600, 0.3499999999999998700, -1.599999999999999900 ) ) ;
#2794 = DIRECTION ( 'NONE',  ( 0.0000000000000000000, -1.000000000000000000, -1.112002228190261100E-015 ) ) ;
#2795 = LINE ( 'NONE', #44, #1547 ) ;
#2796 = ORIENTED_EDGE ( 'NONE', *, *, #4227, .T. ) ;
#2797 = EDGE_LOOP ( 'NONE', ( #2290, #3534, #850, #690, #696, #4345, #5185, #2970 ) ) ;
#2798 = EDGE_CURVE ( 'NONE', #2560, #540, #4640, .T. ) ;
#2799 = ORIENTED_EDGE ( 'NONE', *, *, #5216, .T. ) ;
#2800 = FACE_OUTER_BOUND ( 'NONE', #4670, .T. ) ;
#2801 = CARTESIAN_POINT ( 'NONE',  ( -2.300000000000002000, 0.2500000000000046600, -0.8500000000000000900 ) ) ;
#2802 = ORIENTED_EDGE ( 'NONE', *, *, #330, .T. ) ;
#2803 = PLANE ( 'NONE',  #1831 ) ;
#2804 = EDGE_LOOP ( 'NONE', ( #5811, #3683, #3828, #2898 ) ) ;
#2805 = CARTESIAN_POINT ( 'NONE',  ( 0.6499999999999978000, 0.0000000000000000000, -1.749999999999999800 ) ) ;
#2806 = DIRECTION ( 'NONE',  ( 0.0000000000000000000, 0.0000000000000000000, -1.000000000000000000 ) ) ;
#2807 = CARTESIAN_POINT ( 'NONE',  ( -2.650000000000003000, 1.449999999999999500, 2.050000000000002500 ) ) ;
#2808 = ORIENTED_EDGE ( 'NONE', *, *, #3074, .T. ) ;
#2809 = AXIS2_PLACEMENT_3D ( 'NONE', #4065, #4580, #2204 ) ;
#2810 = DIRECTION ( 'NONE',  ( 0.0000000000000000000, -1.000000000000000000, 0.0000000000000000000 ) ) ;
#2811 = DIRECTION ( 'NONE',  ( 0.0000000000000000000, 1.112002228190261100E-015, -1.000000000000000000 ) ) ;
#2812 = ORIENTED_EDGE ( 'NONE', *, *, #3461, .T. ) ;
#2813 = DIRECTION ( 'NONE',  ( -1.000000000000000000, -0.0000000000000000000, -0.0000000000000000000 ) ) ;
#2814 = CARTESIAN_POINT ( 'NONE',  ( -2.650000000000003000, 1.449999999999999500, -0.09999999999999766000 ) ) ;
#2815 = LINE ( 'NONE', #3699, #3193 ) ;
#2816 = AXIS2_PLACEMENT_3D ( 'NONE', #2562, #4903, #4559 ) ;
#2817 = EDGE_CURVE ( 'NONE', #162, #173, #2833, .T. ) ;
#2818 = ADVANCED_FACE ( 'NONE', ( #1004 ), #898, .F. ) ;
#2819 = CARTESIAN_POINT ( 'NONE',  ( 4.300000000000001600, 2.700000000000000200, -2.250000000000000000 ) ) ;
#2820 = DIRECTION ( 'NONE',  ( 0.0000000000000000000, 0.0000000000000000000, -1.000000000000000000 ) ) ;
#2821 = CARTESIAN_POINT ( 'NONE',  ( 4.700000000000000200, 2.549999999999997600, -2.250000000000000000 ) ) ;
#2822 = ORIENTED_EDGE ( 'NONE', *, *, #458, .F. ) ;
#2823 = ORIENTED_EDGE ( 'NONE', *, *, #1621, .T. ) ;
#2824 = DIRECTION ( 'NONE',  ( 1.000000000000000000, 0.0000000000000000000, 0.0000000000000000000 ) ) ;
#2825 = CARTESIAN_POINT ( 'NONE',  ( 0.3749999999999986100, 0.9499999999999994000, 2.000000000000000900 ) ) ;
#2826 = CARTESIAN_POINT ( 'NONE',  ( 1.650000000000002100, 0.5249999999999998000, 2.250000000000002200 ) ) ;
#2827 = ORIENTED_EDGE ( 'NONE', *, *, #943, .T. ) ;
#2828 = ORIENTED_EDGE ( 'NONE', *, *, #5704, .F. ) ;
#2829 = ADVANCED_FACE ( 'NONE', ( #5235 ), #2353, .F. ) ;
#2830 = DIRECTION ( 'NONE',  ( -1.000000000000000000, 0.0000000000000000000, -0.0000000000000000000 ) ) ;
#2831 = EDGE_CURVE ( 'NONE', #5261, #3609, #4001, .T. ) ;
#2832 = EDGE_CURVE ( 'NONE', #5203, #2420, #3137, .T. ) ;
#2833 = LINE ( 'NONE', #416, #3286 ) ;
#2834 = ADVANCED_FACE ( 'NONE', ( #847 ), #2844, .F. ) ;
#2835 = CARTESIAN_POINT ( 'NONE',  ( -1.375000000000001300, 0.9499999999999994000, 2.000000000000000900 ) ) ;
#2836 = LINE ( 'NONE', #4910, #506 ) ;
#2837 = EDGE_CURVE ( 'NONE', #627, #4615, #3211, .T. ) ;
#2838 = VECTOR ( 'NONE', #4212, 1000.000000000000000 ) ;
#2839 = ORIENTED_EDGE ( 'NONE', *, *, #4131, .T. ) ;
#2840 = EDGE_CURVE ( 'NONE', #1123, #2207, #1214, .T. ) ;
#2841 = CARTESIAN_POINT ( 'NONE',  ( -3.400000000000000400, 2.549999999999997200, 3.250000000000002700 ) ) ;
#2842 = ADVANCED_FACE ( 'NONE', ( #2460 ), #3254, .F. ) ;
#2843 = VECTOR ( 'NONE', #605, 1000.000000000000000 ) ;
#2844 = PLANE ( 'NONE',  #3266 ) ;
#2845 = ORIENTED_EDGE ( 'NONE', *, *, #3899, .F. ) ;
#2846 = FACE_OUTER_BOUND ( 'NONE', #2797, .T. ) ;
#2847 = CARTESIAN_POINT ( 'NONE',  ( -1.375000000000001300, 0.9499999999999996200, 1.250000000000000900 ) ) ;
#2848 = AXIS2_PLACEMENT_3D ( 'NONE', #323, #297, #3573 ) ;
#2849 = LINE ( 'NONE', #5794, #4011 ) ;
#2850 = AXIS2_PLACEMENT_3D ( 'NONE', #2778, #2373, #1355 ) ;
#2851 = ORIENTED_EDGE ( 'NONE', *, *, #2581, .T. ) ;
#2852 = VECTOR ( 'NONE', #654, 1000.000000000000000 ) ;
#2853 = EDGE_LOOP ( 'NONE', ( #1348, #1100, #3331, #150 ) ) ;
#2854 = CARTESIAN_POINT ( 'NONE',  ( -0.6250000000000014400, 0.0000000000000000000, 0.0000000000000000000 ) ) ;
#2855 = VERTEX_POINT ( 'NONE', #1944 ) ;
#2856 = DIRECTION ( 'NONE',  ( 0.0000000000000000000, -1.000000000000000000, -0.0000000000000000000 ) ) ;
#2857 = LINE ( 'NONE', #769, #1827 ) ;
#2858 = ORIENTED_EDGE ( 'NONE', *, *, #25, .T. ) ;
#2859 = LINE ( 'NONE', #4126, #3167 ) ;
#2860 = VECTOR ( 'NONE', #2470, 1000.000000000000000 ) ;
#2861 = ORIENTED_EDGE ( 'NONE', *, *, #502, .F. ) ;
#2862 = ORIENTED_EDGE ( 'NONE', *, *, #3705, .F. ) ;
#2863 = SURFACE_STYLE_USAGE ( .BOTH. , #1471 ) ;
#2864 = VECTOR ( 'NONE', #3723, 1000.000000000000000 ) ;
#2865 = ORIENTED_EDGE ( 'NONE', *, *, #3276, .T. ) ;
#2866 = CARTESIAN_POINT ( 'NONE',  ( -2.300000000000002000, 2.250000000000000000, -2.250000000000000900 ) ) ;
#2867 = LINE ( 'NONE', #4210, #3759 ) ;
#2868 = CARTESIAN_POINT ( 'NONE',  ( -4.700000000000000200, 2.549999999999997600, 3.250000000000002700 ) ) ;
#2869 = ORIENTED_EDGE ( 'NONE', *, *, #502, .T. ) ;
#2870 = DIRECTION ( 'NONE',  ( -0.0000000000000000000, -0.0000000000000000000, 1.000000000000000000 ) ) ;
#2871 = ORIENTED_EDGE ( 'NONE', *, *, #2669, .T. ) ;
#2872 = ORIENTED_EDGE ( 'NONE', *, *, #5091, .F. ) ;
#2873 = EDGE_CURVE ( 'NONE', #4638, #4610, #574, .T. ) ;
#2874 = VECTOR ( 'NONE', #1628, 1000.000000000000000 ) ;
#2875 = EDGE_CURVE ( 'NONE', #4951, #3853, #2751, .T. ) ;
#2876 = VECTOR ( 'NONE', #2740, 1000.000000000000000 ) ;
#2877 = VERTEX_POINT ( 'NONE', #2406 ) ;
#2878 = DIRECTION ( 'NONE',  ( 0.0000000000000000000, 0.0000000000000000000, -1.000000000000000000 ) ) ;
#2879 = EDGE_LOOP ( 'NONE', ( #2347, #5629, #4531, #4622 ) ) ;
#2880 = ADVANCED_FACE ( 'NONE', ( #5521 ), #4308, .T. ) ;
#2881 = EDGE_CURVE ( 'NONE', #4485, #1759, #3066, .T. ) ;
#2882 = ORIENTED_EDGE ( 'NONE', *, *, #2837, .F. ) ;
#2883 = CARTESIAN_POINT ( 'NONE',  ( 1.624999999999998700, 0.9499999999999996200, 1.250000000000000900 ) ) ;
#2884 = PLANE ( 'NONE',  #5159 ) ;
#2885 = EDGE_LOOP ( 'NONE', ( #2623, #1602, #4813, #5064 ) ) ;
#2886 = EDGE_CURVE ( 'NONE', #1037, #5298, #4363, .T. ) ;
#2887 = CARTESIAN_POINT ( 'NONE',  ( -2.700000000000002400, 0.2500000000000046600, -0.8500000000000000900 ) ) ;
#2888 = COLOUR_RGB ( '',0.7921568627450980000, 0.8196078431372548800, 0.9333333333333333500 ) ;
#2889 = DIRECTION ( 'NONE',  ( 0.0000000000000000000, -2.224004456380521900E-016, 1.000000000000000000 ) ) ;
#2890 = DIRECTION ( 'NONE',  ( -0.0000000000000000000, 1.000000000000000000, 0.0000000000000000000 ) ) ;
#2891 = MECHANICAL_DESIGN_GEOMETRIC_PRESENTATION_REPRESENTATION (  '', ( #3104 ), #5692 ) ;
#2892 = CARTESIAN_POINT ( 'NONE',  ( 1.624999999999998700, 0.2999999999999999900, -3.249999999999999600 ) ) ;
#2893 = DIRECTION ( 'NONE',  ( -0.0000000000000000000, 1.000000000000000000, 0.0000000000000000000 ) ) ;
#2894 = EDGE_CURVE ( 'NONE', #755, #880, #920, .T. ) ;
#2895 = EDGE_LOOP ( 'NONE', ( #2422, #3013, #5876, #2294 ) ) ;
#2896 = AXIS2_PLACEMENT_3D ( 'NONE', #3653, #4647, #3194 ) ;
#2897 = CARTESIAN_POINT ( 'NONE',  ( -0.6500000000000003600, 0.0000000000000000000, -1.749999999999999800 ) ) ;
#2898 = ORIENTED_EDGE ( 'NONE', *, *, #4237, .T. ) ;
#2899 = DIRECTION ( 'NONE',  ( 0.0000000000000000000, 0.0000000000000000000, -1.000000000000000000 ) ) ;
#2900 = DIRECTION ( 'NONE',  ( -0.0000000000000000000, 1.000000000000000000, 0.0000000000000000000 ) ) ;
#2901 = VERTEX_POINT ( 'NONE', #2433 ) ;
#2902 = EDGE_CURVE ( 'NONE', #2476, #1934, #1351, .T. ) ;
#2903 = DIRECTION ( 'NONE',  ( -1.000000000000000000, -0.0000000000000000000, -0.0000000000000000000 ) ) ;
#2904 = PLANE ( 'NONE',  #4634 ) ;
#2905 = LINE ( 'NONE', #4727, #1793 ) ;
#2906 = ADVANCED_FACE ( 'NONE', ( #5088 ), #5689, .F. ) ;
#2907 = DIRECTION ( 'NONE',  ( 0.0000000000000000000, 0.0000000000000000000, 1.000000000000000000 ) ) ;
#2908 = ORIENTED_EDGE ( 'NONE', *, *, #4430, .T. ) ;
#2909 = DIRECTION ( 'NONE',  ( -0.0000000000000000000, 1.000000000000000000, -0.0000000000000000000 ) ) ;
#2910 = CARTESIAN_POINT ( 'NONE',  ( -2.735000000000001200, 2.700000000000001500, -1.749999999999999800 ) ) ;
#2911 = VECTOR ( 'NONE', #838, 1000.000000000000000 ) ;
#2912 = CARTESIAN_POINT ( 'NONE',  ( -2.650000000000001200, 0.9499999999999995100, -0.09999999999999766000 ) ) ;
#2913 = EDGE_CURVE ( 'NONE', #3849, #5401, #3721, .T. ) ;
#2914 = FACE_OUTER_BOUND ( 'NONE', #1548, .T. ) ;
#2915 = ORIENTED_EDGE ( 'NONE', *, *, #1152, .F. ) ;
#2916 = LINE ( 'NONE', #1696, #5312 ) ;
#2917 = VECTOR ( 'NONE', #3738, 1000.000000000000000 ) ;
#2918 = CARTESIAN_POINT ( 'NONE',  ( -1.375000000000001300, 1.241695452014624800, 1.578157383516454000 ) ) ;
#2919 = CARTESIAN_POINT ( 'NONE',  ( 3.350000000000000500, 0.3600000000000000400, 2.050000000000002500 ) ) ;
#2920 = AXIS2_PLACEMENT_3D ( 'NONE', #1409, #1379, #4145 ) ;
#2921 = VERTEX_POINT ( 'NONE', #3401 ) ;
#2922 = LINE ( 'NONE', #1871, #3807 ) ;
#2923 = CARTESIAN_POINT ( 'NONE',  ( -0.6250000000000014400, 0.2999999999999998200, -2.550000000000001200 ) ) ;
#2924 = CARTESIAN_POINT ( 'NONE',  ( 0.0000000000000000000, 0.0000000000000000000, 2.250000000000002200 ) ) ;
#2925 = CARTESIAN_POINT ( 'NONE',  ( -2.265000000000003200, 2.449999999999999700, -0.8499999999999998700 ) ) ;
#2926 = VECTOR ( 'NONE', #1059, 1000.000000000000000 ) ;
#2927 = VERTEX_POINT ( 'NONE', #4773 ) ;
#2928 = VERTEX_POINT ( 'NONE', #1049 ) ;
#2929 =( NAMED_UNIT ( * ) SI_UNIT ( $, .STERADIAN. ) SOLID_ANGLE_UNIT ( ) );
#2930 = FACE_OUTER_BOUND ( 'NONE', #475, .T. ) ;
#2931 = ORIENTED_EDGE ( 'NONE', *, *, #5557, .F. ) ;
#2932 = LINE ( 'NONE', #4199, #4317 ) ;
#2933 = AXIS2_PLACEMENT_3D ( 'NONE', #1996, #141, #1503 ) ;
#2934 = LINE ( 'NONE', #1885, #1822 ) ;
#2935 = ORIENTED_EDGE ( 'NONE', *, *, #5557, .T. ) ;
#2936 = DIRECTION ( 'NONE',  ( 0.0000000000000000000, 1.000000000000000000, 2.224004456380521900E-016 ) ) ;
#2937 = PLANE ( 'NONE',  #5340 ) ;
#2938 = VERTEX_POINT ( 'NONE', #5239 ) ;
#2939 = AXIS2_PLACEMENT_3D ( 'NONE', #580, #5719, #4278 ) ;
#2940 = FACE_OUTER_BOUND ( 'NONE', #340, .T. ) ;
#2941 = ORIENTED_EDGE ( 'NONE', *, *, #4726, .F. ) ;
#2942 = CARTESIAN_POINT ( 'NONE',  ( 3.350000000000000500, 0.6600000000000000300, 2.399999999999999500 ) ) ;
#2943 = VERTEX_POINT ( 'NONE', #1021 ) ;
#2944 = LINE ( 'NONE', #4568, #4174 ) ;
#2945 = ORIENTED_EDGE ( 'NONE', *, *, #788, .F. ) ;
#2946 = ORIENTED_EDGE ( 'NONE', *, *, #4268, .F. ) ;
#2947 = ADVANCED_FACE ( 'NONE', ( #5744 ), #1494, .F. ) ;
#2948 = VECTOR ( 'NONE', #1231, 1000.000000000000000 ) ;
#2949 = ORIENTED_EDGE ( 'NONE', *, *, #3121, .F. ) ;
#2950 = LINE ( 'NONE', #1584, #5205 ) ;
#2951 = CARTESIAN_POINT ( 'NONE',  ( 2.300000000000002000, 0.1273895819931683500, 1.450000000000000800 ) ) ;
#2952 = PLANE ( 'NONE',  #1658 ) ;
#2953 = CARTESIAN_POINT ( 'NONE',  ( -2.265000000000003200, -1.200000000000000000E-005, -0.8499999999999998700 ) ) ;
#2954 = COLOUR_RGB ( '',0.7921568627450980000, 0.8196078431372548800, 0.9333333333333333500 ) ;
#2955 = VERTEX_POINT ( 'NONE', #2925 ) ;
#2956 = DIRECTION ( 'NONE',  ( -0.0000000000000000000, -0.0000000000000000000, 1.000000000000000000 ) ) ;
#2957 = ORIENTED_EDGE ( 'NONE', *, *, #4237, .F. ) ;
#2958 = VERTEX_POINT ( 'NONE', #1928 ) ;
#2959 = LINE ( 'NONE', #2528, #4761 ) ;
#2960 = DIRECTION ( 'NONE',  ( -1.000000000000000000, 0.0000000000000000000, 0.0000000000000000000 ) ) ;
#2961 = CARTESIAN_POINT ( 'NONE',  ( 4.899999999999999500, 2.549999999999997600, -2.250000000000000000 ) ) ;
#2962 = ORIENTED_EDGE ( 'NONE', *, *, #2379, .F. ) ;
#2963 = EDGE_CURVE ( 'NONE', #2125, #5985, #1513, .T. ) ;
#2964 = CARTESIAN_POINT ( 'NONE',  ( -4.299999999999999800, 0.2500000000000002800, -2.250000000000000000 ) ) ;
#2965 = EDGE_CURVE ( 'NONE', #2060, #1395, #1875, .T. ) ;
#2966 = ORIENTED_EDGE ( 'NONE', *, *, #779, .F. ) ;
#2967 = CARTESIAN_POINT ( 'NONE',  ( -2.265000000000003200, -1.200000000000000000E-005, -1.749999999999999800 ) ) ;
#2968 = DIRECTION ( 'NONE',  ( 0.0000000000000000000, 1.000000000000000000, 0.0000000000000000000 ) ) ;
#2969 = VERTEX_POINT ( 'NONE', #4751 ) ;
#2970 = ORIENTED_EDGE ( 'NONE', *, *, #5942, .F. ) ;
#2971 = ORIENTED_EDGE ( 'NONE', *, *, #2227, .F. ) ;
#2972 = EDGE_CURVE ( 'NONE', #4680, #5494, #1797, .T. ) ;
#2973 = LINE ( 'NONE', #3222, #1855 ) ;
#2974 = CARTESIAN_POINT ( 'NONE',  ( -2.300000000000002000, 2.250000000000000000, -1.450000000000000800 ) ) ;
#2975 = CARTESIAN_POINT ( 'NONE',  ( 1.374999999999998700, 0.3900000000000000100, -2.249999999999999100 ) ) ;
#2976 = AXIS2_PLACEMENT_3D ( 'NONE', #1250, #5039, #1280 ) ;
#2977 = DIRECTION ( 'NONE',  ( -1.000000000000000000, -0.0000000000000000000, -0.0000000000000000000 ) ) ;
#2978 = ADVANCED_FACE ( 'NONE', ( #1434 ), #1529, .F. ) ;
#2979 = DIRECTION ( 'NONE',  ( 0.0000000000000000000, 1.000000000000000000, 0.0000000000000000000 ) ) ;
#2980 = AXIS2_PLACEMENT_3D ( 'NONE', #1206, #3529, #2567 ) ;
#2981 =( LENGTH_UNIT ( ) NAMED_UNIT ( * ) SI_UNIT ( .MILLI., .METRE. ) );
#2982 = AXIS2_PLACEMENT_3D ( 'NONE', #2667, #2217, #764 ) ;
#2983 = CARTESIAN_POINT ( 'NONE',  ( -3.400000000000000400, 2.549999999999997200, 2.049999999999999400 ) ) ;
#2984 = CARTESIAN_POINT ( 'NONE',  ( 2.649999999999999500, 0.9499999999999995100, 2.250000000000002200 ) ) ;
#2985 = CARTESIAN_POINT ( 'NONE',  ( -2.300000000000002000, 0.2500000000000046600, -0.8500000000000000900 ) ) ;
#2986 = ORIENTED_EDGE ( 'NONE', *, *, #867, .T. ) ;
#2987 = CARTESIAN_POINT ( 'NONE',  ( 0.3749999999999986100, 1.241695452014624800, 1.578157383516454000 ) ) ;
#2988 = DIRECTION ( 'NONE',  ( 0.0000000000000000000, -1.000000000000000000, 0.0000000000000000000 ) ) ;
#2989 = LINE ( 'NONE', #3208, #422 ) ;
#2990 = DIRECTION ( 'NONE',  ( 1.000000000000000000, 0.0000000000000000000, -0.0000000000000000000 ) ) ;
#2991 = ORIENTED_EDGE ( 'NONE', *, *, #5593, .T. ) ;
#2992 = EDGE_CURVE ( 'NONE', #4630, #5611, #357, .T. ) ;
#2993 = DIRECTION ( 'NONE',  ( -0.0000000000000000000, 1.000000000000000000, -0.0000000000000000000 ) ) ;
#2994 = VECTOR ( 'NONE', #1162, 1000.000000000000000 ) ;
#2995 = CARTESIAN_POINT ( 'NONE',  ( -1.350000000000002300, 0.3499999999999999800, -1.749999999999999800 ) ) ;
#2996 = LINE ( 'NONE', #2759, #2393 ) ;
#2997 = ORIENTED_EDGE ( 'NONE', *, *, #4702, .F. ) ;
#2998 = LINE ( 'NONE', #2350, #5387 ) ;
#2999 = DIRECTION ( 'NONE',  ( -0.0000000000000000000, -0.3420201433256628300, -0.9396926207859105400 ) ) ;
#3000 = CARTESIAN_POINT ( 'NONE',  ( -4.899999999999999500, 2.549999999999997600, 3.250000000000002700 ) ) ;
#3001 = EDGE_CURVE ( 'NONE', #5014, #5850, #2678, .T. ) ;
#3002 = PLANE ( 'NONE',  #1561 ) ;
#3003 = VERTEX_POINT ( 'NONE', #5129 ) ;
#3004 = LINE ( 'NONE', #293, #3378 ) ;
#3005 = EDGE_CURVE ( 'NONE', #343, #3342, #5998, .T. ) ;
#3006 = ADVANCED_FACE ( 'NONE', ( #751 ), #5782, .F. ) ;
#3007 = VECTOR ( 'NONE', #140, 1000.000000000000000 ) ;
#3008 = ORIENTED_EDGE ( 'NONE', *, *, #1430, .T. ) ;
#3009 = DIRECTION ( 'NONE',  ( 1.000000000000000000, 0.0000000000000000000, 0.0000000000000000000 ) ) ;
#3010 = CARTESIAN_POINT ( 'NONE',  ( 0.6249999999999985600, 1.219584054212075700, 1.797811959340943600 ) ) ;
#3011 = LINE ( 'NONE', #3101, #3611 ) ;
#3012 = PLANE ( 'NONE',  #3089 ) ;
#3013 = ORIENTED_EDGE ( 'NONE', *, *, #3673, .T. ) ;
#3014 = LINE ( 'NONE', #86, #5325 ) ;
#3015 = ORIENTED_EDGE ( 'NONE', *, *, #4141, .F. ) ;
#3016 = DIRECTION ( 'NONE',  ( -0.0000000000000000000, 6.195440985631449400E-016, 1.000000000000000000 ) ) ;
#3017 = LINE ( 'NONE', #3061, #1300 ) ;
#3018 = VERTEX_POINT ( 'NONE', #1143 ) ;
#3019 = DIRECTION ( 'NONE',  ( 0.0000000000000000000, 1.000000000000000000, 0.0000000000000000000 ) ) ;
#3020 = LINE ( 'NONE', #5384, #2342 ) ;
#3021 = CARTESIAN_POINT ( 'NONE',  ( 2.500000000000002200, 0.2500000000000002800, 3.250000000000002700 ) ) ;
#3022 = ORIENTED_EDGE ( 'NONE', *, *, #4079, .F. ) ;
#3023 = VERTEX_POINT ( 'NONE', #1610 ) ;
#3024 = VECTOR ( 'NONE', #2956, 1000.000000000000000 ) ;
#3025 = ORIENTED_EDGE ( 'NONE', *, *, #5319, .T. ) ;
#3026 = VERTEX_POINT ( 'NONE', #631 ) ;
#3027 = ORIENTED_EDGE ( 'NONE', *, *, #5908, .T. ) ;
#3028 = ORIENTED_EDGE ( 'NONE', *, *, #1208, .F. ) ;
#3029 = DIRECTION ( 'NONE',  ( 1.000000000000000000, 0.0000000000000000000, 0.0000000000000000000 ) ) ;
#3030 = CIRCLE ( 'NONE', #4484, 0.1999999999999996500 ) ;
#3031 = DIRECTION ( 'NONE',  ( 0.0000000000000000000, 0.0000000000000000000, -1.000000000000000000 ) ) ;
#3032 = VECTOR ( 'NONE', #4709, 1000.000000000000000 ) ;
#3033 = EDGE_CURVE ( 'NONE', #1898, #1981, #3909, .T. ) ;
#3034 = ORIENTED_EDGE ( 'NONE', *, *, #3048, .T. ) ;
#3035 = DIRECTION ( 'NONE',  ( 0.0000000000000000000, 2.323290369611800400E-016, -1.000000000000000000 ) ) ;
#3036 = CARTESIAN_POINT ( 'NONE',  ( -4.899999999999999500, 2.450000000000000200, -1.599999999999999900 ) ) ;
#3037 = ORIENTED_EDGE ( 'NONE', *, *, #3813, .F. ) ;
#3038 = VERTEX_POINT ( 'NONE', #3436 ) ;
#3039 = FACE_OUTER_BOUND ( 'NONE', #4541, .T. ) ;
#3040 = LINE ( 'NONE', #3671, #4180 ) ;
#3041 = ORIENTED_EDGE ( 'NONE', *, *, #66, .T. ) ;
#3042 = DIRECTION ( 'NONE',  ( 0.0000000000000000000, 0.7999999999999999300, -0.6000000000000002000 ) ) ;
#3043 = DIRECTION ( 'NONE',  ( -0.0000000000000000000, -0.0000000000000000000, 1.000000000000000000 ) ) ;
#3044 = PLANE ( 'NONE',  #4913 ) ;
#3045 = VERTEX_POINT ( 'NONE', #645 ) ;
#3046 = VERTEX_POINT ( 'NONE', #1127 ) ;
#3047 = DIRECTION ( 'NONE',  ( -0.0000000000000000000, 1.000000000000000000, -0.0000000000000000000 ) ) ;
#3048 = EDGE_CURVE ( 'NONE', #1842, #4817, #3765, .T. ) ;
#3049 = VECTOR ( 'NONE', #337, 1000.000000000000000 ) ;
#3050 = EDGE_CURVE ( 'NONE', #2476, #2407, #1688, .T. ) ;
#3051 = PLANE ( 'NONE',  #555 ) ;
#3052 = ORIENTED_EDGE ( 'NONE', *, *, #370, .T. ) ;
#3053 = CARTESIAN_POINT ( 'NONE',  ( 1.349999999999999600, 0.0000000000000000000, -1.599999999999999900 ) ) ;
#3054 = EDGE_CURVE ( 'NONE', #5648, #998, #888, .T. ) ;
#3055 = CARTESIAN_POINT ( 'NONE',  ( 2.300000000000002000, 0.0000000000000000000, 1.100000000000000800 ) ) ;
#3056 = CARTESIAN_POINT ( 'NONE',  ( 3.350000000000000500, 0.6600000000000000300, 2.050000000000002500 ) ) ;
#3057 = EDGE_CURVE ( 'NONE', #1425, #4084, #2500, .T. ) ;
#3058 = DIRECTION ( 'NONE',  ( 0.0000000000000000000, 0.0000000000000000000, -1.000000000000000000 ) ) ;
#3059 = DIRECTION ( 'NONE',  ( 0.0000000000000000000, 0.0000000000000000000, 1.000000000000000000 ) ) ;
#3060 = ORIENTED_EDGE ( 'NONE', *, *, #2227, .T. ) ;
#3061 = CARTESIAN_POINT ( 'NONE',  ( -4.899999999999999500, 2.700000000000000200, 3.250000000000002700 ) ) ;
#3062 = AXIS2_PLACEMENT_3D ( 'NONE', #4242, #33, #5651 ) ;
#3063 = ORIENTED_EDGE ( 'NONE', *, *, #1009, .T. ) ;
#3064 = VECTOR ( 'NONE', #5641, 1000.000000000000000 ) ;
#3065 = ADVANCED_FACE ( 'NONE', ( #3413 ), #4420, .F. ) ;
#3066 = LINE ( 'NONE', #53, #290 ) ;
#3067 = MANIFOLD_SOLID_BREP ( 'Boss-Extrude4', #6009 ) ;
#3068 = DIRECTION ( 'NONE',  ( 0.3133774542039051700, -3.693092572346204000E-017, 0.9496286491027317000 ) ) ;
#3069 = VECTOR ( 'NONE', #2936, 1000.000000000000000 ) ;
#3070 = CARTESIAN_POINT ( 'NONE',  ( 0.1999999999999987900, 0.0000000000000000000, -2.250000000000000000 ) ) ;
#3071 = ORIENTED_EDGE ( 'NONE', *, *, #2722, .T. ) ;
#3072 = VECTOR ( 'NONE', #3852, 1000.000000000000000 ) ;
#3073 = PLANE ( 'NONE',  #3920 ) ;
#3074 = EDGE_CURVE ( 'NONE', #795, #3386, #5057, .T. ) ;
#3075 = EDGE_CURVE ( 'NONE', #4732, #1828, #1402, .T. ) ;
#3076 = VECTOR ( 'NONE', #2602, 1000.000000000000000 ) ;
#3077 =( NAMED_UNIT ( * ) PLANE_ANGLE_UNIT ( ) SI_UNIT ( $, .RADIAN. ) );
#3078 = FACE_OUTER_BOUND ( 'NONE', #4818, .T. ) ;
#3079 = CARTESIAN_POINT ( 'NONE',  ( -4.899999999999999500, 2.450000000000000200, -1.549999999999997200 ) ) ;
#3080 = ORIENTED_EDGE ( 'NONE', *, *, #1690, .F. ) ;
#3081 = FACE_OUTER_BOUND ( 'NONE', #4740, .T. ) ;
#3082 = CARTESIAN_POINT ( 'NONE',  ( 0.0000000000000000000, 2.700000000000000200, -1.549999999999997200 ) ) ;
#3083 = VERTEX_POINT ( 'NONE', #2597 ) ;
#3084 = EDGE_CURVE ( 'NONE', #474, #3772, #2959, .T. ) ;
#3085 = LINE ( 'NONE', #4271, #1023 ) ;
#3086 = EDGE_LOOP ( 'NONE', ( #1246, #3022, #235, #1470 ) ) ;
#3087 = ORIENTED_EDGE ( 'NONE', *, *, #1423, .T. ) ;
#3088 = SURFACE_STYLE_FILL_AREA ( #2318 ) ;
#3089 = AXIS2_PLACEMENT_3D ( 'NONE', #701, #3972, #1650 ) ;
#3090 = ORIENTED_EDGE ( 'NONE', *, *, #4078, .F. ) ;
#3091 = VECTOR ( 'NONE', #3777, 1000.000000000000000 ) ;
#3092 = LINE ( 'NONE', #3412, #871 ) ;
#3093 = LINE ( 'NONE', #1338, #2338 ) ;
#3094 = PLANE ( 'NONE',  #3841 ) ;
#3095 = DIRECTION ( 'NONE',  ( 1.000000000000000000, -0.0000000000000000000, -0.0000000000000000000 ) ) ;
#3096 = DIRECTION ( 'NONE',  ( 0.0000000000000000000, 0.0000000000000000000, 1.000000000000000000 ) ) ;
#3097 = ORIENTED_EDGE ( 'NONE', *, *, #4699, .T. ) ;
#3098 = VECTOR ( 'NONE', #719, 1000.000000000000000 ) ;
#3099 = ORIENTED_EDGE ( 'NONE', *, *, #1496, .F. ) ;
#3100 = VERTEX_POINT ( 'NONE', #2174 ) ;
#3101 = CARTESIAN_POINT ( 'NONE',  ( 0.0000000000000000000, 2.700000000000000200, 2.050000000000000700 ) ) ;
#3102 = EDGE_LOOP ( 'NONE', ( #2041, #4413, #4312, #3873 ) ) ;
#3103 = ORIENTED_EDGE ( 'NONE', *, *, #1895, .T. ) ;
#3104 = STYLED_ITEM ( 'NONE', ( #5104 ), #1514 ) ;
#3105 = LINE ( 'NONE', #4019, #1321 ) ;
#3106 = CARTESIAN_POINT ( 'NONE',  ( -1.375000000000001300, 0.0000000000000000000, -3.249999999999999600 ) ) ;
#3107 = PLANE ( 'NONE',  #3644 ) ;
#3108 = LINE ( 'NONE', #3815, #4127 ) ;
#3109 = EDGE_LOOP ( 'NONE', ( #2213, #4873, #1880, #4218 ) ) ;
#3110 = ORIENTED_EDGE ( 'NONE', *, *, #2894, .T. ) ;
#3111 = LINE ( 'NONE', #410, #617 ) ;
#3112 = PRESENTATION_LAYER_ASSIGNMENT (  '', '', ( #1175 ) ) ;
#3113 = DIRECTION ( 'NONE',  ( 1.000000000000000000, -0.0000000000000000000, -0.0000000000000000000 ) ) ;
#3114 = CARTESIAN_POINT ( 'NONE',  ( -0.6250000000000014400, 0.0000000000000000000, -2.249999999999999600 ) ) ;
#3115 = ORIENTED_EDGE ( 'NONE', *, *, #3350, .T. ) ;
#3116 = ORIENTED_EDGE ( 'NONE', *, *, #3931, .F. ) ;
#3117 = ORIENTED_EDGE ( 'NONE', *, *, #4360, .T. ) ;
#3118 = DIRECTION ( 'NONE',  ( 0.0000000000000000000, -0.0000000000000000000, 1.000000000000000000 ) ) ;
#3119 = CARTESIAN_POINT ( 'NONE',  ( -1.200000000000001500, 0.0000000000000000000, -2.250000000000000000 ) ) ;
#3120 = CARTESIAN_POINT ( 'NONE',  ( 0.3499999999999996400, 0.0000000000000000000, -1.749999999999999800 ) ) ;
#3121 = EDGE_CURVE ( 'NONE', #3083, #3695, #4906, .T. ) ;
#3122 = ORIENTED_EDGE ( 'NONE', *, *, #5683, .F. ) ;
#3123 = PLANE ( 'NONE',  #2980 ) ;
#3124 = CARTESIAN_POINT ( 'NONE',  ( -2.300000000000002000, 2.449999999999999700, -0.8499999999999996400 ) ) ;
#3125 = CARTESIAN_POINT ( 'NONE',  ( 4.300000000000001600, 2.450000000000002400, 2.049999999999999800 ) ) ;
#3126 = EDGE_CURVE ( 'NONE', #5576, #3908, #3694, .T. ) ;
#3127 = ADVANCED_FACE ( 'NONE', ( #469 ), #5654, .F. ) ;
#3128 = DIRECTION ( 'NONE',  ( 0.0000000000000000000, 1.000000000000000000, 1.971276677246376000E-016 ) ) ;
#3129 = ORIENTED_EDGE ( 'NONE', *, *, #2510, .T. ) ;
#3130 = EDGE_LOOP ( 'NONE', ( #2935, #2558, #3697, #1058 ) ) ;
#3131 = CARTESIAN_POINT ( 'NONE',  ( 2.000000000000007100, 2.449999999999999700, 2.049999999999999400 ) ) ;
#3132 = VERTEX_POINT ( 'NONE', #379 ) ;
#3133 = CARTESIAN_POINT ( 'NONE',  ( 1.624999999999998700, 1.129584054212076700, 1.677811959340942800 ) ) ;
#3134 = AXIS2_PLACEMENT_3D ( 'NONE', #2671, #6007, #808 ) ;
#3135 = EDGE_LOOP ( 'NONE', ( #1475, #1605, #5501, #1569 ) ) ;
#3136 = DIRECTION ( 'NONE',  ( -0.0000000000000000000, 1.000000000000000000, -0.0000000000000000000 ) ) ;
#3137 = LINE ( 'NONE', #5167, #3437 ) ;
#3138 =( GEOMETRIC_REPRESENTATION_CONTEXT ( 3 ) GLOBAL_UNCERTAINTY_ASSIGNED_CONTEXT ( ( #5154 ) ) GLOBAL_UNIT_ASSIGNED_CONTEXT ( ( #903, #1814, #2742 ) ) REPRESENTATION_CONTEXT ( 'NONE', 'WORKASPACE' ) );
#3139 = EDGE_CURVE ( 'NONE', #5957, #3733, #3257, .T. ) ;
#3140 = CARTESIAN_POINT ( 'NONE',  ( -1.375000000000001300, 0.9499999999999996200, 1.250000000000000900 ) ) ;
#3141 = VECTOR ( 'NONE', #5317, 1000.000000000000000 ) ;
#3142 = CARTESIAN_POINT ( 'NONE',  ( -2.300000000000002000, 0.2999999999999999900, -2.250000000000001300 ) ) ;
#3143 = PLANE ( 'NONE',  #2219 ) ;
#3144 = LINE ( 'NONE', #4194, #3591 ) ;
#3145 = VERTEX_POINT ( 'NONE', #1291 ) ;
#3146 = DIRECTION ( 'NONE',  ( 0.0000000000000000000, -1.000000000000000000, 6.195440985631449400E-016 ) ) ;
#3147 = VECTOR ( 'NONE', #2432, 1000.000000000000000 ) ;
#3148 = CARTESIAN_POINT ( 'NONE',  ( -1.375000000000001300, 0.0000000000000000000, -3.249999999999999600 ) ) ;
#3149 = PLANE ( 'NONE',  #921 ) ;
#3150 = EDGE_LOOP ( 'NONE', ( #3856, #5070, #4936, #4098 ) ) ;
#3151 = VECTOR ( 'NONE', #4839, 1000.000000000000000 ) ;
#3152 = DIRECTION ( 'NONE',  ( -1.000000000000000000, -0.0000000000000000000, -0.0000000000000000000 ) ) ;
#3153 = LINE ( 'NONE', #3333, #5462 ) ;
#3154 = EDGE_CURVE ( 'NONE', #4638, #1256, #2430, .T. ) ;
#3155 = EDGE_CURVE ( 'NONE', #899, #4694, #3555, .T. ) ;
#3156 = DIRECTION ( 'NONE',  ( 0.0000000000000000000, 0.0000000000000000000, 1.000000000000000000 ) ) ;
#3157 = LINE ( 'NONE', #3303, #1667 ) ;
#3158 = VERTEX_POINT ( 'NONE', #1205 ) ;
#3159 = VECTOR ( 'NONE', #4154, 1000.000000000000000 ) ;
#3160 = LINE ( 'NONE', #4002, #3810 ) ;
#3161 = VERTEX_POINT ( 'NONE', #3657 ) ;
#3162 = CARTESIAN_POINT ( 'NONE',  ( 4.899999999999999500, 1.510000000000005300, 3.250000000000002700 ) ) ;
#3163 = VERTEX_POINT ( 'NONE', #2793 ) ;
#3164 = FACE_OUTER_BOUND ( 'NONE', #5113, .T. ) ;
#3165 = EDGE_LOOP ( 'NONE', ( #4466, #1174, #5356, #459 ) ) ;
#3166 = ORIENTED_EDGE ( 'NONE', *, *, #3600, .T. ) ;
#3167 = VECTOR ( 'NONE', #3212, 1000.000000000000000 ) ;
#3168 = DIRECTION ( 'NONE',  ( 0.0000000000000000000, -0.0000000000000000000, 1.000000000000000000 ) ) ;
#3169 = FACE_OUTER_BOUND ( 'NONE', #2771, .T. ) ;
#3170 = EDGE_CURVE ( 'NONE', #3046, #2877, #2282, .T. ) ;
#3171 = CARTESIAN_POINT ( 'NONE',  ( -0.3750000000000014400, 0.3900000000000000100, -2.249999999999999100 ) ) ;
#3172 = FACE_OUTER_BOUND ( 'NONE', #2786, .T. ) ;
#3173 = EDGE_CURVE ( 'NONE', #5591, #2141, #3111, .T. ) ;
#3174 = ORIENTED_EDGE ( 'NONE', *, *, #4930, .T. ) ;
#3175 = PLANE ( 'NONE',  #2732 ) ;
#3176 = LINE ( 'NONE', #4755, #3324 ) ;
#3177 = VERTEX_POINT ( 'NONE', #5578 ) ;
#3178 = ORIENTED_EDGE ( 'NONE', *, *, #2391, .F. ) ;
#3179 = VERTEX_POINT ( 'NONE', #5233 ) ;
#3180 = DIRECTION ( 'NONE',  ( 1.000000000000000000, 2.891205793294679300E-016, -0.0000000000000000000 ) ) ;
#3181 = DIRECTION ( 'NONE',  ( 0.0000000000000000000, -1.000000000000000000, -0.0000000000000000000 ) ) ;
#3182 = ORIENTED_EDGE ( 'NONE', *, *, #3226, .T. ) ;
#3183 = LINE ( 'NONE', #4049, #686 ) ;
#3184 = CARTESIAN_POINT ( 'NONE',  ( -2.300000000000002000, 2.649999999999999900, -1.450000000000000800 ) ) ;
#3185 = ORIENTED_EDGE ( 'NONE', *, *, #3238, .T. ) ;
#3186 = DIRECTION ( 'NONE',  ( 0.0000000000000000000, 0.0000000000000000000, 1.000000000000000000 ) ) ;
#3187 = ORIENTED_EDGE ( 'NONE', *, *, #2629, .F. ) ;
#3188 = ORIENTED_EDGE ( 'NONE', *, *, #1455, .T. ) ;
#3189 = DIRECTION ( 'NONE',  ( -0.0000000000000000000, -0.7071067811865483500, -0.7071067811865465700 ) ) ;
#3190 = ORIENTED_EDGE ( 'NONE', *, *, #4055, .F. ) ;
#3191 = CARTESIAN_POINT ( 'NONE',  ( -2.300000000000002000, 2.250000000000000000, -1.450000000000000800 ) ) ;
#3192 = CARTESIAN_POINT ( 'NONE',  ( 3.400000000000000400, 2.649999999999999900, 3.250000000000002700 ) ) ;
#3193 = VECTOR ( 'NONE', #965, 1000.000000000000000 ) ;
#3194 = DIRECTION ( 'NONE',  ( 0.0000000000000000000, 2.323290369611800400E-016, -1.000000000000000000 ) ) ;
#3195 = ORIENTED_EDGE ( 'NONE', *, *, #3789, .T. ) ;
#3196 = DIRECTION ( 'NONE',  ( 1.000000000000000000, 0.0000000000000000000, 0.0000000000000000000 ) ) ;
#3197 = CARTESIAN_POINT ( 'NONE',  ( 2.500000000000002200, 0.6600000000000000300, 2.250000000000002200 ) ) ;
#3198 = DIRECTION ( 'NONE',  ( 0.0000000000000000000, -1.000000000000000000, -1.112002228190261100E-015 ) ) ;
#3199 = EDGE_CURVE ( 'NONE', #1615, #3794, #3622, .T. ) ;
#3200 = EDGE_CURVE ( 'NONE', #4125, #3267, #5562, .T. ) ;
#3201 = DIRECTION ( 'NONE',  ( 0.0000000000000000000, 0.0000000000000000000, -1.000000000000000000 ) ) ;
#3202 = ADVANCED_FACE ( 'NONE', ( #1113 ), #3175, .F. ) ;
#3203 = DIRECTION ( 'NONE',  ( -0.0000000000000000000, 1.000000000000000000, 8.340016711426968800E-017 ) ) ;
#3204 = EDGE_CURVE ( 'NONE', #5611, #968, #2355, .T. ) ;
#3205 = DIRECTION ( 'NONE',  ( 0.0000000000000000000, -6.195440985631449400E-016, -1.000000000000000000 ) ) ;
#3206 = EDGE_CURVE ( 'NONE', #5444, #1538, #4182, .T. ) ;
#3207 = CARTESIAN_POINT ( 'NONE',  ( -0.3750000000000014400, 2.199999999999998800, -1.599999999999999900 ) ) ;
#3208 = CARTESIAN_POINT ( 'NONE',  ( -1.625000000000001300, 0.2999999999999999900, -3.249999999999999600 ) ) ;
#3209 = DIRECTION ( 'NONE',  ( 0.0000000000000000000, 0.0000000000000000000, -1.000000000000000000 ) ) ;
#3210 = FACE_OUTER_BOUND ( 'NONE', #5049, .T. ) ;
#3211 = LINE ( 'NONE', #1382, #1955 ) ;
#3212 = DIRECTION ( 'NONE',  ( 1.000000000000000000, -0.0000000000000000000, -0.0000000000000000000 ) ) ;
#3213 = LINE ( 'NONE', #4775, #3069 ) ;
#3214 = VERTEX_POINT ( 'NONE', #5497 ) ;
#3215 = DIRECTION ( 'NONE',  ( -0.0000000000000000000, 4.336808689942017700E-016, -1.000000000000000000 ) ) ;
#3216 = AXIS2_PLACEMENT_3D ( 'NONE', #1209, #4492, #5431 ) ;
#3217 = EDGE_CURVE ( 'NONE', #1192, #1686, #972, .T. ) ;
#3218 = CIRCLE ( 'NONE', #398, 0.1999999999999996500 ) ;
#3219 = AXIS2_PLACEMENT_3D ( 'NONE', #3869, #3903, #1988 ) ;
#3220 = DIRECTION ( 'NONE',  ( 0.0000000000000000000, 0.0000000000000000000, 1.000000000000000000 ) ) ;
#3221 = PRESENTATION_STYLE_ASSIGNMENT (( #1487 ) ) ;
#3222 = CARTESIAN_POINT ( 'NONE',  ( -2.300000000000002000, 2.649999999999999900, 1.550000000000000500 ) ) ;
#3223 = ADVANCED_FACE ( 'NONE', ( #2800 ), #4953, .F. ) ;
#3224 = LINE ( 'NONE', #4331, #4587 ) ;
#3225 = ORIENTED_EDGE ( 'NONE', *, *, #2674, .T. ) ;
#3226 = EDGE_CURVE ( 'NONE', #1994, #1228, #5278, .T. ) ;
#3227 = LINE ( 'NONE', #5176, #3 ) ;
#3228 = CARTESIAN_POINT ( 'NONE',  ( -0.6250000000000014400, 0.9499999999999994000, 2.000000000000000900 ) ) ;
#3229 = LINE ( 'NONE', #2007, #5540 ) ;
#3230 = DIRECTION ( 'NONE',  ( 0.0000000000000000000, -1.000000000000000000, -0.0000000000000000000 ) ) ;
#3231 = EDGE_LOOP ( 'NONE', ( #749, #5699, #1958, #5359 ) ) ;
#3232 = VECTOR ( 'NONE', #1874, 1000.000000000000000 ) ;
#3233 = EDGE_LOOP ( 'NONE', ( #4052, #2194, #5728, #5122 ) ) ;
#3234 = VECTOR ( 'NONE', #2682, 1000.000000000000000 ) ;
#3235 = DIRECTION ( 'NONE',  ( -0.0000000000000000000, -0.0000000000000000000, 1.000000000000000000 ) ) ;
#3236 = FACE_OUTER_BOUND ( 'NONE', #3747, .T. ) ;
#3237 = ORIENTED_EDGE ( 'NONE', *, *, #5321, .T. ) ;
#3238 = EDGE_CURVE ( 'NONE', #4405, #2921, #610, .T. ) ;
#3239 = LINE ( 'NONE', #4651, #5482 ) ;
#3240 = CARTESIAN_POINT ( 'NONE',  ( -1.650000000000000400, 0.3499999999999999800, -1.749999999999999800 ) ) ;
#3241 = ORIENTED_EDGE ( 'NONE', *, *, #3901, .F. ) ;
#3242 = FACE_OUTER_BOUND ( 'NONE', #97, .T. ) ;
#3243 = ORIENTED_EDGE ( 'NONE', *, *, #3784, .F. ) ;
#3244 = EDGE_LOOP ( 'NONE', ( #1242, #1297, #444, #4708 ) ) ;
#3245 = EDGE_LOOP ( 'NONE', ( #5483, #1668, #5335, #670 ) ) ;
#3246 = VERTEX_POINT ( 'NONE', #3258 ) ;
#3247 = CARTESIAN_POINT ( 'NONE',  ( 2.700000000000002400, 2.649999999999999900, 1.550000000000000500 ) ) ;
#3248 = LINE ( 'NONE', #1047, #4179 ) ;
#3249 = CARTESIAN_POINT ( 'NONE',  ( 2.300000000000002000, 2.250000000000000000, -2.250000000000000900 ) ) ;
#3250 = CARTESIAN_POINT ( 'NONE',  ( 2.700000000000002400, 0.0000000000000000000, 1.100000000000000800 ) ) ;
#3251 = FACE_OUTER_BOUND ( 'NONE', #4387, .T. ) ;
#3252 = ADVANCED_FACE ( 'NONE', ( #5915 ), #3002, .F. ) ;
#3253 = VERTEX_POINT ( 'NONE', #5970 ) ;
#3254 = PLANE ( 'NONE',  #4914 ) ;
#3255 = ORIENTED_EDGE ( 'NONE', *, *, #5305, .F. ) ;
#3256 = AXIS2_PLACEMENT_3D ( 'NONE', #1367, #925, #1400 ) ;
#3257 = LINE ( 'NONE', #3505, #1839 ) ;
#3258 = CARTESIAN_POINT ( 'NONE',  ( -0.6250000000000014400, 0.9499999999999996200, 1.250000000000000900 ) ) ;
#3259 = ORIENTED_EDGE ( 'NONE', *, *, #1495, .T. ) ;
#3260 = DIRECTION ( 'NONE',  ( 0.0000000000000000000, 1.000000000000000000, 0.0000000000000000000 ) ) ;
#3261 = ORIENTED_EDGE ( 'NONE', *, *, #2817, .T. ) ;
#3262 = STYLED_ITEM ( 'NONE', ( #3221 ), #4940 ) ;
#3263 = CARTESIAN_POINT ( 'NONE',  ( -2.300000000000002000, 0.0000000000000000000, 1.100000000000000800 ) ) ;
#3264 = MANIFOLD_SOLID_BREP ( 'Body-Move/Copy10', #5918 ) ;
#3265 = ADVANCED_FACE ( 'NONE', ( #962 ), #3679, .F. ) ;
#3266 = AXIS2_PLACEMENT_3D ( 'NONE', #3700, #5082, #4690 ) ;
#3267 = VERTEX_POINT ( 'NONE', #1358 ) ;
#3268 = CARTESIAN_POINT ( 'NONE',  ( -2.500000000000002200, 0.6600000000000000300, 2.050000000000002500 ) ) ;
#3269 = CARTESIAN_POINT ( 'NONE',  ( -3.350000000000000500, 0.3600000000000000400, 2.750000000000002700 ) ) ;
#3270 = ORIENTED_EDGE ( 'NONE', *, *, #1634, .T. ) ;
#3271 = CARTESIAN_POINT ( 'NONE',  ( -2.735000000000001200, 2.449999999999999700, -0.8499999999999997600 ) ) ;
#3272 = DIRECTION ( 'NONE',  ( -0.0000000000000000000, 0.0000000000000000000, 1.000000000000000000 ) ) ;
#3273 = DIRECTION ( 'NONE',  ( -1.000000000000000000, 0.0000000000000000000, 0.0000000000000000000 ) ) ;
#3274 = DIRECTION ( 'NONE',  ( 1.000000000000000000, 1.018492949910624200E-015, -0.0000000000000000000 ) ) ;
#3275 = DIRECTION ( 'NONE',  ( -0.0000000000000000000, 1.000000000000000000, 0.0000000000000000000 ) ) ;
#3276 = EDGE_CURVE ( 'NONE', #5203, #2445, #4684, .T. ) ;
#3277 = ORIENTED_EDGE ( 'NONE', *, *, #546, .F. ) ;
#3278 = DIRECTION ( 'NONE',  ( 1.000000000000000000, -0.0000000000000000000, 0.0000000000000000000 ) ) ;
#3279 = ORIENTED_EDGE ( 'NONE', *, *, #27, .T. ) ;
#3280 = EDGE_LOOP ( 'NONE', ( #1258, #4553, #3626, #4304 ) ) ;
#3281 = CARTESIAN_POINT ( 'NONE',  ( 2.300000000000002000, 2.449999999999999700, -0.8499999999999996400 ) ) ;
#3282 = PLANE ( 'NONE',  #2414 ) ;
#3283 = EDGE_CURVE ( 'NONE', #3621, #1089, #5303, .T. ) ;
#3284 = CARTESIAN_POINT ( 'NONE',  ( -0.6500000000000003600, 0.0000000000000000000, -1.749999999999999800 ) ) ;
#3285 = EDGE_CURVE ( 'NONE', #3977, #865, #399, .T. ) ;
#3286 = VECTOR ( 'NONE', #5571, 1000.000000000000000 ) ;
#3287 = DIRECTION ( 'NONE',  ( -0.2873478855663468300, -5.934156224574238800E-016, -0.9578262852211509900 ) ) ;
#3288 = ADVANCED_FACE ( 'NONE', ( #2564 ), #5531, .F. ) ;
#3289 = ORIENTED_EDGE ( 'NONE', *, *, #5172, .T. ) ;
#3290 = PLANE ( 'NONE',  #4529 ) ;
#3291 = CARTESIAN_POINT ( 'NONE',  ( -2.000000000000000000, 0.0000000000000000000, -2.250000000000000000 ) ) ;
#3292 = LINE ( 'NONE', #3979, #4648 ) ;
#3293 = FILL_AREA_STYLE_COLOUR ( '', #4508 ) ;
#3294 = DIRECTION ( 'NONE',  ( -0.2873478855663468300, 0.0000000000000000000, -0.9578262852211508700 ) ) ;
#3295 = VECTOR ( 'NONE', #124, 1000.000000000000000 ) ;
#3296 = CARTESIAN_POINT ( 'NONE',  ( 2.000000000000000000, 0.2500000000000000000, -2.250000000000000000 ) ) ;
#3297 = ORIENTED_EDGE ( 'NONE', *, *, #3997, .T. ) ;
#3298 = FACE_OUTER_BOUND ( 'NONE', #1115, .T. ) ;
#3299 = DIRECTION ( 'NONE',  ( -1.000000000000000000, -0.0000000000000000000, -1.189252840020662300E-016 ) ) ;
#3300 = AXIS2_PLACEMENT_3D ( 'NONE', #1497, #1003, #4754 ) ;
#3301 = DIRECTION ( 'NONE',  ( 0.0000000000000000000, -1.000000000000000000, -1.112002228190261100E-015 ) ) ;
#3302 = LINE ( 'NONE', #4201, #4231 ) ;
#3303 = CARTESIAN_POINT ( 'NONE',  ( 2.500000000000002200, 0.6600000000000000300, 2.250000000000002200 ) ) ;
#3304 = CYLINDRICAL_SURFACE ( 'NONE', #4269, 0.1499999999999999700 ) ;
#3305 = VERTEX_POINT ( 'NONE', #4614 ) ;
#3306 = LINE ( 'NONE', #3808, #2039 ) ;
#3307 = PLANE ( 'NONE',  #3798 ) ;
#3308 = VECTOR ( 'NONE', #3567, 1000.000000000000000 ) ;
#3309 = ADVANCED_FACE ( 'NONE', ( #2055 ), #2270, .F. ) ;
#3310 = DIRECTION ( 'NONE',  ( -0.0000000000000000000, 1.000000000000000000, -0.0000000000000000000 ) ) ;
#3311 = EDGE_LOOP ( 'NONE', ( #3863, #1283, #1277, #3964 ) ) ;
#3312 = LINE ( 'NONE', #3435, #796 ) ;
#3313 = EDGE_CURVE ( 'NONE', #2969, #22, #4823, .T. ) ;
#3314 = ORIENTED_EDGE ( 'NONE', *, *, #5950, .F. ) ;
#3315 = DIRECTION ( 'NONE',  ( -0.0000000000000000000, 1.000000000000000000, 8.340016711426968800E-017 ) ) ;
#3316 = VECTOR ( 'NONE', #5409, 1000.000000000000000 ) ;
#3317 = ORIENTED_EDGE ( 'NONE', *, *, #2006, .T. ) ;
#3318 = ORIENTED_EDGE ( 'NONE', *, *, #784, .T. ) ;
#3319 = LINE ( 'NONE', #5436, #676 ) ;
#3320 = FACE_OUTER_BOUND ( 'NONE', #5083, .T. ) ;
#3321 = VECTOR ( 'NONE', #832, 1000.000000000000000 ) ;
#3322 = ORIENTED_EDGE ( 'NONE', *, *, #5564, .F. ) ;
#3323 = ORIENTED_EDGE ( 'NONE', *, *, #5053, .F. ) ;
#3324 = VECTOR ( 'NONE', #3345, 1000.000000000000000 ) ;
#3325 = ORIENTED_EDGE ( 'NONE', *, *, #4499, .F. ) ;
#3326 = ADVANCED_FACE ( 'NONE', ( #4677 ), #470, .F. ) ;
#3327 = EDGE_LOOP ( 'NONE', ( #1509, #2147, #2915, #4382, #2229, #3888, #417, #2590, #1097, #2525, #3457, #2367, #1220, #4021, #3756, #4810, #4165, #315, #592, #2796 ) ) ;
#3328 = EDGE_CURVE ( 'NONE', #3794, #899, #966, .T. ) ;
#3329 = ORIENTED_EDGE ( 'NONE', *, *, #3084, .F. ) ;
#3330 = CARTESIAN_POINT ( 'NONE',  ( 2.735000000000001200, 0.2500000000000001100, -2.250000000000000000 ) ) ;
#3331 = ORIENTED_EDGE ( 'NONE', *, *, #1495, .F. ) ;
#3332 = VECTOR ( 'NONE', #2505, 1000.000000000000000 ) ;
#3333 = CARTESIAN_POINT ( 'NONE',  ( -0.3750000000000014400, 0.9499999999999994000, 2.000000000000000900 ) ) ;
#3334 = DIRECTION ( 'NONE',  ( -0.2873478855663468300, -0.0000000000000000000, 0.9578262852211508700 ) ) ;
#3335 = EDGE_CURVE ( 'NONE', #538, #4797, #1253, .T. ) ;
#3336 = LINE ( 'NONE', #2547, #463 ) ;
#3337 = ORIENTED_EDGE ( 'NONE', *, *, #4009, .T. ) ;
#3338 = VERTEX_POINT ( 'NONE', #1947 ) ;
#3339 = CARTESIAN_POINT ( 'NONE',  ( -1.625000000000001300, 1.241695452014624800, 1.578157383516454000 ) ) ;
#3340 = DIRECTION ( 'NONE',  ( -1.000000000000000000, 0.0000000000000000000, 0.0000000000000000000 ) ) ;
#3341 = CARTESIAN_POINT ( 'NONE',  ( -0.3750000000000014400, 0.9499999999999994000, 2.000000000000000900 ) ) ;
#3342 = VERTEX_POINT ( 'NONE', #3359 ) ;
#3343 = STYLED_ITEM ( 'NONE', ( #4525 ), #1437 ) ;
#3344 = DIRECTION ( 'NONE',  ( 0.0000000000000000000, 0.0000000000000000000, 1.000000000000000000 ) ) ;
#3345 = DIRECTION ( 'NONE',  ( -1.000000000000000000, -0.0000000000000000000, -0.0000000000000000000 ) ) ;
#3346 = VERTEX_POINT ( 'NONE', #529 ) ;
#3347 = CARTESIAN_POINT ( 'NONE',  ( 0.6249999999999985600, 0.0000000000000000000, -2.249999999999999600 ) ) ;
#3348 = VECTOR ( 'NONE', #12, 1000.000000000000000 ) ;
#3349 = AXIS2_PLACEMENT_3D ( 'NONE', #2729, #5050, #2295 ) ;
#3350 = EDGE_CURVE ( 'NONE', #5209, #619, #4108, .T. ) ;
#3351 = DIRECTION ( 'NONE',  ( -0.0000000000000000000, 0.0000000000000000000, 1.000000000000000000 ) ) ;
#3352 = DIRECTION ( 'NONE',  ( -1.000000000000000000, -0.0000000000000000000, -0.0000000000000000000 ) ) ;
#3353 = ORIENTED_EDGE ( 'NONE', *, *, #6039, .F. ) ;
#3354 = ORIENTED_EDGE ( 'NONE', *, *, #3283, .F. ) ;
#3355 = DIRECTION ( 'NONE',  ( -0.0000000000000000000, 1.000000000000000000, -0.0000000000000000000 ) ) ;
#3356 = ADVANCED_FACE ( 'NONE', ( #3397 ), #1933, .F. ) ;
#3357 = DIRECTION ( 'NONE',  ( 0.0000000000000000000, 0.7999999999999999300, -0.6000000000000002000 ) ) ;
#3358 = CARTESIAN_POINT ( 'NONE',  ( 2.300000000000002000, 0.0000000000000000000, 1.100000000000000800 ) ) ;
#3359 = CARTESIAN_POINT ( 'NONE',  ( 4.099999999999999600, 0.5000000000000000000, 3.250000000000002700 ) ) ;
#3360 = EDGE_LOOP ( 'NONE', ( #746, #2452, #4290, #294 ) ) ;
#3361 = DIRECTION ( 'NONE',  ( 0.0000000000000000000, 0.0000000000000000000, -1.000000000000000000 ) ) ;
#3362 = PLANE ( 'NONE',  #2010 ) ;
#3363 = EDGE_CURVE ( 'NONE', #1823, #5444, #5785, .T. ) ;
#3364 = EDGE_CURVE ( 'NONE', #1766, #1384, #3176, .T. ) ;
#3365 = DIRECTION ( 'NONE',  ( 0.0000000000000000000, -1.000000000000000000, 0.0000000000000000000 ) ) ;
#3366 = CARTESIAN_POINT ( 'NONE',  ( -1.375000000000001300, 0.2999999999999998200, -2.550000000000001200 ) ) ;
#3367 = VECTOR ( 'NONE', #5605, 1000.000000000000000 ) ;
#3368 = EDGE_CURVE ( 'NONE', #168, #1599, #2867, .T. ) ;
#3369 = LINE ( 'NONE', #5787, #3722 ) ;
#3370 = VERTEX_POINT ( 'NONE', #58 ) ;
#3371 = EDGE_CURVE ( 'NONE', #2658, #5267, #1614, .T. ) ;
#3372 = DIRECTION ( 'NONE',  ( 0.0000000000000000000, -0.0000000000000000000, 1.000000000000000000 ) ) ;
#3373 = UNCERTAINTY_MEASURE_WITH_UNIT (LENGTH_MEASURE( 1.000000000000000100E-005 ), #564, 'distance_accuracy_value', 'NONE');
#3374 = VECTOR ( 'NONE', #1528, 1000.000000000000000 ) ;
#3375 = ORIENTED_EDGE ( 'NONE', *, *, #1619, .T. ) ;
#3376 = DIRECTION ( 'NONE',  ( 1.000000000000000000, 0.0000000000000000000, -0.0000000000000000000 ) ) ;
#3377 = SURFACE_SIDE_STYLE ('',( #1282 ) ) ;
#3378 = VECTOR ( 'NONE', #3526, 1000.000000000000000 ) ;
#3379 = DIRECTION ( 'NONE',  ( 0.0000000000000000000, -2.323290369611800400E-016, 1.000000000000000000 ) ) ;
#3380 = AXIS2_PLACEMENT_3D ( 'NONE', #4272, #496, #3774 ) ;
#3381 = VECTOR ( 'NONE', #620, 1000.000000000000000 ) ;
#3382 = CARTESIAN_POINT ( 'NONE',  ( 4.099999999999999600, 0.3600000000000000400, 3.250000000000002700 ) ) ;
#3383 = VERTEX_POINT ( 'NONE', #19 ) ;
#3384 = LINE ( 'NONE', #5280, #4014 ) ;
#3385 = ADVANCED_FACE ( 'NONE', ( #5197 ), #1498, .F. ) ;
#3386 = VERTEX_POINT ( 'NONE', #488 ) ;
#3387 = LINE ( 'NONE', #3269, #1896 ) ;
#3388 = DIRECTION ( 'NONE',  ( 0.0000000000000000000, -2.323290369611800400E-016, 1.000000000000000000 ) ) ;
#3389 = EDGE_LOOP ( 'NONE', ( #4036, #2991, #5559, #5893, #4744, #3662, #4808, #3237 ) ) ;
#3390 = DIRECTION ( 'NONE',  ( -1.000000000000000000, 0.0000000000000000000, -0.0000000000000000000 ) ) ;
#3391 = PRESENTATION_STYLE_ASSIGNMENT (( #4639 ) ) ;
#3392 = VERTEX_POINT ( 'NONE', #1415 ) ;
#3393 = FACE_OUTER_BOUND ( 'NONE', #5842, .T. ) ;
#3394 = LINE ( 'NONE', #3120, #5980 ) ;
#3395 = ORIENTED_EDGE ( 'NONE', *, *, #4976, .T. ) ;
#3396 = ORIENTED_EDGE ( 'NONE', *, *, #3075, .F. ) ;
#3397 = FACE_OUTER_BOUND ( 'NONE', #3327, .T. ) ;
#3398 = CARTESIAN_POINT ( 'NONE',  ( 0.3499999999999996400, 0.0000000000000000000, -1.749999999999999800 ) ) ;
#3399 = VERTEX_POINT ( 'NONE', #974 ) ;
#3400 = ORIENTED_EDGE ( 'NONE', *, *, #2645, .T. ) ;
#3401 = CARTESIAN_POINT ( 'NONE',  ( 0.6249999999999985600, 2.199999999999998800, -2.550000000000001200 ) ) ;
#3402 = ORIENTED_EDGE ( 'NONE', *, *, #2781, .T. ) ;
#3403 = VERTEX_POINT ( 'NONE', #1432 ) ;
#3404 = EDGE_CURVE ( 'NONE', #4590, #4125, #4402, .T. ) ;
#3405 = VECTOR ( 'NONE', #2013, 1000.000000000000000 ) ;
#3406 = EDGE_CURVE ( 'NONE', #5632, #4603, #539, .T. ) ;
#3407 = DIRECTION ( 'NONE',  ( 0.0000000000000000000, 0.0000000000000000000, -1.000000000000000000 ) ) ;
#3408 = DIRECTION ( 'NONE',  ( 0.0000000000000000000, -0.6643638388299201200, -0.7474093186836594500 ) ) ;
#3409 = VECTOR ( 'NONE', #2087, 1000.000000000000000 ) ;
#3410 = EDGE_LOOP ( 'NONE', ( #1149, #5314, #5913, #2589 ) ) ;
#3411 = DIRECTION ( 'NONE',  ( 3.469446951953515100E-014, -1.000000000000000000, 0.0000000000000000000 ) ) ;
#3412 = CARTESIAN_POINT ( 'NONE',  ( 2.265000000000003200, -1.200000000000000000E-005, -1.549999999999999800 ) ) ;
#3413 = FACE_OUTER_BOUND ( 'NONE', #876, .T. ) ;
#3414 = EDGE_CURVE ( 'NONE', #5631, #4615, #3680, .T. ) ;
#3415 = ORIENTED_EDGE ( 'NONE', *, *, #6016, .T. ) ;
#3416 = CARTESIAN_POINT ( 'NONE',  ( 0.6249999999999985600, 1.129584054212076700, 1.677811959340942800 ) ) ;
#3417 = ORIENTED_EDGE ( 'NONE', *, *, #266, .F. ) ;
#3418 = AXIS2_PLACEMENT_3D ( 'NONE', #4867, #2149, #2615 ) ;
#3419 = ORIENTED_EDGE ( 'NONE', *, *, #1362, .T. ) ;
#3420 = ADVANCED_FACE ( 'NONE', ( #3242 ), #1882, .F. ) ;
#3421 = DIRECTION ( 'NONE',  ( 0.0000000000000000000, -2.323290369611800400E-016, 1.000000000000000000 ) ) ;
#3422 = AXIS2_PLACEMENT_3D ( 'NONE', #3792, #14, #52 ) ;
#3423 = PRODUCT_CONTEXT ( 'NONE', #582, 'mechanical' ) ;
#3424 = DIRECTION ( 'NONE',  ( 1.000000000000000000, -0.0000000000000000000, -0.0000000000000000000 ) ) ;
#3425 = DIRECTION ( 'NONE',  ( 0.9496286491027318100, 0.0000000000000000000, 0.3133774542039052300 ) ) ;
#3426 = PLANE ( 'NONE',  #2131 ) ;
#3427 = MECHANICAL_DESIGN_GEOMETRIC_PRESENTATION_REPRESENTATION (  '', ( #1521 ), #4764 ) ;
#3428 = CARTESIAN_POINT ( 'NONE',  ( 2.300000000000002000, 0.0000000000000000000, 1.100000000000000800 ) ) ;
#3429 = EDGE_LOOP ( 'NONE', ( #5741, #1594, #3985, #1309, #5108, #4852, #541, #2340, #1685, #4908, #2799, #4863, #2869, #4802, #4743, #46, #121, #1801 ) ) ;
#3430 = DIRECTION ( 'NONE',  ( 0.0000000000000000000, 0.0000000000000000000, 1.000000000000000000 ) ) ;
#3431 = ORIENTED_EDGE ( 'NONE', *, *, #5763, .T. ) ;
#3432 = EDGE_CURVE ( 'NONE', #5591, #3889, #1035, .T. ) ;
#3433 = CARTESIAN_POINT ( 'NONE',  ( -0.3750000000000014400, 2.199999999999998800, -2.550000000000001200 ) ) ;
#3434 = DIRECTION ( 'NONE',  ( 0.0000000000000000000, -0.0000000000000000000, -1.000000000000000000 ) ) ;
#3435 = CARTESIAN_POINT ( 'NONE',  ( -1.375000000000001300, 2.199999999999998800, -1.599999999999999900 ) ) ;
#3436 = CARTESIAN_POINT ( 'NONE',  ( 0.6249999999999985600, 0.9499999999999996200, 1.250000000000000900 ) ) ;
#3437 = VECTOR ( 'NONE', #1879, 1000.000000000000000 ) ;
#3438 = CARTESIAN_POINT ( 'NONE',  ( 2.700000000000002400, 2.649999999999999900, 1.550000000000000500 ) ) ;
#3439 = DIRECTION ( 'NONE',  ( 0.0000000000000000000, -1.000000000000000000, -1.178480622266852200E-016 ) ) ;
#3440 = EDGE_CURVE ( 'NONE', #4162, #3703, #3617, .T. ) ;
#3441 = ADVANCED_FACE ( 'NONE', ( #2271 ), #3843, .F. ) ;
#3442 = LINE ( 'NONE', #1124, #3940 ) ;
#3443 = LINE ( 'NONE', #5158, #1445 ) ;
#3444 = CARTESIAN_POINT ( 'NONE',  ( 0.6249999999999985600, 0.3900000000000000100, -2.249999999999999100 ) ) ;
#3445 = FILL_AREA_STYLE ('',( #3860 ) ) ;
#3446 = UNCERTAINTY_MEASURE_WITH_UNIT (LENGTH_MEASURE( 1.000000000000000100E-005 ), #2981, 'distance_accuracy_value', 'NONE');
#3447 = VECTOR ( 'NONE', #4336, 1000.000000000000000 ) ;
#3448 = PLANE ( 'NONE',  #2097 ) ;
#3449 = VERTEX_POINT ( 'NONE', #105 ) ;
#3450 = VECTOR ( 'NONE', #3496, 1000.000000000000000 ) ;
#3451 = DIRECTION ( 'NONE',  ( 1.000000000000000000, 0.0000000000000000000, 0.0000000000000000000 ) ) ;
#3452 = PLANE ( 'NONE',  #625 ) ;
#3453 = LINE ( 'NONE', #377, #790 ) ;
#3454 = ORIENTED_EDGE ( 'NONE', *, *, #3910, .F. ) ;
#3455 =( NAMED_UNIT ( * ) PLANE_ANGLE_UNIT ( ) SI_UNIT ( $, .RADIAN. ) );
#3456 = FILL_AREA_STYLE ('',( #612 ) ) ;
#3457 = ORIENTED_EDGE ( 'NONE', *, *, #3005, .F. ) ;
#3458 = LINE ( 'NONE', #11, #5403 ) ;
#3459 = AXIS2_PLACEMENT_3D ( 'NONE', #4695, #1030, #4674 ) ;
#3460 = VECTOR ( 'NONE', #3846, 1000.000000000000000 ) ;
#3461 = EDGE_CURVE ( 'NONE', #4211, #3253, #681, .T. ) ;
#3462 = CARTESIAN_POINT ( 'NONE',  ( -4.299999999999999800, 0.2500000000000002800, -0.8499999999999994200 ) ) ;
#3463 = ORIENTED_EDGE ( 'NONE', *, *, #3508, .F. ) ;
#3464 = PRESENTATION_LAYER_ASSIGNMENT (  '', '', ( #1521 ) ) ;
#3465 = LINE ( 'NONE', #4023, #3605 ) ;
#3466 = ORIENTED_EDGE ( 'NONE', *, *, #5931, .F. ) ;
#3467 = ORIENTED_EDGE ( 'NONE', *, *, #3937, .F. ) ;
#3468 = VECTOR ( 'NONE', #1267, 1000.000000000000000 ) ;
#3469 = ORIENTED_EDGE ( 'NONE', *, *, #5752, .F. ) ;
#3470 = ORIENTED_EDGE ( 'NONE', *, *, #906, .T. ) ;
#3471 = VECTOR ( 'NONE', #4428, 1000.000000000000000 ) ;
#3472 = VERTEX_POINT ( 'NONE', #633 ) ;
#3473 = ORIENTED_EDGE ( 'NONE', *, *, #788, .T. ) ;
#3474 = LINE ( 'NONE', #4081, #3321 ) ;
#3475 = CARTESIAN_POINT ( 'NONE',  ( 0.3749999999999986100, 1.219584054212075700, 1.797811959340943600 ) ) ;
#3476 = CARTESIAN_POINT ( 'NONE',  ( 2.735000000000001200, 0.2500000000000000000, -0.8500000000000004200 ) ) ;
#3477 = ORIENTED_EDGE ( 'NONE', *, *, #217, .F. ) ;
#3478 = DIRECTION ( 'NONE',  ( -0.0000000000000000000, -0.0000000000000000000, -1.000000000000000000 ) ) ;
#3479 = ORIENTED_EDGE ( 'NONE', *, *, #4087, .F. ) ;
#3480 = EDGE_LOOP ( 'NONE', ( #5284, #3545, #5071, #5184 ) ) ;
#3481 = ADVANCED_FACE ( 'NONE', ( #5342 ), #5290, .F. ) ;
#3482 = CARTESIAN_POINT ( 'NONE',  ( 1.374999999999998700, 0.9499999999999994000, 2.000000000000000900 ) ) ;
#3483 = ORIENTED_EDGE ( 'NONE', *, *, #2112, .F. ) ;
#3484 = EDGE_CURVE ( 'NONE', #5192, #4069, #810, .T. ) ;
#3485 = DIRECTION ( 'NONE',  ( 1.000000000000000000, 0.0000000000000000000, 0.0000000000000000000 ) ) ;
#3486 = EDGE_CURVE ( 'NONE', #5196, #5014, #4538, .T. ) ;
#3487 = DIRECTION ( 'NONE',  ( -0.0000000000000000000, -0.0000000000000000000, 1.000000000000000000 ) ) ;
#3488 = ORIENTED_EDGE ( 'NONE', *, *, #2201, .F. ) ;
#3489 = DIRECTION ( 'NONE',  ( -1.000000000000000000, 0.0000000000000000000, 0.0000000000000000000 ) ) ;
#3490 = CARTESIAN_POINT ( 'NONE',  ( 3.350000000000000500, 0.3600000000000000400, 2.750000000000002700 ) ) ;
#3491 = EDGE_LOOP ( 'NONE', ( #2949, #4391, #4026, #1388, #401, #4191 ) ) ;
#3492 = ORIENTED_EDGE ( 'NONE', *, *, #3752, .T. ) ;
#3493 = EDGE_CURVE ( 'NONE', #865, #3246, #2123, .T. ) ;
#3494 = FACE_OUTER_BOUND ( 'NONE', #2329, .T. ) ;
#3495 = DIRECTION ( 'NONE',  ( 0.0000000000000000000, 0.0000000000000000000, -1.000000000000000000 ) ) ;
#3496 = DIRECTION ( 'NONE',  ( -0.0000000000000000000, 1.000000000000000000, -0.0000000000000000000 ) ) ;
#3497 = DIRECTION ( 'NONE',  ( -0.0000000000000000000, 1.000000000000000000, 0.0000000000000000000 ) ) ;
#3498 = AXIS2_PLACEMENT_3D ( 'NONE', #4562, #3658, #4515 ) ;
#3499 = CARTESIAN_POINT ( 'NONE',  ( 4.899999999999999500, 0.5000000000000000000, 3.250000000000002700 ) ) ;
#3500 = DIRECTION ( 'NONE',  ( 1.000000000000000000, 0.0000000000000000000, 0.0000000000000000000 ) ) ;
#3501 = CARTESIAN_POINT ( 'NONE',  ( 1.624999999999998700, 1.241695452014624800, 1.578157383516454000 ) ) ;
#3502 = ORIENTED_EDGE ( 'NONE', *, *, #2886, .T. ) ;
#3503 = CARTESIAN_POINT ( 'NONE',  ( -4.899999999999999500, 2.349999999999997400, 2.049999999999999800 ) ) ;
#3504 = DIRECTION ( 'NONE',  ( 1.000000000000000000, 0.0000000000000000000, 0.0000000000000000000 ) ) ;
#3505 = CARTESIAN_POINT ( 'NONE',  ( 1.412561998376755900, 2.449999999999998400, -4.333145459464351900 ) ) ;
#3506 = DIRECTION ( 'NONE',  ( 0.0000000000000000000, -1.000000000000000000, 0.0000000000000000000 ) ) ;
#3507 = EDGE_LOOP ( 'NONE', ( #2858, #3015, #2640, #5007, #1819, #4572 ) ) ;
#3508 = EDGE_CURVE ( 'NONE', #1676, #4610, #879, .T. ) ;
#3509 = CARTESIAN_POINT ( 'NONE',  ( -0.3750000000000014400, 0.3900000000000000100, -2.249999999999999100 ) ) ;
#3510 = DIRECTION ( 'NONE',  ( -1.000000000000000000, -0.0000000000000000000, -0.0000000000000000000 ) ) ;
#3511 = LINE ( 'NONE', #1724, #4076 ) ;
#3512 = CARTESIAN_POINT ( 'NONE',  ( 2.000000000000007100, 2.449999999999999700, -1.549999999999997200 ) ) ;
#3513 = SURFACE_STYLE_USAGE ( .BOTH. , #4860 ) ;
#3514 = FACE_OUTER_BOUND ( 'NONE', #6019, .T. ) ;
#3515 = DIRECTION ( 'NONE',  ( 1.000000000000000000, 0.0000000000000000000, 0.0000000000000000000 ) ) ;
#3516 = ORIENTED_EDGE ( 'NONE', *, *, #3074, .F. ) ;
#3517 = DIRECTION ( 'NONE',  ( -0.0000000000000000000, 1.000000000000000000, 4.336808689942017700E-016 ) ) ;
#3518 = VECTOR ( 'NONE', #5392, 1000.000000000000100 ) ;
#3519 =( NAMED_UNIT ( * ) PLANE_ANGLE_UNIT ( ) SI_UNIT ( $, .RADIAN. ) );
#3520 = EDGE_CURVE ( 'NONE', #431, #2649, #5987, .T. ) ;
#3521 = LINE ( 'NONE', #5418, #855 ) ;
#3522 = EDGE_CURVE ( 'NONE', #2943, #5903, #1313, .T. ) ;
#3523 = MANIFOLD_SOLID_BREP ( 'LPattern1[1]', #3834 ) ;
#3524 = FACE_OUTER_BOUND ( 'NONE', #1167, .T. ) ;
#3525 = CARTESIAN_POINT ( 'NONE',  ( 0.6499999999999978000, 0.3499999999999999800, -1.599999999999999900 ) ) ;
#3526 = DIRECTION ( 'NONE',  ( 1.000000000000000000, 0.0000000000000000000, 7.928352266804415900E-017 ) ) ;
#3527 = ORIENTED_EDGE ( 'NONE', *, *, #1536, .T. ) ;
#3528 = FACE_OUTER_BOUND ( 'NONE', #3933, .T. ) ;
#3529 = DIRECTION ( 'NONE',  ( -0.0000000000000000000, 1.000000000000000000, 4.336808689942017700E-016 ) ) ;
#3530 = ORIENTED_EDGE ( 'NONE', *, *, #1768, .T. ) ;
#3531 = VECTOR ( 'NONE', #953, 1000.000000000000100 ) ;
#3532 = ORIENTED_EDGE ( 'NONE', *, *, #3522, .F. ) ;
#3533 = AXIS2_PLACEMENT_3D ( 'NONE', #5892, #3118, #2621 ) ;
#3534 = ORIENTED_EDGE ( 'NONE', *, *, #3812, .F. ) ;
#3535 = CARTESIAN_POINT ( 'NONE',  ( 2.265000000000003200, -1.200000000000000000E-005, -0.8500000000000004200 ) ) ;
#3536 = ORIENTED_EDGE ( 'NONE', *, *, #1130, .T. ) ;
#3537 = ADVANCED_FACE ( 'NONE', ( #5046 ), #2036, .F. ) ;
#3538 = VECTOR ( 'NONE', #448, 1000.000000000000000 ) ;
#3539 = DIRECTION ( 'NONE',  ( -0.0000000000000000000, 1.000000000000000000, -0.0000000000000000000 ) ) ;
#3540 = LINE ( 'NONE', #4617, #4954 ) ;
#3541 = LINE ( 'NONE', #4932, #2266 ) ;
#3542 = DIRECTION ( 'NONE',  ( -0.0000000000000000000, -0.0000000000000000000, 1.000000000000000000 ) ) ;
#3543 = EDGE_CURVE ( 'NONE', #5575, #998, #2701, .T. ) ;
#3544 = VERTEX_POINT ( 'NONE', #198 ) ;
#3545 = ORIENTED_EDGE ( 'NONE', *, *, #2629, .T. ) ;
#3546 = CARTESIAN_POINT ( 'NONE',  ( 0.6249999999999985600, 1.241695452014624800, 1.578157383516454000 ) ) ;
#3547 = DIRECTION ( 'NONE',  ( -1.000000000000000000, 0.0000000000000000000, -0.0000000000000000000 ) ) ;
#3548 = LINE ( 'NONE', #827, #2274 ) ;
#3549 = ORIENTED_EDGE ( 'NONE', *, *, #4149, .T. ) ;
#3550 = LINE ( 'NONE', #51, #1042 ) ;
#3551 = LINE ( 'NONE', #407, #5712 ) ;
#3552 = ORIENTED_EDGE ( 'NONE', *, *, #4410, .F. ) ;
#3553 = DIRECTION ( 'NONE',  ( 0.0000000000000000000, -0.6000000000000002000, -0.7999999999999999300 ) ) ;
#3554 = ORIENTED_EDGE ( 'NONE', *, *, #1335, .F. ) ;
#3555 = LINE ( 'NONE', #5797, #2654 ) ;
#3556 = EDGE_CURVE ( 'NONE', #3045, #5701, #2047, .T. ) ;
#3557 = DIRECTION ( 'NONE',  ( 0.0000000000000000000, -4.336808689942017700E-016, 1.000000000000000000 ) ) ;
#3558 = ORIENTED_EDGE ( 'NONE', *, *, #2228, .F. ) ;
#3559 = DIRECTION ( 'NONE',  ( 0.0000000000000000000, -1.000000000000000000, 0.0000000000000000000 ) ) ;
#3560 = VERTEX_POINT ( 'NONE', #5243 ) ;
#3561 =( NAMED_UNIT ( * ) SI_UNIT ( $, .STERADIAN. ) SOLID_ANGLE_UNIT ( ) );
#3562 = EDGE_CURVE ( 'NONE', #2955, #3908, #453, .T. ) ;
#3563 = ORIENTED_EDGE ( 'NONE', *, *, #4414, .F. ) ;
#3564 = DIRECTION ( 'NONE',  ( 1.000000000000000000, -0.0000000000000000000, -0.0000000000000000000 ) ) ;
#3565 = ORIENTED_EDGE ( 'NONE', *, *, #56, .T. ) ;
#3566 = CARTESIAN_POINT ( 'NONE',  ( 3.400000000000000400, 2.549999999999997200, 2.049999999999999400 ) ) ;
#3567 = DIRECTION ( 'NONE',  ( 0.0000000000000000000, 0.0000000000000000000, 1.000000000000000000 ) ) ;
#3568 = ADVANCED_FACE ( 'NONE', ( #1675 ), #2067, .F. ) ;
#3569 = DIRECTION ( 'NONE',  ( -0.0000000000000000000, 1.000000000000000000, -0.0000000000000000000 ) ) ;
#3570 = CARTESIAN_POINT ( 'NONE',  ( -2.500000000000002200, 0.5249999999999999100, 2.250000000000002200 ) ) ;
#3571 = DIRECTION ( 'NONE',  ( 1.000000000000000000, 0.0000000000000000000, 0.0000000000000000000 ) ) ;
#3572 =( GEOMETRIC_REPRESENTATION_CONTEXT ( 3 ) GLOBAL_UNCERTAINTY_ASSIGNED_CONTEXT ( ( #3636 ) ) GLOBAL_UNIT_ASSIGNED_CONTEXT ( ( #630, #5302, #3919 ) ) REPRESENTATION_CONTEXT ( 'NONE', 'WORKASPACE' ) );
#3573 = DIRECTION ( 'NONE',  ( -1.000000000000000000, 0.0000000000000000000, 0.0000000000000000000 ) ) ;
#3574 = ORIENTED_EDGE ( 'NONE', *, *, #4227, .F. ) ;
#3575 = DIRECTION ( 'NONE',  ( 0.0000000000000000000, -1.000000000000000000, 0.0000000000000000000 ) ) ;
#3576 = ORIENTED_EDGE ( 'NONE', *, *, #1930, .T. ) ;
#3577 = DIRECTION ( 'NONE',  ( 0.0000000000000000000, -0.0000000000000000000, -1.000000000000000000 ) ) ;
#3578 = EDGE_LOOP ( 'NONE', ( #5572, #3099, #1101, #2156 ) ) ;
#3579 = AXIS2_PLACEMENT_3D ( 'NONE', #4208, #969, #5099 ) ;
#3580 = CARTESIAN_POINT ( 'NONE',  ( -3.350000000000000500, 0.6600000000000000300, 2.050000000000002500 ) ) ;
#3581 = CARTESIAN_POINT ( 'NONE',  ( -1.375000000000001300, 1.129584054212076700, 1.677811959340942800 ) ) ;
#3582 = DIRECTION ( 'NONE',  ( 1.000000000000000000, 0.0000000000000000000, -0.0000000000000000000 ) ) ;
#3583 = VECTOR ( 'NONE', #562, 1000.000000000000000 ) ;
#3584 = LINE ( 'NONE', #135, #136 ) ;
#3585 = DIRECTION ( 'NONE',  ( 1.000000000000000000, -0.0000000000000000000, 0.0000000000000000000 ) ) ;
#3586 = CARTESIAN_POINT ( 'NONE',  ( 0.3749999999999986100, 0.0000000000000000000, 0.0000000000000000000 ) ) ;
#3587 = LINE ( 'NONE', #3535, #1722 ) ;
#3588 = EDGE_LOOP ( 'NONE', ( #1557, #624, #5975, #5514 ) ) ;
#3589 = EDGE_CURVE ( 'NONE', #5420, #1766, #3963, .T. ) ;
#3590 = EDGE_CURVE ( 'NONE', #115, #1493, #3890, .T. ) ;
#3591 = VECTOR ( 'NONE', #1361, 1000.000000000000000 ) ;
#3592 = CARTESIAN_POINT ( 'NONE',  ( 0.1999999999999987900, 2.449999999999998800, -2.250000000000000000 ) ) ;
#3593 = ADVANCED_FACE ( 'NONE', ( #743 ), #5322, .F. ) ;
#3594 = CARTESIAN_POINT ( 'NONE',  ( 1.374999999999998700, 0.3900000000000000100, -2.249999999999999100 ) ) ;
#3595 = LINE ( 'NONE', #2518, #3952 ) ;
#3596 = DIRECTION ( 'NONE',  ( 0.0000000000000000000, 1.112002228190261100E-015, -1.000000000000000000 ) ) ;
#3597 = EDGE_LOOP ( 'NONE', ( #3325, #3628, #5863, #5944 ) ) ;
#3598 = LINE ( 'NONE', #3070, #3450 ) ;
#3599 = CARTESIAN_POINT ( 'NONE',  ( -0.3750000000000014400, 2.199999999999998800, -1.599999999999999900 ) ) ;
#3600 = EDGE_CURVE ( 'NONE', #5631, #5790, #5262, .T. ) ;
#3601 = ORIENTED_EDGE ( 'NONE', *, *, #2881, .T. ) ;
#3602 = ORIENTED_EDGE ( 'NONE', *, *, #4550, .T. ) ;
#3603 = LINE ( 'NONE', #481, #1093 ) ;
#3604 = VECTOR ( 'NONE', #508, 1000.000000000000000 ) ;
#3605 = VECTOR ( 'NONE', #5381, 1000.000000000000000 ) ;
#3606 = CARTESIAN_POINT ( 'NONE',  ( 0.6249999999999985600, 1.129584054212076700, 1.677811959340942800 ) ) ;
#3607 = EDGE_LOOP ( 'NONE', ( #383, #3190, #438, #3492 ) ) ;
#3608 = LINE ( 'NONE', #1195, #2785 ) ;
#3609 = VERTEX_POINT ( 'NONE', #742 ) ;
#3610 = ORIENTED_EDGE ( 'NONE', *, *, #4900, .F. ) ;
#3611 = VECTOR ( 'NONE', #2140, 1000.000000000000000 ) ;
#3612 = AXIS2_PLACEMENT_3D ( 'NONE', #1549, #3976, #1998 ) ;
#3613 = ORIENTED_EDGE ( 'NONE', *, *, #798, .T. ) ;
#3614 = AXIS2_PLACEMENT_3D ( 'NONE', #5650, #64, #3351 ) ;
#3615 = CARTESIAN_POINT ( 'NONE',  ( -1.375000000000001300, 0.0000000000000000000, -2.249999999999999600 ) ) ;
#3616 = FILL_AREA_STYLE_COLOUR ( '', #5260 ) ;
#3617 = LINE ( 'NONE', #5672, #5634 ) ;
#3618 = ORIENTED_EDGE ( 'NONE', *, *, #5406, .T. ) ;
#3619 = VERTEX_POINT ( 'NONE', #2530 ) ;
#3620 = DIRECTION ( 'NONE',  ( 1.000000000000000000, 0.0000000000000000000, 0.0000000000000000000 ) ) ;
#3621 = VERTEX_POINT ( 'NONE', #221 ) ;
#3622 = LINE ( 'NONE', #2440, #4545 ) ;
#3623 = AXIS2_PLACEMENT_3D ( 'NONE', #1841, #2810, #1791 ) ;
#3624 = CARTESIAN_POINT ( 'NONE',  ( 3.350000000000000500, 0.6600000000000000300, 2.399999999999999500 ) ) ;
#3625 = DIRECTION ( 'NONE',  ( -0.0000000000000000000, -0.0000000000000000000, 1.000000000000000000 ) ) ;
#3626 = ORIENTED_EDGE ( 'NONE', *, *, #1740, .F. ) ;
#3627 = ADVANCED_FACE ( 'NONE', ( #3164 ), #2121, .F. ) ;
#3628 = ORIENTED_EDGE ( 'NONE', *, *, #1767, .T. ) ;
#3629 = DIRECTION ( 'NONE',  ( 0.0000000000000000000, 1.000000000000000000, 0.0000000000000000000 ) ) ;
#3630 = CARTESIAN_POINT ( 'NONE',  ( -4.700000000000000200, 0.5000000000000000000, 2.049999999999999800 ) ) ;
#3631 = EDGE_CURVE ( 'NONE', #4211, #3902, #5410, .T. ) ;
#3632 = EDGE_LOOP ( 'NONE', ( #5463, #1450, #732, #304 ) ) ;
#3633 = VECTOR ( 'NONE', #4919, 1000.000000000000000 ) ;
#3634 = DIRECTION ( 'NONE',  ( 1.000000000000000000, -0.0000000000000000000, -0.0000000000000000000 ) ) ;
#3635 = DIRECTION ( 'NONE',  ( -1.000000000000000000, -0.0000000000000000000, -0.0000000000000000000 ) ) ;
#3636 = UNCERTAINTY_MEASURE_WITH_UNIT (LENGTH_MEASURE( 1.000000000000000100E-005 ), #630, 'distance_accuracy_value', 'NONE');
#3637 = EDGE_CURVE ( 'NONE', #3772, #1676, #2195, .T. ) ;
#3638 = DIRECTION ( 'NONE',  ( 0.0000000000000000000, 0.0000000000000000000, -1.000000000000000000 ) ) ;
#3639 = EDGE_CURVE ( 'NONE', #5487, #2225, #3020, .T. ) ;
#3640 = ORIENTED_EDGE ( 'NONE', *, *, #2308, .F. ) ;
#3641 = VERTEX_POINT ( 'NONE', #2145 ) ;
#3642 = CARTESIAN_POINT ( 'NONE',  ( 0.6499999999999978000, 0.0000000000000000000, -1.749999999999999800 ) ) ;
#3643 = CARTESIAN_POINT ( 'NONE',  ( -1.375000000000001300, 0.3899999999999999600, -1.599999999999999900 ) ) ;
#3644 = AXIS2_PLACEMENT_3D ( 'NONE', #299, #1719, #4489 ) ;
#3645 = ORIENTED_EDGE ( 'NONE', *, *, #1130, .F. ) ;
#3646 = DIRECTION ( 'NONE',  ( 0.0000000000000000000, 0.3420201433256628300, 0.9396926207859105400 ) ) ;
#3647 = EDGE_CURVE ( 'NONE', #3161, #3902, #3750, .T. ) ;
#3648 = PLANE ( 'NONE',  #4682 ) ;
#3649 = ORIENTED_EDGE ( 'NONE', *, *, #3414, .T. ) ;
#3650 = VECTOR ( 'NONE', #1140, 1000.000000000000000 ) ;
#3651 = CARTESIAN_POINT ( 'NONE',  ( -2.700000000000002400, 2.649999999999999900, -1.450000000000000800 ) ) ;
#3652 = ORIENTED_EDGE ( 'NONE', *, *, #569, .F. ) ;
#3653 = CARTESIAN_POINT ( 'NONE',  ( 1.624999999999998700, 0.2999999999999999900, -3.249999999999999600 ) ) ;
#3654 = FACE_OUTER_BOUND ( 'NONE', #1917, .T. ) ;
#3655 = CARTESIAN_POINT ( 'NONE',  ( -4.300000000000001600, 2.700000000000000200, 2.049999999999999800 ) ) ;
#3656 = VECTOR ( 'NONE', #3043, 1000.000000000000000 ) ;
#3657 = CARTESIAN_POINT ( 'NONE',  ( -2.500000000000002200, 0.2500000000000002800, 3.250000000000002700 ) ) ;
#3658 = DIRECTION ( 'NONE',  ( 0.0000000000000000000, 0.0000000000000000000, 1.000000000000000000 ) ) ;
#3659 = VECTOR ( 'NONE', #3912, 1000.000000000000100 ) ;
#3660 = EDGE_CURVE ( 'NONE', #5826, #5549, #3608, .T. ) ;
#3661 = CARTESIAN_POINT ( 'NONE',  ( -2.300000000000002000, 0.2999999999999999900, -2.250000000000001300 ) ) ;
#3662 = ORIENTED_EDGE ( 'NONE', *, *, #2628, .T. ) ;
#3663 = LINE ( 'NONE', #1959, #861 ) ;
#3664 = CARTESIAN_POINT ( 'NONE',  ( -0.3750000000000014400, 0.0000000000000000000, -2.249999999999999600 ) ) ;
#3665 = LINE ( 'NONE', #4219, #2408 ) ;
#3666 = EDGE_LOOP ( 'NONE', ( #4795, #1863, #2554, #3649 ) ) ;
#3667 = ORIENTED_EDGE ( 'NONE', *, *, #5874, .T. ) ;
#3668 = VECTOR ( 'NONE', #4656, 1000.000000000000000 ) ;
#3669 = ORIENTED_EDGE ( 'NONE', *, *, #2707, .F. ) ;
#3670 = VECTOR ( 'NONE', #5000, 1000.000000000000000 ) ;
#3671 = CARTESIAN_POINT ( 'NONE',  ( -0.3750000000000014400, 1.241695452014624800, 1.578157383516454000 ) ) ;
#3672 = LINE ( 'NONE', #2455, #4598 ) ;
#3673 = EDGE_CURVE ( 'NONE', #5739, #3676, #1978, .T. ) ;
#3674 = CARTESIAN_POINT ( 'NONE',  ( 4.700000000000000200, 2.349999999999997400, 3.250000000000002700 ) ) ;
#3675 = VECTOR ( 'NONE', #3186, 1000.000000000000000 ) ;
#3676 = VERTEX_POINT ( 'NONE', #4432 ) ;
#3677 = AXIS2_PLACEMENT_3D ( 'NONE', #5854, #279, #5871 ) ;
#3678 = CLOSED_SHELL ( 'NONE', ( #6040, #1459, #3779, #4000, #1574, #3326, #1087, #1846, #2880, #424 ) ) ;
#3679 = PLANE ( 'NONE',  #2073 ) ;
#3680 = LINE ( 'NONE', #5642, #4465 ) ;
#3681 = ORIENTED_EDGE ( 'NONE', *, *, #5835, .T. ) ;
#3682 = EDGE_LOOP ( 'NONE', ( #3419, #1303, #3354, #3652, #2522, #4972, #2210, #5776, #4263, #5133, #4971, #2249, #265, #3477, #5977, #5896, #1914, #895, #3279, #770, #1929, #451, #2748, #2713, #5180, #4337, #2075, #2823, #1376, #1613 ) ) ;
#3683 = ORIENTED_EDGE ( 'NONE', *, *, #1713, .F. ) ;
#3684 = ORIENTED_EDGE ( 'NONE', *, *, #4203, .F. ) ;
#3685 = CARTESIAN_POINT ( 'NONE',  ( -4.300000000000001600, 2.449999999999999700, -2.249999999999997800 ) ) ;
#3686 = DIRECTION ( 'NONE',  ( -0.0000000000000000000, 1.000000000000000000, -0.0000000000000000000 ) ) ;
#3687 = LINE ( 'NONE', #3106, #1620 ) ;
#3688 = AXIS2_PLACEMENT_3D ( 'NONE', #5376, #713, #2167 ) ;
#3689 = LINE ( 'NONE', #1749, #2575 ) ;
#3690 = VERTEX_POINT ( 'NONE', #4423 ) ;
#3691 = ADVANCED_FACE ( 'NONE', ( #4530 ), #1632, .F. ) ;
#3692 = AXIS2_PLACEMENT_3D ( 'NONE', #5212, #3376, #100 ) ;
#3693 = ORIENTED_EDGE ( 'NONE', *, *, #5750, .T. ) ;
#3694 = LINE ( 'NONE', #785, #2579 ) ;
#3695 = VERTEX_POINT ( 'NONE', #5355 ) ;
#3696 = DIRECTION ( 'NONE',  ( -1.178480622266852700E-016, 1.000000000000000000, 0.0000000000000000000 ) ) ;
#3697 = ORIENTED_EDGE ( 'NONE', *, *, #4976, .F. ) ;
#3698 = DIRECTION ( 'NONE',  ( 0.0000000000000000000, 1.000000000000000000, 0.0000000000000000000 ) ) ;
#3699 = CARTESIAN_POINT ( 'NONE',  ( -2.300000000000002000, 2.449999999999999700, -0.8499999999999996400 ) ) ;
#3700 = CARTESIAN_POINT ( 'NONE',  ( -0.3500000000000022000, 0.0000000000000000000, -1.599999999999999900 ) ) ;
#3701 = ORIENTED_EDGE ( 'NONE', *, *, #2280, .T. ) ;
#3702 = CARTESIAN_POINT ( 'NONE',  ( 2.735000000000001200, 0.0000000000000000000, -1.549999999999999600 ) ) ;
#3703 = VERTEX_POINT ( 'NONE', #1612 ) ;
#3704 = ORIENTED_EDGE ( 'NONE', *, *, #5366, .F. ) ;
#3705 = EDGE_CURVE ( 'NONE', #4483, #3733, #5330, .T. ) ;
#3706 = CARTESIAN_POINT ( 'NONE',  ( 0.0000000000000000000, 2.700000000000000200, 0.0000000000000000000 ) ) ;
#3707 = CARTESIAN_POINT ( 'NONE',  ( 2.700000000000002400, 2.449999999999999700, -0.8499999999999996400 ) ) ;
#3708 = CARTESIAN_POINT ( 'NONE',  ( 1.349999999999999600, 2.450000000000000200, -1.599999999999999900 ) ) ;
#3709 = EDGE_CURVE ( 'NONE', #2074, #167, #5773, .T. ) ;
#3710 = SURFACE_SIDE_STYLE ('',( #3088 ) ) ;
#3711 = ORIENTED_EDGE ( 'NONE', *, *, #5059, .F. ) ;
#3712 = EDGE_CURVE ( 'NONE', #3908, #5192, #4029, .T. ) ;
#3713 = CARTESIAN_POINT ( 'NONE',  ( 1.799999999999998700, 2.449999999999998800, -2.250000000000000000 ) ) ;
#3714 = FILL_AREA_STYLE_COLOUR ( '', #2888 ) ;
#3715 = ADVANCED_FACE ( 'NONE', ( #5550 ), #4448, .F. ) ;
#3716 = DIRECTION ( 'NONE',  ( 1.000000000000000000, 0.0000000000000000000, 0.0000000000000000000 ) ) ;
#3717 = ORIENTED_EDGE ( 'NONE', *, *, #4973, .T. ) ;
#3718 = DIRECTION ( 'NONE',  ( -0.7071067811865490200, -0.0000000000000000000, -0.7071067811865460200 ) ) ;
#3719 = CARTESIAN_POINT ( 'NONE',  ( 4.700000000000000200, 0.5000000000000000000, 2.049999999999999800 ) ) ;
#3720 = AXIS2_PLACEMENT_3D ( 'NONE', #4721, #2890, #3372 ) ;
#3721 = LINE ( 'NONE', #3839, #4786 ) ;
#3722 = VECTOR ( 'NONE', #1084, 1000.000000000000000 ) ;
#3723 = DIRECTION ( 'NONE',  ( 0.0000000000000000000, 0.0000000000000000000, -1.000000000000000000 ) ) ;
#3724 = ORIENTED_EDGE ( 'NONE', *, *, #3848, .F. ) ;
#3725 = CARTESIAN_POINT ( 'NONE',  ( 2.000000000000007100, 2.449999999999999700, 2.049999999999999400 ) ) ;
#3726 = LINE ( 'NONE', #223, #1586 ) ;
#3727 = CARTESIAN_POINT ( 'NONE',  ( 1.349999999999999600, 0.0000000000000000000, -1.599999999999999900 ) ) ;
#3728 = LINE ( 'NONE', #108, #433 ) ;
#3729 = DIRECTION ( 'NONE',  ( -1.000000000000000000, 0.0000000000000000000, 0.0000000000000000000 ) ) ;
#3730 = DIRECTION ( 'NONE',  ( 0.0000000000000000000, -0.7474093186836594500, 0.6643638388299201200 ) ) ;
#3731 = CARTESIAN_POINT ( 'NONE',  ( 2.650000000000001200, 0.6600000000000000300, 2.399999999999999500 ) ) ;
#3732 = FACE_OUTER_BOUND ( 'NONE', #3429, .T. ) ;
#3733 = VERTEX_POINT ( 'NONE', #4111 ) ;
#3734 = EDGE_CURVE ( 'NONE', #2877, #3023, #4324, .T. ) ;
#3735 = DIRECTION ( 'NONE',  ( 0.0000000000000000000, -1.000000000000000000, 0.0000000000000000000 ) ) ;
#3736 = LINE ( 'NONE', #5596, #4733 ) ;
#3737 = ORIENTED_EDGE ( 'NONE', *, *, #5372, .F. ) ;
#3738 = DIRECTION ( 'NONE',  ( 1.000000000000000000, 0.0000000000000000000, 0.0000000000000000000 ) ) ;
#3739 = EDGE_LOOP ( 'NONE', ( #1726, #239, #3028, #4334 ) ) ;
#3740 = VECTOR ( 'NONE', #4597, 1000.000000000000100 ) ;
#3741 = CARTESIAN_POINT ( 'NONE',  ( -4.099999999999999600, 0.3600000000000000400, 2.050000000000002500 ) ) ;
#3742 = FACE_OUTER_BOUND ( 'NONE', #3811, .T. ) ;
#3743 = ADVANCED_FACE ( 'NONE', ( #4960 ), #4527, .T. ) ;
#3744 = EDGE_CURVE ( 'NONE', #1485, #4590, #2857, .T. ) ;
#3745 = ORIENTED_EDGE ( 'NONE', *, *, #4268, .T. ) ;
#3746 = DIRECTION ( 'NONE',  ( 1.000000000000000000, 0.0000000000000000000, -0.0000000000000000000 ) ) ;
#3747 = EDGE_LOOP ( 'NONE', ( #5858, #4101, #2, #1461 ) ) ;
#3748 = DIRECTION ( 'NONE',  ( 0.0000000000000000000, 0.0000000000000000000, -1.000000000000000000 ) ) ;
#3749 = CARTESIAN_POINT ( 'NONE',  ( -4.700000000000000200, 2.549999999999997600, 2.049999999999999800 ) ) ;
#3750 = LINE ( 'NONE', #2086, #1745 ) ;
#3751 = ORIENTED_EDGE ( 'NONE', *, *, #1413, .F. ) ;
#3752 = EDGE_CURVE ( 'NONE', #4962, #4120, #2944, .T. ) ;
#3753 = EDGE_LOOP ( 'NONE', ( #3825, #2418, #4041, #3259 ) ) ;
#3754 = VECTOR ( 'NONE', #3478, 1000.000000000000000 ) ;
#3755 = EDGE_LOOP ( 'NONE', ( #1618, #4544, #5251, #4719 ) ) ;
#3756 = ORIENTED_EDGE ( 'NONE', *, *, #2049, .F. ) ;
#3757 = PRESENTATION_STYLE_ASSIGNMENT (( #4844 ) ) ;
#3758 = DIRECTION ( 'NONE',  ( -0.0000000000000000000, 1.000000000000000000, -0.0000000000000000000 ) ) ;
#3759 = VECTOR ( 'NONE', #3796, 1000.000000000000000 ) ;
#3760 = CARTESIAN_POINT ( 'NONE',  ( -1.505504587155968200, 2.450000000000000200, -1.231651376146782900 ) ) ;
#3761 = EDGE_LOOP ( 'NONE', ( #5466, #205, #553, #6001, #5474, #5917, #446, #101, #331, #3905, #2257, #1457, #273 ) ) ;
#3762 = CARTESIAN_POINT ( 'NONE',  ( 2.900000000000003500, -1.200000000000000000E-005, -2.250000000000000900 ) ) ;
#3763 = VERTEX_POINT ( 'NONE', #1319 ) ;
#3764 = EDGE_LOOP ( 'NONE', ( #4669, #2324, #588, #5670, #2600, #4948, #2020, #3185 ) ) ;
#3765 = CIRCLE ( 'NONE', #1783, 0.1499999999999999700 ) ;
#3766 = PLANE ( 'NONE',  #1403 ) ;
#3767 = ORIENTED_EDGE ( 'NONE', *, *, #2707, .T. ) ;
#3768 = PLANE ( 'NONE',  #200 ) ;
#3769 = ORIENTED_EDGE ( 'NONE', *, *, #3562, .F. ) ;
#3770 = EDGE_CURVE ( 'NONE', #5739, #4736, #1905, .T. ) ;
#3771 = AXIS2_PLACEMENT_3D ( 'NONE', #2100, #1660, #4477 ) ;
#3772 = VERTEX_POINT ( 'NONE', #1786 ) ;
#3773 = DIRECTION ( 'NONE',  ( -0.0000000000000000000, 1.000000000000000000, -0.0000000000000000000 ) ) ;
#3774 = DIRECTION ( 'NONE',  ( 0.0000000000000000000, 0.0000000000000000000, 1.000000000000000000 ) ) ;
#3775 = ORIENTED_EDGE ( 'NONE', *, *, #4678, .F. ) ;
#3776 = FACE_OUTER_BOUND ( 'NONE', #186, .T. ) ;
#3777 = DIRECTION ( 'NONE',  ( -0.0000000000000000000, 4.336808689942017700E-016, -1.000000000000000000 ) ) ;
#3778 = DIRECTION ( 'NONE',  ( 0.0000000000000000000, 0.0000000000000000000, 1.000000000000000000 ) ) ;
#3779 = ADVANCED_FACE ( 'NONE', ( #1539 ), #4583, .F. ) ;
#3780 = DIRECTION ( 'NONE',  ( -0.5773502691896269500, 0.5773502691896259500, 0.5773502691896245100 ) ) ;
#3781 = CARTESIAN_POINT ( 'NONE',  ( -2.300000000000002000, 2.649999999999999900, -1.450000000000000800 ) ) ;
#3782 = CARTESIAN_POINT ( 'NONE',  ( -2.300000000000002000, 0.1273895819931683500, 1.450000000000000800 ) ) ;
#3783 = EDGE_CURVE ( 'NONE', #5324, #1747, #1604, .T. ) ;
#3784 = EDGE_CURVE ( 'NONE', #168, #5209, #2483, .T. ) ;
#3785 = ORIENTED_EDGE ( 'NONE', *, *, #2201, .T. ) ;
#3786 = DIRECTION ( 'NONE',  ( -1.000000000000000000, 0.0000000000000000000, -0.0000000000000000000 ) ) ;
#3787 = DIRECTION ( 'NONE',  ( -1.000000000000000000, -0.0000000000000000000, -0.0000000000000000000 ) ) ;
#3788 = ORIENTED_EDGE ( 'NONE', *, *, #1262, .T. ) ;
#3789 = EDGE_CURVE ( 'NONE', #2000, #3267, #604, .T. ) ;
#3790 = CLOSED_SHELL ( 'NONE', ( #2724, #3537, #1789, #1890, #5090, #3288 ) ) ;
#3791 = AXIS2_PLACEMENT_3D ( 'NONE', #4807, #4376, #614 ) ;
#3792 = CARTESIAN_POINT ( 'NONE',  ( 2.300000000000002000, 0.0000000000000000000, 0.0000000000000000000 ) ) ;
#3793 = DIRECTION ( 'NONE',  ( 1.000000000000000000, 0.0000000000000000000, 0.0000000000000000000 ) ) ;
#3794 = VERTEX_POINT ( 'NONE', #3140 ) ;
#3795 = CARTESIAN_POINT ( 'NONE',  ( 1.624999999999998700, 2.199999999999998800, -1.599999999999999900 ) ) ;
#3796 = DIRECTION ( 'NONE',  ( -0.0000000000000000000, -1.000000000000000000, -0.0000000000000000000 ) ) ;
#3797 = VECTOR ( 'NONE', #3510, 1000.000000000000000 ) ;
#3798 = AXIS2_PLACEMENT_3D ( 'NONE', #500, #4627, #5633 ) ;
#3799 = DIRECTION ( 'NONE',  ( 1.000000000000000000, 0.0000000000000000000, -0.0000000000000000000 ) ) ;
#3800 = AXIS2_PLACEMENT_3D ( 'NONE', #3953, #3029, #4799 ) ;
#3801 = LINE ( 'NONE', #1935, #2533 ) ;
#3802 = ADVANCED_FACE ( 'NONE', ( #381 ), #3648, .F. ) ;
#3803 = VECTOR ( 'NONE', #3180, 1000.000000000000000 ) ;
#3804 = VECTOR ( 'NONE', #5471, 1000.000000000000000 ) ;
#3805 = VECTOR ( 'NONE', #3629, 1000.000000000000000 ) ;
#3806 = ORIENTED_EDGE ( 'NONE', *, *, #4678, .T. ) ;
#3807 = VECTOR ( 'NONE', #4716, 1000.000000000000000 ) ;
#3808 = CARTESIAN_POINT ( 'NONE',  ( 2.300000000000002000, 0.1273895819931683500, 1.450000000000000800 ) ) ;
#3809 = DIRECTION ( 'NONE',  ( -1.000000000000000000, 1.178480622266852700E-016, -0.0000000000000000000 ) ) ;
#3810 = VECTOR ( 'NONE', #1657, 1000.000000000000000 ) ;
#3811 = EDGE_LOOP ( 'NONE', ( #2962, #83, #182, #4996 ) ) ;
#3812 = EDGE_CURVE ( 'NONE', #2901, #173, #5035, .T. ) ;
#3813 = EDGE_CURVE ( 'NONE', #4686, #2116, #20, .T. ) ;
#3814 = VERTEX_POINT ( 'NONE', #2209 ) ;
#3815 = CARTESIAN_POINT ( 'NONE',  ( -1.375000000000001300, 0.0000000000000000000, -2.249999999999999600 ) ) ;
#3816 = VECTOR ( 'NONE', #4974, 1000.000000000000000 ) ;
#3817 = ORIENTED_EDGE ( 'NONE', *, *, #5524, .T. ) ;
#3818 = LINE ( 'NONE', #1566, #5465 ) ;
#3819 = VECTOR ( 'NONE', #4776, 1000.000000000000000 ) ;
#3820 = DIRECTION ( 'NONE',  ( 0.0000000000000000000, -1.000000000000000000, 0.0000000000000000000 ) ) ;
#3821 = EDGE_LOOP ( 'NONE', ( #4018, #914, #1491, #248 ) ) ;
#3822 = LINE ( 'NONE', #2250, #3675 ) ;
#3823 = SURFACE_STYLE_FILL_AREA ( #3456 ) ;
#3824 = ORIENTED_EDGE ( 'NONE', *, *, #573, .F. ) ;
#3825 = ORIENTED_EDGE ( 'NONE', *, *, #989, .F. ) ;
#3826 = ORIENTED_EDGE ( 'NONE', *, *, #486, .F. ) ;
#3827 = EDGE_CURVE ( 'NONE', #1759, #3772, #4668, .T. ) ;
#3828 = ORIENTED_EDGE ( 'NONE', *, *, #5168, .F. ) ;
#3829 = LINE ( 'NONE', #641, #3405 ) ;
#3830 = DIRECTION ( 'NONE',  ( 0.0000000000000000000, 0.0000000000000000000, -1.000000000000000000 ) ) ;
#3831 = EDGE_CURVE ( 'NONE', #4942, #2855, #955, .T. ) ;
#3832 = VECTOR ( 'NONE', #2222, 1000.000000000000000 ) ;
#3833 = ORIENTED_EDGE ( 'NONE', *, *, #1142, .F. ) ;
#3834 = CLOSED_SHELL ( 'NONE', ( #4155, #3441, #618, #2947, #3743, #4066 ) ) ;
#3835 = VECTOR ( 'NONE', #3718, 1000.000000000000200 ) ;
#3836 = CARTESIAN_POINT ( 'NONE',  ( -2.700000000000002400, 2.449999999999999700, 1.550000000000000500 ) ) ;
#3837 = CARTESIAN_POINT ( 'NONE',  ( 2.500000000000002200, 0.5249999999999999100, 2.250000000000002200 ) ) ;
#3838 = ADVANCED_FACE ( 'NONE', ( #5624 ), #3304, .T. ) ;
#3839 = CARTESIAN_POINT ( 'NONE',  ( 0.6499999999999978000, 0.3499999999999999800, -1.599999999999999900 ) ) ;
#3840 = ORIENTED_EDGE ( 'NONE', *, *, #2886, .F. ) ;
#3841 = AXIS2_PLACEMENT_3D ( 'NONE', #2135, #2601, #292 ) ;
#3842 = DIRECTION ( 'NONE',  ( 0.0000000000000000000, 0.0000000000000000000, -1.000000000000000000 ) ) ;
#3843 = PLANE ( 'NONE',  #513 ) ;
#3844 = ORIENTED_EDGE ( 'NONE', *, *, #5931, .T. ) ;
#3845 = CARTESIAN_POINT ( 'NONE',  ( -2.000000000000000000, 0.0000000000000000000, 3.250000000000002700 ) ) ;
#3846 = DIRECTION ( 'NONE',  ( -1.000000000000000000, 0.0000000000000000000, 0.0000000000000000000 ) ) ;
#3847 = ORIENTED_EDGE ( 'NONE', *, *, #2255, .T. ) ;
#3848 = EDGE_CURVE ( 'NONE', #3889, #1123, #5188, .T. ) ;
#3849 = VERTEX_POINT ( 'NONE', #2661 ) ;
#3850 = DIRECTION ( 'NONE',  ( 0.0000000000000000000, 0.0000000000000000000, 1.000000000000000000 ) ) ;
#3851 = EDGE_CURVE ( 'NONE', #606, #5451, #2411, .T. ) ;
#3852 = DIRECTION ( 'NONE',  ( 0.0000000000000000000, 1.000000000000000000, 0.0000000000000000000 ) ) ;
#3853 = VERTEX_POINT ( 'NONE', #5947 ) ;
#3854 = CARTESIAN_POINT ( 'NONE',  ( -2.265000000000003200, 0.2500000000000000000, -1.550000000000000300 ) ) ;
#3855 = CARTESIAN_POINT ( 'NONE',  ( 2.300000000000002000, 0.2999999999999999900, -2.250000000000001300 ) ) ;
#3856 = ORIENTED_EDGE ( 'NONE', *, *, #2553, .T. ) ;
#3857 = EDGE_CURVE ( 'NONE', #2649, #4513, #445, .T. ) ;
#3858 = ADVANCED_FACE ( 'NONE', ( #800 ), #4606, .F. ) ;
#3859 = DIRECTION ( 'NONE',  ( -0.0000000000000000000, -1.000000000000000000, -1.971276677246376000E-016 ) ) ;
#3860 = FILL_AREA_STYLE_COLOUR ( '', #2473 ) ;
#3861 = VECTOR ( 'NONE', #1776, 1000.000000000000000 ) ;
#3862 = VECTOR ( 'NONE', #3936, 1000.000000000000000 ) ;
#3863 = ORIENTED_EDGE ( 'NONE', *, *, #2672, .T. ) ;
#3864 = AXIS2_PLACEMENT_3D ( 'NONE', #2774, #3730, #1857 ) ;
#3865 = PLANE ( 'NONE',  #4832 ) ;
#3866 = FACE_OUTER_BOUND ( 'NONE', #1692, .T. ) ;
#3867 = PLANE ( 'NONE',  #5965 ) ;
#3868 = VECTOR ( 'NONE', #4573, 1000.000000000000000 ) ;
#3869 = CARTESIAN_POINT ( 'NONE',  ( -4.899999999999999500, 2.700000000000000200, 2.050000000000000700 ) ) ;
#3870 = AXIS2_PLACEMENT_3D ( 'NONE', #2425, #171, #4285 ) ;
#3871 = CARTESIAN_POINT ( 'NONE',  ( -2.300000000000002000, 2.449999999999999700, -0.8499999999999996400 ) ) ;
#3872 = LINE ( 'NONE', #825, #2618 ) ;
#3873 = ORIENTED_EDGE ( 'NONE', *, *, #3313, .T. ) ;
#3874 = LINE ( 'NONE', #3428, #5467 ) ;
#3875 = LINE ( 'NONE', #2801, #2926 ) ;
#3876 = ORIENTED_EDGE ( 'NONE', *, *, #3440, .T. ) ;
#3877 = CARTESIAN_POINT ( 'NONE',  ( -2.000000000000007100, 2.449999999999999700, 2.049999999999999800 ) ) ;
#3878 = PLANE ( 'NONE',  #2933 ) ;
#3879 = VECTOR ( 'NONE', #116, 1000.000000000000200 ) ;
#3880 = CARTESIAN_POINT ( 'NONE',  ( 0.6249999999999985600, 1.241695452014624800, 1.578157383516454000 ) ) ;
#3881 = EDGE_LOOP ( 'NONE', ( #1181, #886, #1118, #2208 ) ) ;
#3882 = LINE ( 'NONE', #1876, #1974 ) ;
#3883 = VECTOR ( 'NONE', #4984, 1000.000000000000000 ) ;
#3884 = VERTEX_POINT ( 'NONE', #413 ) ;
#3885 = MANIFOLD_SOLID_BREP ( 'LPattern3[3]', #3678 ) ;
#3886 = CARTESIAN_POINT ( 'NONE',  ( 1.349999999999999600, 0.3499999999999999800, -1.749999999999999800 ) ) ;
#3887 = LINE ( 'NONE', #282, #4323 ) ;
#3888 = ORIENTED_EDGE ( 'NONE', *, *, #3432, .T. ) ;
#3889 = VERTEX_POINT ( 'NONE', #5566 ) ;
#3890 = LINE ( 'NONE', #4927, #163 ) ;
#3891 = CARTESIAN_POINT ( 'NONE',  ( 0.6249999999999985600, 2.199999999999998800, -2.550000000000001200 ) ) ;
#3892 = ORIENTED_EDGE ( 'NONE', *, *, #1526, .F. ) ;
#3893 = ORIENTED_EDGE ( 'NONE', *, *, #5683, .T. ) ;
#3894 = ADVANCED_FACE ( 'NONE', ( #5976 ), #2803, .F. ) ;
#3895 = VECTOR ( 'NONE', #4415, 1000.000000000000000 ) ;
#3896 = DIRECTION ( 'NONE',  ( 0.0000000000000000000, -0.0000000000000000000, 1.000000000000000000 ) ) ;
#3897 = ORIENTED_EDGE ( 'NONE', *, *, #1294, .F. ) ;
#3898 = ORIENTED_EDGE ( 'NONE', *, *, #3647, .F. ) ;
#3899 = EDGE_CURVE ( 'NONE', #795, #2138, #2258, .T. ) ;
#3900 = FACE_OUTER_BOUND ( 'NONE', #5616, .T. ) ;
#3901 = EDGE_CURVE ( 'NONE', #941, #1305, #4738, .T. ) ;
#3902 = VERTEX_POINT ( 'NONE', #1406 ) ;
#3903 = DIRECTION ( 'NONE',  ( -0.0000000000000000000, 0.0000000000000000000, -1.000000000000000000 ) ) ;
#3904 = VECTOR ( 'NONE', #1881, 1000.000000000000000 ) ;
#3905 = ORIENTED_EDGE ( 'NONE', *, *, #2471, .T. ) ;
#3906 = DIRECTION ( 'NONE',  ( -0.2873478855663468300, 0.0000000000000000000, -0.9578262852211508700 ) ) ;
#3907 = EDGE_LOOP ( 'NONE', ( #2638, #5537, #3110, #1157 ) ) ;
#3908 = VERTEX_POINT ( 'NONE', #3271 ) ;
#3909 = LINE ( 'NONE', #1065, #4479 ) ;
#3910 = EDGE_CURVE ( 'NONE', #5549, #3884, #4164, .T. ) ;
#3911 = ORIENTED_EDGE ( 'NONE', *, *, #1284, .F. ) ;
#3912 = DIRECTION ( 'NONE',  ( -0.0000000000000000000, 0.6643638388299201200, 0.7474093186836594500 ) ) ;
#3913 = CARTESIAN_POINT ( 'NONE',  ( 2.300000000000002000, 2.649999999999999900, 1.550000000000000500 ) ) ;
#3914 = ORIENTED_EDGE ( 'NONE', *, *, #378, .T. ) ;
#3915 = DIRECTION ( 'NONE',  ( 0.3133774542039052800, 0.0000000000000000000, 0.9496286491027317000 ) ) ;
#3916 = ORIENTED_EDGE ( 'NONE', *, *, #4399, .T. ) ;
#3917 = CARTESIAN_POINT ( 'NONE',  ( 1.624999999999998700, 2.199999999999998800, -2.550000000000001200 ) ) ;
#3918 = VERTEX_POINT ( 'NONE', #5150 ) ;
#3919 =( NAMED_UNIT ( * ) SI_UNIT ( $, .STERADIAN. ) SOLID_ANGLE_UNIT ( ) );
#3920 = AXIS2_PLACEMENT_3D ( 'NONE', #1653, #4064, #3557 ) ;
#3921 =( NAMED_UNIT ( * ) SI_UNIT ( $, .STERADIAN. ) SOLID_ANGLE_UNIT ( ) );
#3922 = VECTOR ( 'NONE', #1750, 1000.000000000000000 ) ;
#3923 =( LENGTH_UNIT ( ) NAMED_UNIT ( * ) SI_UNIT ( .MILLI., .METRE. ) );
#3924 = DIRECTION ( 'NONE',  ( -0.0000000000000000000, 0.0000000000000000000, 1.000000000000000000 ) ) ;
#3925 = PLANE ( 'NONE',  #548 ) ;
#3926 =( GEOMETRIC_REPRESENTATION_CONTEXT ( 3 ) GLOBAL_UNCERTAINTY_ASSIGNED_CONTEXT ( ( #3373 ) ) GLOBAL_UNIT_ASSIGNED_CONTEXT ( ( #564, #4291, #2929 ) ) REPRESENTATION_CONTEXT ( 'NONE', 'WORKASPACE' ) );
#3927 = ADVANCED_FACE ( 'NONE', ( #4315 ), #1350, .F. ) ;
#3928 = DIRECTION ( 'NONE',  ( 0.0000000000000000000, 0.0000000000000000000, -1.000000000000000000 ) ) ;
#3929 = ORIENTED_EDGE ( 'NONE', *, *, #458, .T. ) ;
#3930 = ORIENTED_EDGE ( 'NONE', *, *, #906, .F. ) ;
#3931 = EDGE_CURVE ( 'NONE', #4694, #5847, #87, .T. ) ;
#3932 = CARTESIAN_POINT ( 'NONE',  ( 4.899999999999999500, 2.700000000000000200, 3.250000000000002700 ) ) ;
#3933 = EDGE_LOOP ( 'NONE', ( #5457, #741, #3103, #1973 ) ) ;
#3934 = DIRECTION ( 'NONE',  ( 1.178480622266852700E-016, 1.000000000000000000, 0.0000000000000000000 ) ) ;
#3935 = CARTESIAN_POINT ( 'NONE',  ( 2.265000000000003200, 0.3499999999999999800, -1.750000000000000400 ) ) ;
#3936 = DIRECTION ( 'NONE',  ( -1.000000000000000000, -0.0000000000000000000, -0.0000000000000000000 ) ) ;
#3937 = EDGE_CURVE ( 'NONE', #5199, #3026, #3157, .T. ) ;
#3938 = EDGE_LOOP ( 'NONE', ( #1238, #4547, #5705, #4644 ) ) ;
#3939 = EDGE_CURVE ( 'NONE', #684, #3145, #5843, .T. ) ;
#3940 = VECTOR ( 'NONE', #2523, 1000.000000000000000 ) ;
#3941 = VECTOR ( 'NONE', #3411, 1000.000000000000000 ) ;
#3942 = DIRECTION ( 'NONE',  ( 0.0000000000000000000, 0.0000000000000000000, 1.000000000000000000 ) ) ;
#3943 = PLANE ( 'NONE',  #328 ) ;
#3944 = FACE_OUTER_BOUND ( 'NONE', #5264, .T. ) ;
#3945 = CARTESIAN_POINT ( 'NONE',  ( -4.899999999999999500, 2.450000000000000200, -1.599999999999999900 ) ) ;
#3946 = AXIS2_PLACEMENT_3D ( 'NONE', #4989, #2205, #270 ) ;
#3947 = ORIENTED_EDGE ( 'NONE', *, *, #2309, .F. ) ;
#3948 = FACE_OUTER_BOUND ( 'NONE', #3491, .T. ) ;
#3949 = CARTESIAN_POINT ( 'NONE',  ( -3.400000000000000400, 2.549999999999997200, -2.250000000000000000 ) ) ;
#3950 = ADVANCED_FACE ( 'NONE', ( #2930 ), #2300, .F. ) ;
#3951 = DIRECTION ( 'NONE',  ( 1.000000000000000000, 0.0000000000000000000, 7.928352266804415900E-017 ) ) ;
#3952 = VECTOR ( 'NONE', #3495, 1000.000000000000000 ) ;
#3953 = CARTESIAN_POINT ( 'NONE',  ( 1.374999999999998700, 1.129584054212076700, 1.677811959340942800 ) ) ;
#3954 = DIRECTION ( 'NONE',  ( -0.0000000000000000000, 1.000000000000000000, -0.0000000000000000000 ) ) ;
#3955 = ORIENTED_EDGE ( 'NONE', *, *, #219, .F. ) ;
#3956 = VECTOR ( 'NONE', #1954, 1000.000000000000100 ) ;
#3957 = EDGE_CURVE ( 'NONE', #1686, #4358, #2333, .T. ) ;
#3958 = SURFACE_STYLE_USAGE ( .BOTH. , #2614 ) ;
#3959 = CARTESIAN_POINT ( 'NONE',  ( -1.375000000000001300, 0.2999999999999999900, -3.249999999999999600 ) ) ;
#3960 = AXIS2_PLACEMENT_3D ( 'NONE', #5006, #3620, #3638 ) ;
#3961 = FACE_OUTER_BOUND ( 'NONE', #4994, .T. ) ;
#3962 = ORIENTED_EDGE ( 'NONE', *, *, #5473, .T. ) ;
#3963 = LINE ( 'NONE', #1512, #4243 ) ;
#3964 = ORIENTED_EDGE ( 'NONE', *, *, #2913, .T. ) ;
#3965 = LINE ( 'NONE', #3184, #666 ) ;
#3966 = LINE ( 'NONE', #1815, #1670 ) ;
#3967 = EDGE_LOOP ( 'NONE', ( #4551, #6004, #404, #5417 ) ) ;
#3968 = MANIFOLD_SOLID_BREP ( 'LPattern3[2]', #1985 ) ;
#3969 = FACE_OUTER_BOUND ( 'NONE', #3480, .T. ) ;
#3970 = DIRECTION ( 'NONE',  ( 0.0000000000000000000, -0.0000000000000000000, 1.000000000000000000 ) ) ;
#3971 = PLANE ( 'NONE',  #2816 ) ;
#3972 = DIRECTION ( 'NONE',  ( 1.000000000000000000, 3.469446951953614600E-015, 0.0000000000000000000 ) ) ;
#3973 = ORIENTED_EDGE ( 'NONE', *, *, #2317, .F. ) ;
#3974 = VECTOR ( 'NONE', #1082, 1000.000000000000000 ) ;
#3975 = ORIENTED_EDGE ( 'NONE', *, *, #5283, .F. ) ;
#3976 = DIRECTION ( 'NONE',  ( 1.000000000000000000, 0.0000000000000000000, 0.0000000000000000000 ) ) ;
#3977 = VERTEX_POINT ( 'NONE', #908 ) ;
#3978 = VECTOR ( 'NONE', #4968, 1000.000000000000000 ) ;
#3979 = CARTESIAN_POINT ( 'NONE',  ( -2.300000000000002000, 0.0000000000000000000, -2.400000000000000800 ) ) ;
#3980 = PLANE ( 'NONE',  #5222 ) ;
#3981 = CIRCLE ( 'NONE', #3216, 0.1999999999999996500 ) ;
#3982 = ORIENTED_EDGE ( 'NONE', *, *, #295, .T. ) ;
#3983 = EDGE_CURVE ( 'NONE', #324, #1502, #4950, .T. ) ;
#3984 = CARTESIAN_POINT ( 'NONE',  ( 0.6249999999999985600, 0.0000000000000000000, -3.249999999999999600 ) ) ;
#3985 = ORIENTED_EDGE ( 'NONE', *, *, #2992, .T. ) ;
#3986 = ORIENTED_EDGE ( 'NONE', *, *, #2972, .T. ) ;
#3987 = ADVANCED_FACE ( 'NONE', ( #5762 ), #49, .F. ) ;
#3988 = EDGE_CURVE ( 'NONE', #3690, #2660, #5107, .T. ) ;
#3989 = CARTESIAN_POINT ( 'NONE',  ( 1.624999999999998700, 2.199999999999998800, -2.550000000000001200 ) ) ;
#3990 = CARTESIAN_POINT ( 'NONE',  ( 2.300000000000002000, 2.250000000000000000, -1.450000000000000800 ) ) ;
#3991 = CARTESIAN_POINT ( 'NONE',  ( 1.624999999999998700, 0.3900000000000000100, -2.249999999999999100 ) ) ;
#3992 = CARTESIAN_POINT ( 'NONE',  ( -4.300000000000001600, 2.700000000000000200, -2.250000000000000000 ) ) ;
#3993 = PLANE ( 'NONE',  #709 ) ;
#3994 = ORIENTED_EDGE ( 'NONE', *, *, #4586, .F. ) ;
#3995 = PLANE ( 'NONE',  #2982 ) ;
#3996 = DIRECTION ( 'NONE',  ( 1.000000000000000000, 0.0000000000000000000, -0.0000000000000000000 ) ) ;
#3997 = EDGE_CURVE ( 'NONE', #682, #2409, #308, .T. ) ;
#3998 = EDGE_CURVE ( 'NONE', #455, #3763, #154, .T. ) ;
#3999 = CARTESIAN_POINT ( 'NONE',  ( 2.650000000000001200, 0.6600000000000000300, 2.050000000000002500 ) ) ;
#4000 = ADVANCED_FACE ( 'NONE', ( #5613 ), #559, .F. ) ;
#4001 = LINE ( 'NONE', #4642, #1718 ) ;
#4002 = CARTESIAN_POINT ( 'NONE',  ( 2.735000000000001200, 0.3499999999999999800, -2.250000000000000000 ) ) ;
#4003 = LINE ( 'NONE', #5274, #849 ) ;
#4004 = DIRECTION ( 'NONE',  ( 0.0000000000000000000, 1.000000000000000000, 0.0000000000000000000 ) ) ;
#4005 = ORIENTED_EDGE ( 'NONE', *, *, #4726, .T. ) ;
#4006 = LINE ( 'NONE', #1800, #928 ) ;
#4007 = ORIENTED_EDGE ( 'NONE', *, *, #346, .F. ) ;
#4008 = PLANE ( 'NONE',  #763 ) ;
#4009 = EDGE_CURVE ( 'NONE', #236, #3046, #1972, .T. ) ;
#4010 = AXIS2_PLACEMENT_3D ( 'NONE', #5010, #2223, #836 ) ;
#4011 = VECTOR ( 'NONE', #3928, 1000.000000000000000 ) ;
#4012 = CARTESIAN_POINT ( 'NONE',  ( -0.5880733944954178400, 2.450000000000000600, -0.9564220183486161800 ) ) ;
#4013 = ORIENTED_EDGE ( 'NONE', *, *, #4546, .T. ) ;
#4014 = VECTOR ( 'NONE', #572, 1000.000000000000000 ) ;
#4015 = CARTESIAN_POINT ( 'NONE',  ( -2.300000000000002000, 0.2999999999999999900, -2.250000000000001300 ) ) ;
#4016 = SURFACE_STYLE_FILL_AREA ( #4581 ) ;
#4017 = AXIS2_PLACEMENT_3D ( 'NONE', #2924, #2447, #132 ) ;
#4018 = ORIENTED_EDGE ( 'NONE', *, *, #2840, .T. ) ;
#4019 = CARTESIAN_POINT ( 'NONE',  ( -0.3750000000000014400, 0.3899999999999999600, -1.599999999999999900 ) ) ;
#4020 = VECTOR ( 'NONE', #1854, 1000.000000000000000 ) ;
#4021 = ORIENTED_EDGE ( 'NONE', *, *, #2308, .T. ) ;
#4022 = LINE ( 'NONE', #1333, #3740 ) ;
#4023 = CARTESIAN_POINT ( 'NONE',  ( 2.300000000000002000, 0.2999999999999999900, -2.250000000000001300 ) ) ;
#4024 = VECTOR ( 'NONE', #2019, 1000.000000000000100 ) ;
#4025 = ORIENTED_EDGE ( 'NONE', *, *, #188, .T. ) ;
#4026 = ORIENTED_EDGE ( 'NONE', *, *, #1867, .F. ) ;
#4027 = VECTOR ( 'NONE', #707, 1000.000000000000000 ) ;
#4028 = ORIENTED_EDGE ( 'NONE', *, *, #1335, .T. ) ;
#4029 = LINE ( 'NONE', #5368, #1464 ) ;
#4030 = EDGE_LOOP ( 'NONE', ( #2700, #283, #2644, #527 ) ) ;
#4031 = ORIENTED_EDGE ( 'NONE', *, *, #5216, .F. ) ;
#4032 = VECTOR ( 'NONE', #3016, 1000.000000000000000 ) ;
#4033 = CARTESIAN_POINT ( 'NONE',  ( -0.2211009174311979700, 2.449999999999998800, -3.653669724770646000 ) ) ;
#4034 = DIRECTION ( 'NONE',  ( 0.0000000000000000000, 0.0000000000000000000, 1.000000000000000000 ) ) ;
#4035 = ORIENTED_EDGE ( 'NONE', *, *, #2647, .F. ) ;
#4036 = ORIENTED_EDGE ( 'NONE', *, *, #2083, .T. ) ;
#4037 = AXIS2_PLACEMENT_3D ( 'NONE', #961, #499, #5061 ) ;
#4038 = LINE ( 'NONE', #1641, #1544 ) ;
#4039 = VECTOR ( 'NONE', #5038, 1000.000000000000100 ) ;
#4040 = ORIENTED_EDGE ( 'NONE', *, *, #4359, .T. ) ;
#4041 = ORIENTED_EDGE ( 'NONE', *, *, #2267, .T. ) ;
#4042 = PLANE ( 'NONE',  #3533 ) ;
#4043 = DIRECTION ( 'NONE',  ( -0.0000000000000000000, 1.000000000000000000, -0.0000000000000000000 ) ) ;
#4044 = VERTEX_POINT ( 'NONE', #1505 ) ;
#4045 = VECTOR ( 'NONE', #663, 1000.000000000000000 ) ;
#4046 = EDGE_CURVE ( 'NONE', #3023, #5985, #1248, .T. ) ;
#4047 = CARTESIAN_POINT ( 'NONE',  ( -0.2000000000000010900, 0.3499999999999999800, -2.250000000000000400 ) ) ;
#4048 = VERTEX_POINT ( 'NONE', #703 ) ;
#4049 = CARTESIAN_POINT ( 'NONE',  ( -4.899999999999999500, 2.449999999999999700, -2.249999999999997800 ) ) ;
#4050 = ORIENTED_EDGE ( 'NONE', *, *, #5293, .F. ) ;
#4051 = EDGE_CURVE ( 'NONE', #1902, #1416, #2555, .T. ) ;
#4052 = ORIENTED_EDGE ( 'NONE', *, *, #1840, .T. ) ;
#4053 = DIRECTION ( 'NONE',  ( 0.0000000000000000000, 0.0000000000000000000, 1.000000000000000000 ) ) ;
#4054 = VERTEX_POINT ( 'NONE', #640 ) ;
#4055 = EDGE_CURVE ( 'NONE', #3619, #5490, #2486, .T. ) ;
#4056 = DIRECTION ( 'NONE',  ( -1.000000000000000000, -0.0000000000000000000, -0.0000000000000000000 ) ) ;
#4057 = DIRECTION ( 'NONE',  ( -0.0000000000000000000, 8.340016711426968800E-017, -1.000000000000000000 ) ) ;
#4058 = VECTOR ( 'NONE', #2211, 1000.000000000000000 ) ;
#4059 = ADVANCED_FACE ( 'NONE', ( #23 ), #2461, .F. ) ;
#4060 = DIRECTION ( 'NONE',  ( 0.0000000000000000000, 0.0000000000000000000, -1.000000000000000000 ) ) ;
#4061 = CARTESIAN_POINT ( 'NONE',  ( -1.650000000000000400, 0.0000000000000000000, -1.599999999999999900 ) ) ;
#4062 = CARTESIAN_POINT ( 'NONE',  ( -4.700000000000000200, 0.7000000000000000700, 3.250000000000002700 ) ) ;
#4063 = AXIS2_PLACEMENT_3D ( 'NONE', #5316, #3497, #1567 ) ;
#4064 = DIRECTION ( 'NONE',  ( -0.0000000000000000000, 1.000000000000000000, 4.336808689942017700E-016 ) ) ;
#4065 = CARTESIAN_POINT ( 'NONE',  ( -2.000000000000000000, 0.2500000000000000000, -2.250000000000000000 ) ) ;
#4066 = ADVANCED_FACE ( 'NONE', ( #456 ), #4840, .F. ) ;
#4067 = DIRECTION ( 'NONE',  ( 0.0000000000000000000, -1.000000000000000000, 0.0000000000000000000 ) ) ;
#4068 = EDGE_CURVE ( 'NONE', #5775, #5199, #1306, .T. ) ;
#4069 = VERTEX_POINT ( 'NONE', #658 ) ;
#4070 =( GEOMETRIC_REPRESENTATION_CONTEXT ( 3 ) GLOBAL_UNCERTAINTY_ASSIGNED_CONTEXT ( ( #5024 ) ) GLOBAL_UNIT_ASSIGNED_CONTEXT ( ( #2285, #1424, #5542 ) ) REPRESENTATION_CONTEXT ( 'NONE', 'WORKASPACE' ) );
#4071 = DIRECTION ( 'NONE',  ( -0.0000000000000000000, 6.195440985631449400E-016, 1.000000000000000000 ) ) ;
#4072 = CARTESIAN_POINT ( 'NONE',  ( -2.700000000000002400, 0.0000000000000000000, -2.400000000000000800 ) ) ;
#4073 = DIRECTION ( 'NONE',  ( -1.000000000000000000, -0.0000000000000000000, 0.0000000000000000000 ) ) ;
#4074 = VECTOR ( 'NONE', #4783, 1000.000000000000000 ) ;
#4075 = DIRECTION ( 'NONE',  ( -1.000000000000000000, -0.0000000000000000000, -0.0000000000000000000 ) ) ;
#4076 = VECTOR ( 'NONE', #2265, 1000.000000000000000 ) ;
#4077 = PLANE ( 'NONE',  #1164 ) ;
#4078 = EDGE_CURVE ( 'NONE', #431, #2943, #4963, .T. ) ;
#4079 = EDGE_CURVE ( 'NONE', #3018, #4710, #1466, .T. ) ;
#4080 = LINE ( 'NONE', #1843, #2168 ) ;
#4081 = CARTESIAN_POINT ( 'NONE',  ( -0.6250000000000014400, 0.0000000000000000000, -3.249999999999999600 ) ) ;
#4082 = ORIENTED_EDGE ( 'NONE', *, *, #5760, .F. ) ;
#4083 = LINE ( 'NONE', #1226, #4374 ) ;
#4084 = VERTEX_POINT ( 'NONE', #1077 ) ;
#4085 = VECTOR ( 'NONE', #4957, 1000.000000000000000 ) ;
#4086 = DIRECTION ( 'NONE',  ( -1.000000000000000000, -0.0000000000000000000, -0.0000000000000000000 ) ) ;
#4087 = EDGE_CURVE ( 'NONE', #1016, #957, #1735, .T. ) ;
#4088 = VECTOR ( 'NONE', #1995, 1000.000000000000000 ) ;
#4089 = CARTESIAN_POINT ( 'NONE',  ( 1.374999999999998700, 2.199999999999998800, -2.550000000000001200 ) ) ;
#4090 = LINE ( 'NONE', #2479, #803 ) ;
#4091 = EDGE_CURVE ( 'NONE', #5267, #4680, #5121, .T. ) ;
#4092 = EDGE_LOOP ( 'NONE', ( #3071, #4814, #1106, #2046 ) ) ;
#4093 = FACE_OUTER_BOUND ( 'NONE', #268, .T. ) ;
#4094 = ORIENTED_EDGE ( 'NONE', *, *, #3957, .T. ) ;
#4095 = EDGE_LOOP ( 'NONE', ( #4602, #4411, #5281, #4540 ) ) ;
#4096 = FACE_OUTER_BOUND ( 'NONE', #2124, .T. ) ;
#4097 = CARTESIAN_POINT ( 'NONE',  ( 3.850000000000002800, 0.3600000000000000400, 3.250000000000002700 ) ) ;
#4098 = ORIENTED_EDGE ( 'NONE', *, *, #4819, .T. ) ;
#4099 = VECTOR ( 'NONE', #3564, 1000.000000000000000 ) ;
#4100 = ORIENTED_EDGE ( 'NONE', *, *, #1964, .T. ) ;
#4101 = ORIENTED_EDGE ( 'NONE', *, *, #5139, .F. ) ;
#4102 = FACE_OUTER_BOUND ( 'NONE', #978, .T. ) ;
#4103 = AXIS2_PLACEMENT_3D ( 'NONE', #4187, #1352, #1378 ) ;
#4104 = DIRECTION ( 'NONE',  ( 0.7071067811865460200, 0.0000000000000000000, -0.7071067811865490200 ) ) ;
#4105 = ORIENTED_EDGE ( 'NONE', *, *, #5974, .F. ) ;
#4106 = COLOUR_RGB ( '',0.7921568627450980000, 0.8196078431372548800, 0.9333333333333333500 ) ;
#4107 = ORIENTED_EDGE ( 'NONE', *, *, #1804, .F. ) ;
#4108 = LINE ( 'NONE', #1452, #5486 ) ;
#4109 = EDGE_LOOP ( 'NONE', ( #3527, #1252, #3027, #4966 ) ) ;
#4110 = ORIENTED_EDGE ( 'NONE', *, *, #1261, .F. ) ;
#4111 = CARTESIAN_POINT ( 'NONE',  ( 2.100000000000001000, 2.449999999999998800, -2.250000000000000400 ) ) ;
#4112 = VERTEX_POINT ( 'NONE', #3886 ) ;
#4113 = LINE ( 'NONE', #2923, #2277 ) ;
#4114 = CARTESIAN_POINT ( 'NONE',  ( 0.3749999999999986100, 0.2999999999999999900, -3.249999999999999600 ) ) ;
#4115 = VECTOR ( 'NONE', #349, 1000.000000000000000 ) ;
#4116 = ORIENTED_EDGE ( 'NONE', *, *, #1456, .T. ) ;
#4117 = PLANE ( 'NONE',  #4599 ) ;
#4118 = ORIENTED_EDGE ( 'NONE', *, *, #5283, .T. ) ;
#4119 = CARTESIAN_POINT ( 'NONE',  ( -2.300000000000002000, 2.250000000000000000, -1.450000000000000800 ) ) ;
#4120 = VERTEX_POINT ( 'NONE', #4793 ) ;
#4121 = DIRECTION ( 'NONE',  ( 1.000000000000000000, 0.0000000000000000000, -0.0000000000000000000 ) ) ;
#4122 = DIRECTION ( 'NONE',  ( -0.0000000000000000000, -1.000000000000000000, -2.224004456380521900E-016 ) ) ;
#4123 = EDGE_CURVE ( 'NONE', #1204, #1836, #4090, .T. ) ;
#4124 = EDGE_CURVE ( 'NONE', #3026, #3695, #3818, .T. ) ;
#4125 = VERTEX_POINT ( 'NONE', #5745 ) ;
#4126 = CARTESIAN_POINT ( 'NONE',  ( -4.899999999999999500, 2.449999999999999700, -2.249999999999997800 ) ) ;
#4127 = VECTOR ( 'NONE', #3842, 1000.000000000000000 ) ;
#4128 = PLANE ( 'NONE',  #4985 ) ;
#4129 = PLANE ( 'NONE',  #1510 ) ;
#4130 = EDGE_CURVE ( 'NONE', #4273, #2901, #2345, .T. ) ;
#4131 = EDGE_CURVE ( 'NONE', #1699, #5094, #5037, .T. ) ;
#4132 = CARTESIAN_POINT ( 'NONE',  ( -1.625000000000001300, 0.9499999999999994000, 2.000000000000000900 ) ) ;
#4133 = ADVANCED_FACE ( 'NONE', ( #4233 ), #3448, .F. ) ;
#4134 = DIRECTION ( 'NONE',  ( -0.0000000000000000000, -0.0000000000000000000, 1.000000000000000000 ) ) ;
#4135 = DIRECTION ( 'NONE',  ( 0.0000000000000000000, -6.195440985631449400E-016, -1.000000000000000000 ) ) ;
#4136 = FILL_AREA_STYLE ('',( #3293 ) ) ;
#4137 = ORIENTED_EDGE ( 'NONE', *, *, #1111, .F. ) ;
#4138 = ORIENTED_EDGE ( 'NONE', *, *, #4452, .T. ) ;
#4139 = CARTESIAN_POINT ( 'NONE',  ( -0.6500000000000003600, 0.0000000000000000000, -1.599999999999999900 ) ) ;
#4140 = AXIS2_PLACEMENT_3D ( 'NONE', #274, #2598, #722 ) ;
#4141 = EDGE_CURVE ( 'NONE', #3046, #2955, #166, .T. ) ;
#4142 = LINE ( 'NONE', #611, #1146 ) ;
#4143 = AXIS2_PLACEMENT_3D ( 'NONE', #3079, #284, #5872 ) ;
#4144 = LINE ( 'NONE', #2289, #716 ) ;
#4145 = DIRECTION ( 'NONE',  ( 1.000000000000000000, 0.0000000000000000000, -0.0000000000000000000 ) ) ;
#4146 = ADVANCED_FACE ( 'NONE', ( #1908 ), #3044, .T. ) ;
#4147 = DIRECTION ( 'NONE',  ( 1.000000000000000000, 0.0000000000000000000, -0.0000000000000000000 ) ) ;
#4148 = VECTOR ( 'NONE', #4425, 1000.000000000000100 ) ;
#4149 = EDGE_CURVE ( 'NONE', #720, #4496, #3319, .T. ) ;
#4150 = FILL_AREA_STYLE ('',( #5103 ) ) ;
#4151 = LINE ( 'NONE', #1211, #2323 ) ;
#4152 = PLANE ( 'NONE',  #5447 ) ;
#4153 = LINE ( 'NONE', #5137, #4789 ) ;
#4154 = DIRECTION ( 'NONE',  ( -0.0000000000000000000, 1.000000000000000000, -0.0000000000000000000 ) ) ;
#4155 = ADVANCED_FACE ( 'NONE', ( #4102 ), #3123, .F. ) ;
#4156 = LINE ( 'NONE', #113, #4792 ) ;
#4157 = EDGE_CURVE ( 'NONE', #474, #4610, #3011, .T. ) ;
#4158 = DIRECTION ( 'NONE',  ( 1.000000000000000000, 0.0000000000000000000, 0.0000000000000000000 ) ) ;
#4159 = ORIENTED_EDGE ( 'NONE', *, *, #3328, .F. ) ;
#4160 = LINE ( 'NONE', #4351, #2766 ) ;
#4161 = LINE ( 'NONE', #4685, #591 ) ;
#4162 = VERTEX_POINT ( 'NONE', #2591 ) ;
#4163 = ORIENTED_EDGE ( 'NONE', *, *, #1144, .T. ) ;
#4164 = LINE ( 'NONE', #3247, #2475 ) ;
#4165 = ORIENTED_EDGE ( 'NONE', *, *, #1423, .F. ) ;
#4166 = LINE ( 'NONE', #1764, #2117 ) ;
#4167 = CARTESIAN_POINT ( 'NONE',  ( 3.400000000000000400, 2.549999999999997200, 3.250000000000002700 ) ) ;
#4168 = CARTESIAN_POINT ( 'NONE',  ( 1.374999999999998700, 0.0000000000000000000, -2.249999999999999600 ) ) ;
#4169 = LINE ( 'NONE', #1132, #4884 ) ;
#4170 = ORIENTED_EDGE ( 'NONE', *, *, #133, .F. ) ;
#4171 = SURFACE_STYLE_FILL_AREA ( #1193 ) ;
#4172 = EDGE_LOOP ( 'NONE', ( #5799, #2828, #1007, #493 ) ) ;
#4173 = DIRECTION ( 'NONE',  ( -0.0000000000000000000, 1.000000000000000000, -0.0000000000000000000 ) ) ;
#4174 = VECTOR ( 'NONE', #2221, 1000.000000000000000 ) ;
#4175 = ORIENTED_EDGE ( 'NONE', *, *, #651, .F. ) ;
#4176 = ORIENTED_EDGE ( 'NONE', *, *, #5646, .F. ) ;
#4177 = ORIENTED_EDGE ( 'NONE', *, *, #1951, .T. ) ;
#4178 = PLANE ( 'NONE',  #2171 ) ;
#4179 = VECTOR ( 'NONE', #1019, 1000.000000000000000 ) ;
#4180 = VECTOR ( 'NONE', #4056, 1000.000000000000000 ) ;
#4181 = ORIENTED_EDGE ( 'NONE', *, *, #4123, .F. ) ;
#4182 = LINE ( 'NONE', #312, #5925 ) ;
#4183 = CARTESIAN_POINT ( 'NONE',  ( -2.650000000000003000, 1.449999999999999500, 3.189999999999997300 ) ) ;
#4184 = ORIENTED_EDGE ( 'NONE', *, *, #4157, .F. ) ;
#4185 = DIRECTION ( 'NONE',  ( 0.0000000000000000000, 1.000000000000000000, 0.0000000000000000000 ) ) ;
#4186 = ORIENTED_EDGE ( 'NONE', *, *, #1032, .T. ) ;
#4187 = CARTESIAN_POINT ( 'NONE',  ( -2.500000000000002200, 0.6600000000000000300, 2.050000000000002500 ) ) ;
#4188 = SURFACE_SIDE_STYLE ('',( #1777 ) ) ;
#4189 = CARTESIAN_POINT ( 'NONE',  ( -1.375000000000001300, 0.3900000000000000100, -2.249999999999999100 ) ) ;
#4190 = ADVANCED_FACE ( 'NONE', ( #533 ), #5365, .F. ) ;
#4191 = ORIENTED_EDGE ( 'NONE', *, *, #5489, .F. ) ;
#4192 = CARTESIAN_POINT ( 'NONE',  ( -2.000000000000000000, 0.2500000000000000000, -1.550000000000000300 ) ) ;
#4193 = ORIENTED_EDGE ( 'NONE', *, *, #5922, .F. ) ;
#4194 = CARTESIAN_POINT ( 'NONE',  ( -1.650000000000002100, 0.5249999999999998000, 2.250000000000002200 ) ) ;
#4195 = DIRECTION ( 'NONE',  ( -0.0000000000000000000, -0.0000000000000000000, 1.000000000000000000 ) ) ;
#4196 = EDGE_CURVE ( 'NONE', #343, #1484, #520, .T. ) ;
#4197 = LINE ( 'NONE', #3959, #3633 ) ;
#4198 = EDGE_CURVE ( 'NONE', #691, #937, #1542, .T. ) ;
#4199 = CARTESIAN_POINT ( 'NONE',  ( -4.099999999999999600, 0.3600000000000000400, 2.050000000000002500 ) ) ;
#4200 = CARTESIAN_POINT ( 'NONE',  ( -2.700000000000002400, 2.250000000000000000, -1.450000000000000800 ) ) ;
#4201 = CARTESIAN_POINT ( 'NONE',  ( -2.735000000000001200, 0.2500000000000001100, -2.250000000000000000 ) ) ;
#4202 = VERTEX_POINT ( 'NONE', #4468 ) ;
#4203 = EDGE_CURVE ( 'NONE', #606, #3145, #322, .T. ) ;
#4204 = CARTESIAN_POINT ( 'NONE',  ( 2.300000000000002000, 0.2999999999999999900, -2.400000000000000800 ) ) ;
#4205 = EDGE_CURVE ( 'NONE', #3849, #5267, #1390, .T. ) ;
#4206 = DIRECTION ( 'NONE',  ( -0.0000000000000000000, -0.0000000000000000000, 1.000000000000000000 ) ) ;
#4207 = CARTESIAN_POINT ( 'NONE',  ( -4.099999999999999600, 0.5000000000000000000, 3.250000000000002700 ) ) ;
#4208 = CARTESIAN_POINT ( 'NONE',  ( -0.3750000000000014400, 0.2999999999999999900, -3.249999999999999600 ) ) ;
#4209 = CARTESIAN_POINT ( 'NONE',  ( -1.625000000000001300, 1.219584054212075700, 1.797811959340943600 ) ) ;
#4210 = CARTESIAN_POINT ( 'NONE',  ( -4.300000000000001600, 2.700000000000000200, 2.049999999999999800 ) ) ;
#4211 = VERTEX_POINT ( 'NONE', #5828 ) ;
#4212 = DIRECTION ( 'NONE',  ( 0.0000000000000000000, 1.000000000000000000, -0.0000000000000000000 ) ) ;
#4213 = DIRECTION ( 'NONE',  ( -0.7071067811865460200, -0.0000000000000000000, -0.7071067811865490200 ) ) ;
#4214 = AXIS2_PLACEMENT_3D ( 'NONE', #72, #3778, #483 ) ;
#4215 = VECTOR ( 'NONE', #5732, 1000.000000000000100 ) ;
#4216 = ADVANCED_FACE ( 'NONE', ( #5910 ), #4875, .F. ) ;
#4217 = DIRECTION ( 'NONE',  ( -1.000000000000000000, -1.178480622266852700E-016, 0.0000000000000000000 ) ) ;
#4218 = ORIENTED_EDGE ( 'NONE', *, *, #5438, .F. ) ;
#4219 = CARTESIAN_POINT ( 'NONE',  ( 2.700000000000002400, 2.449999999999999700, 1.550000000000000500 ) ) ;
#4220 = CARTESIAN_POINT ( 'NONE',  ( 0.6499999999999978000, 0.3499999999999999800, -1.749999999999999800 ) ) ;
#4221 = LINE ( 'NONE', #2586, #5169 ) ;
#4222 = VERTEX_POINT ( 'NONE', #4047 ) ;
#4223 = DIRECTION ( 'NONE',  ( 1.000000000000000000, -3.469446951953515100E-014, 0.0000000000000000000 ) ) ;
#4224 = CARTESIAN_POINT ( 'NONE',  ( 1.374999999999998700, 2.199999999999998800, -2.550000000000001200 ) ) ;
#4225 = LINE ( 'NONE', #4796, #3374 ) ;
#4226 = ORIENTED_EDGE ( 'NONE', *, *, #2203, .T. ) ;
#4227 = EDGE_CURVE ( 'NONE', #2116, #1204, #1678, .T. ) ;
#4228 = LINE ( 'NONE', #1135, #5680 ) ;
#4229 = DIRECTION ( 'NONE',  ( 0.0000000000000000000, 0.0000000000000000000, -1.000000000000000000 ) ) ;
#4230 = ADVANCED_FACE ( 'NONE', ( #4671 ), #3073, .F. ) ;
#4231 = VECTOR ( 'NONE', #1893, 1000.000000000000000 ) ;
#4232 = DIRECTION ( 'NONE',  ( 0.0000000000000000000, 0.0000000000000000000, 1.000000000000000000 ) ) ;
#4233 = FACE_OUTER_BOUND ( 'NONE', #5115, .T. ) ;
#4234 = EDGE_LOOP ( 'NONE', ( #4184, #1562, #5346, #745 ) ) ;
#4235 = LINE ( 'NONE', #5688, #2401 ) ;
#4236 = ORIENTED_EDGE ( 'NONE', *, *, #3812, .T. ) ;
#4237 = EDGE_CURVE ( 'NONE', #2584, #339, #4816, .T. ) ;
#4238 = FACE_OUTER_BOUND ( 'NONE', #4437, .T. ) ;
#4239 = CARTESIAN_POINT ( 'NONE',  ( -2.300000000000002000, 0.2999999999999999900, -2.400000000000000800 ) ) ;
#4240 = ORIENTED_EDGE ( 'NONE', *, *, #27, .F. ) ;
#4241 = DIRECTION ( 'NONE',  ( -0.0000000000000000000, -0.0000000000000000000, 1.000000000000000000 ) ) ;
#4242 = CARTESIAN_POINT ( 'NONE',  ( -2.735000000000001200, -1.200000000000000000E-005, -1.749999999999999800 ) ) ;
#4243 = VECTOR ( 'NONE', #5722, 1000.000000000000000 ) ;
#4244 = VERTEX_POINT ( 'NONE', #4498 ) ;
#4245 = EDGE_CURVE ( 'NONE', #3346, #1744, #5778, .T. ) ;
#4246 = VERTEX_POINT ( 'NONE', #2605 ) ;
#4247 = VECTOR ( 'NONE', #5941, 1000.000000000000000 ) ;
#4248 = VERTEX_POINT ( 'NONE', #856 ) ;
#4249 = LINE ( 'NONE', #3296, #2202 ) ;
#4250 = ORIENTED_EDGE ( 'NONE', *, *, #4141, .T. ) ;
#4251 = CARTESIAN_POINT ( 'NONE',  ( -2.650000000000003000, 1.449999999999999500, 3.189999999999997300 ) ) ;
#4252 = VECTOR ( 'NONE', #5135, 1000.000000000000000 ) ;
#4253 = CARTESIAN_POINT ( 'NONE',  ( 2.700000000000002400, 0.2999999999999999900, -2.400000000000000800 ) ) ;
#4254 = ORIENTED_EDGE ( 'NONE', *, *, #2203, .F. ) ;
#4255 = ADVANCED_FACE ( 'NONE', ( #1748 ), #5073, .F. ) ;
#4256 = CARTESIAN_POINT ( 'NONE',  ( -2.650000000000003000, 1.449999999999999500, -0.09999999999999766000 ) ) ;
#4257 = ORIENTED_EDGE ( 'NONE', *, *, #511, .F. ) ;
#4258 = ORIENTED_EDGE ( 'NONE', *, *, #4618, .F. ) ;
#4259 = PRESENTATION_LAYER_ASSIGNMENT (  '', '', ( #1730 ) ) ;
#4260 = LINE ( 'NONE', #3433, #1918 ) ;
#4261 = APPLICATION_PROTOCOL_DEFINITION ( 'draft international standard', 'automotive_design', 1998, #990 ) ;
#4262 = VECTOR ( 'NONE', #789, 1000.000000000000000 ) ;
#4263 = ORIENTED_EDGE ( 'NONE', *, *, #1456, .F. ) ;
#4264 = DIRECTION ( 'NONE',  ( 1.000000000000000000, -0.0000000000000000000, -0.0000000000000000000 ) ) ;
#4265 = DIRECTION ( 'NONE',  ( -0.0000000000000000000, 1.000000000000000000, 0.0000000000000000000 ) ) ;
#4266 = ORIENTED_EDGE ( 'NONE', *, *, #1621, .F. ) ;
#4267 = AXIS2_PLACEMENT_3D ( 'NONE', #2004, #4375, #4343 ) ;
#4268 = EDGE_CURVE ( 'NONE', #5451, #5826, #2198, .T. ) ;
#4269 = AXIS2_PLACEMENT_3D ( 'NONE', #2176, #2233, #5443 ) ;
#4270 = ORIENTED_EDGE ( 'NONE', *, *, #3033, .T. ) ;
#4271 = CARTESIAN_POINT ( 'NONE',  ( -2.700000000000002400, 2.649999999999999900, -1.450000000000000800 ) ) ;
#4272 = CARTESIAN_POINT ( 'NONE',  ( 2.300000000000002000, 0.0000000000000000000, 1.100000000000000800 ) ) ;
#4273 = VERTEX_POINT ( 'NONE', #1798 ) ;
#4274 = FACE_OUTER_BOUND ( 'NONE', #4341, .T. ) ;
#4275 = DIRECTION ( 'NONE',  ( 0.0000000000000000000, -1.000000000000000000, -2.224004456380521900E-016 ) ) ;
#4276 = CARTESIAN_POINT ( 'NONE',  ( -1.625000000000001300, 2.199999999999998800, -2.550000000000001200 ) ) ;
#4277 = ORIENTED_EDGE ( 'NONE', *, *, #3590, .F. ) ;
#4278 = DIRECTION ( 'NONE',  ( -0.0000000000000000000, 0.0000000000000000000, 1.000000000000000000 ) ) ;
#4279 = CARTESIAN_POINT ( 'NONE',  ( -0.3750000000000014400, 0.3900000000000000100, -2.249999999999999100 ) ) ;
#4280 = CARTESIAN_POINT ( 'NONE',  ( 2.650000000000001200, 0.6600000000000000300, 2.050000000000002500 ) ) ;
#4281 = EDGE_CURVE ( 'NONE', #744, #4322, #2859, .T. ) ;
#4282 = ADVANCED_FACE ( 'NONE', ( #2051 ), #5979, .F. ) ;
#4283 = DIRECTION ( 'NONE',  ( -0.0000000000000000000, 1.000000000000000000, -0.0000000000000000000 ) ) ;
#4284 = ORIENTED_EDGE ( 'NONE', *, *, #694, .T. ) ;
#4285 = DIRECTION ( 'NONE',  ( 1.000000000000000000, 0.0000000000000000000, -0.0000000000000000000 ) ) ;
#4286 = EDGE_CURVE ( 'NONE', #4120, #5490, #5478, .T. ) ;
#4287 = MECHANICAL_DESIGN_GEOMETRIC_PRESENTATION_REPRESENTATION (  '', ( #1977 ), #3572 ) ;
#4288 = PLANE ( 'NONE',  #241 ) ;
#4289 = CARTESIAN_POINT ( 'NONE',  ( -0.3750000000000014400, 0.2999999999999998200, -2.550000000000001200 ) ) ;
#4290 = ORIENTED_EDGE ( 'NONE', *, *, #2685, .F. ) ;
#4291 =( NAMED_UNIT ( * ) PLANE_ANGLE_UNIT ( ) SI_UNIT ( $, .RADIAN. ) );
#4292 = DIRECTION ( 'NONE',  ( 0.0000000000000000000, -0.7474093186836594500, 0.6643638388299201200 ) ) ;
#4293 = VECTOR ( 'NONE', #2870, 1000.000000000000000 ) ;
#4294 = AXIS2_PLACEMENT_3D ( 'NONE', #870, #4223, #4659 ) ;
#4295 = DIRECTION ( 'NONE',  ( -1.000000000000000000, -0.0000000000000000000, -0.0000000000000000000 ) ) ;
#4296 = LINE ( 'NONE', #901, #1989 ) ;
#4297 = EDGE_LOOP ( 'NONE', ( #4494, #380, #18, #1045 ) ) ;
#4298 = FACE_OUTER_BOUND ( 'NONE', #24, .T. ) ;
#4299 = LINE ( 'NONE', #5682, #227 ) ;
#4300 = CARTESIAN_POINT ( 'NONE',  ( -1.350000000000002300, 2.449999999999999300, -1.599999999999999900 ) ) ;
#4301 = CARTESIAN_POINT ( 'NONE',  ( 2.650000000000001200, 0.6600000000000000300, 2.399999999999999500 ) ) ;
#4302 = VECTOR ( 'NONE', #3859, 1000.000000000000000 ) ;
#4303 =( NAMED_UNIT ( * ) PLANE_ANGLE_UNIT ( ) SI_UNIT ( $, .RADIAN. ) );
#4304 = ORIENTED_EDGE ( 'NONE', *, *, #2392, .T. ) ;
#4305 = VECTOR ( 'NONE', #594, 1000.000000000000000 ) ;
#4306 = PLANE ( 'NONE',  #4017 ) ;
#4307 = ADVANCED_FACE ( 'NONE', ( #5627 ), #4077, .F. ) ;
#4308 = PLANE ( 'NONE',  #3692 ) ;
#4309 = VECTOR ( 'NONE', #6024, 1000.000000000000000 ) ;
#4310 = EDGE_CURVE ( 'NONE', #5401, #1795, #384, .T. ) ;
#4311 = EDGE_CURVE ( 'NONE', #793, #2427, #3965, .T. ) ;
#4312 = ORIENTED_EDGE ( 'NONE', *, *, #1239, .F. ) ;
#4313 = DIRECTION ( 'NONE',  ( -0.0000000000000000000, 1.000000000000000000, -0.0000000000000000000 ) ) ;
#4314 = DIRECTION ( 'NONE',  ( 0.2873478855663468300, 0.0000000000000000000, -0.9578262852211508700 ) ) ;
#4315 = FACE_OUTER_BOUND ( 'NONE', #1518, .T. ) ;
#4316 = EDGE_LOOP ( 'NONE', ( #1053, #4159, #778, #3613 ) ) ;
#4317 = VECTOR ( 'NONE', #5558, 1000.000000000000000 ) ;
#4318 = LINE ( 'NONE', #1516, #3819 ) ;
#4319 = EDGE_LOOP ( 'NONE', ( #4105, #4457, #4418, #4768 ) ) ;
#4320 = DIRECTION ( 'NONE',  ( 0.0000000000000000000, 0.0000000000000000000, -1.000000000000000000 ) ) ;
#4321 = DIRECTION ( 'NONE',  ( -0.0000000000000000000, 0.0000000000000000000, -1.000000000000000000 ) ) ;
#4322 = VERTEX_POINT ( 'NONE', #804 ) ;
#4323 = VECTOR ( 'NONE', #5833, 1000.000000000000000 ) ;
#4324 = LINE ( 'NONE', #5964, #2552 ) ;
#4325 = ORIENTED_EDGE ( 'NONE', *, *, #1294, .T. ) ;
#4326 = EDGE_LOOP ( 'NONE', ( #5120, #2941, #5565, #2802 ) ) ;
#4327 = ORIENTED_EDGE ( 'NONE', *, *, #710, .F. ) ;
#4328 = ORIENTED_EDGE ( 'NONE', *, *, #2435, .F. ) ;
#4329 = EDGE_CURVE ( 'NONE', #1981, #538, #1606, .T. ) ;
#4330 = VECTOR ( 'NONE', #766, 1000.000000000000000 ) ;
#4331 = CARTESIAN_POINT ( 'NONE',  ( -1.375000000000001300, 0.9499999999999994000, 2.000000000000000900 ) ) ;
#4332 = LINE ( 'NONE', #3624, #4039 ) ;
#4333 = ORIENTED_EDGE ( 'NONE', *, *, #3139, .F. ) ;
#4334 = ORIENTED_EDGE ( 'NONE', *, *, #697, .T. ) ;
#4335 = VECTOR ( 'NONE', #2045, 1000.000000000000000 ) ;
#4336 = DIRECTION ( 'NONE',  ( 0.0000000000000000000, 0.0000000000000000000, -1.000000000000000000 ) ) ;
#4337 = ORIENTED_EDGE ( 'NONE', *, *, #3556, .F. ) ;
#4338 = DIRECTION ( 'NONE',  ( -0.2873478855663468300, -0.0000000000000000000, 0.9578262852211508700 ) ) ;
#4339 = AXIS2_PLACEMENT_3D ( 'NONE', #5563, #2365, #452 ) ;
#4340 = DIRECTION ( 'NONE',  ( -0.0000000000000000000, 4.336808689942017700E-016, -1.000000000000000000 ) ) ;
#4341 = EDGE_LOOP ( 'NONE', ( #5968, #2957, #1301, #3261 ) ) ;
#4342 = DIRECTION ( 'NONE',  ( 0.0000000000000000000, 1.971276677246376000E-016, -1.000000000000000000 ) ) ;
#4343 = DIRECTION ( 'NONE',  ( -0.0000000000000000000, 0.0000000000000000000, -1.000000000000000000 ) ) ;
#4344 = DIRECTION ( 'NONE',  ( -0.0000000000000000000, -0.0000000000000000000, 1.000000000000000000 ) ) ;
#4345 = ORIENTED_EDGE ( 'NONE', *, *, #1951, .F. ) ;
#4346 = ORIENTED_EDGE ( 'NONE', *, *, #4311, .T. ) ;
#4347 = ADVANCED_FACE ( 'NONE', ( #1177 ), #5959, .F. ) ;
#4348 = ORIENTED_EDGE ( 'NONE', *, *, #5564, .T. ) ;
#4349 = LINE ( 'NONE', #2691, #5433 ) ;
#4350 = CARTESIAN_POINT ( 'NONE',  ( 2.300000000000002000, 0.1273895819931683500, 1.450000000000000800 ) ) ;
#4351 = CARTESIAN_POINT ( 'NONE',  ( 2.000000000000000000, 0.2500000000000000000, 3.250000000000002700 ) ) ;
#4352 = CARTESIAN_POINT ( 'NONE',  ( 2.735000000000001200, 0.3499999999999999800, -2.250000000000000000 ) ) ;
#4353 = CARTESIAN_POINT ( 'NONE',  ( 1.650000000000002100, 0.5249999999999998000, 2.250000000000002200 ) ) ;
#4354 = EDGE_CURVE ( 'NONE', #4361, #455, #4166, .T. ) ;
#4355 = CARTESIAN_POINT ( 'NONE',  ( -1.625000000000001300, 2.199999999999998800, -1.599999999999999900 ) ) ;
#4356 = CARTESIAN_POINT ( 'NONE',  ( -1.650000000000002100, 0.6499999999999963600, 2.250000000000002200 ) ) ;
#4357 = CARTESIAN_POINT ( 'NONE',  ( -0.3500000000000030900, 2.449999999999999700, -2.249999999999997800 ) ) ;
#4358 = VERTEX_POINT ( 'NONE', #1307 ) ;
#4359 = EDGE_CURVE ( 'NONE', #5962, #321, #89, .T. ) ;
#4360 = EDGE_CURVE ( 'NONE', #2058, #236, #5978, .T. ) ;
#4361 = VERTEX_POINT ( 'NONE', #2670 ) ;
#4362 = CARTESIAN_POINT ( 'NONE',  ( 0.3749999999999986100, 0.9499999999999994000, 2.000000000000000900 ) ) ;
#4363 = LINE ( 'NONE', #549, #4215 ) ;
#4364 = DIRECTION ( 'NONE',  ( -0.0000000000000000000, -0.0000000000000000000, 1.000000000000000000 ) ) ;
#4365 = AXIS2_PLACEMENT_3D ( 'NONE', #2764, #5093, #5144 ) ;
#4366 = PLANE ( 'NONE',  #3720 ) ;
#4367 = ADVANCED_FACE ( 'NONE', ( #10 ), #4383, .T. ) ;
#4368 = FACE_OUTER_BOUND ( 'NONE', #5946, .T. ) ;
#4369 = DIRECTION ( 'NONE',  ( 0.0000000000000000000, 0.0000000000000000000, 1.000000000000000000 ) ) ;
#4370 = PRESENTATION_STYLE_ASSIGNMENT (( #5513 ) ) ;
#4371 =( NAMED_UNIT ( * ) PLANE_ANGLE_UNIT ( ) SI_UNIT ( $, .RADIAN. ) );
#4372 = AXIS2_PLACEMENT_3D ( 'NONE', #1054, #4847, #3035 ) ;
#4373 = EDGE_CURVE ( 'NONE', #5649, #455, #4022, .T. ) ;
#4374 = VECTOR ( 'NONE', #2651, 1000.000000000000000 ) ;
#4375 = DIRECTION ( 'NONE',  ( 1.000000000000000000, 0.0000000000000000000, -0.0000000000000000000 ) ) ;
#4376 = DIRECTION ( 'NONE',  ( -2.891205793294679300E-016, -1.000000000000000000, 0.0000000000000000000 ) ) ;
#4377 = AXIS2_PLACEMENT_3D ( 'NONE', #5734, #1052, #3408 ) ;
#4378 = EDGE_LOOP ( 'NONE', ( #2339, #4752, #318, #252 ) ) ;
#4379 = VECTOR ( 'NONE', #4241, 1000.000000000000000 ) ;
#4380 = DIRECTION ( 'NONE',  ( -0.0000000000000000000, 0.0000000000000000000, 1.000000000000000000 ) ) ;
#4381 = VECTOR ( 'NONE', #1704, 1000.000000000000000 ) ;
#4382 = ORIENTED_EDGE ( 'NONE', *, *, #80, .F. ) ;
#4383 = CYLINDRICAL_SURFACE ( 'NONE', #4711, 0.1499999999999999700 ) ;
#4384 = CARTESIAN_POINT ( 'NONE',  ( -1.375000000000001300, 0.3900000000000000100, -2.249999999999999100 ) ) ;
#4385 = ORIENTED_EDGE ( 'NONE', *, *, #1269, .T. ) ;
#4386 = FACE_OUTER_BOUND ( 'NONE', #5561, .T. ) ;
#4387 = EDGE_LOOP ( 'NONE', ( #175, #3840, #1476, #2230, #4186, #3195, #5639, #5430, #5988, #3724 ) ) ;
#4388 = PLANE ( 'NONE',  #4063 ) ;
#4389 = VECTOR ( 'NONE', #1129, 1000.000000000000100 ) ;
#4390 = DIRECTION ( 'NONE',  ( 0.0000000000000000000, 0.0000000000000000000, 1.000000000000000000 ) ) ;
#4391 = ORIENTED_EDGE ( 'NONE', *, *, #1066, .F. ) ;
#4392 = ORIENTED_EDGE ( 'NONE', *, *, #2030, .F. ) ;
#4393 = LINE ( 'NONE', #5069, #376 ) ;
#4394 = PLANE ( 'NONE',  #5730 ) ;
#4395 = FACE_OUTER_BOUND ( 'NONE', #1687, .T. ) ;
#4396 = EDGE_CURVE ( 'NONE', #2599, #1266, #2413, .T. ) ;
#4397 = DIRECTION ( 'NONE',  ( -1.000000000000000000, 1.178480622266852700E-016, 0.0000000000000000000 ) ) ;
#4398 = VECTOR ( 'NONE', #514, 1000.000000000000000 ) ;
#4399 = EDGE_CURVE ( 'NONE', #3641, #1120, #4596, .T. ) ;
#4400 = ORIENTED_EDGE ( 'NONE', *, *, #5177, .T. ) ;
#4401 = ORIENTED_EDGE ( 'NONE', *, *, #717, .F. ) ;
#4402 = LINE ( 'NONE', #2358, #4891 ) ;
#4403 = ORIENTED_EDGE ( 'NONE', *, *, #2798, .F. ) ;
#4404 = EDGE_LOOP ( 'NONE', ( #3431, #3080, #1543, #4284 ) ) ;
#4405 = VERTEX_POINT ( 'NONE', #5111 ) ;
#4406 = DIRECTION ( 'NONE',  ( 1.000000000000000000, 0.0000000000000000000, -0.0000000000000000000 ) ) ;
#4407 = LINE ( 'NONE', #5440, #4330 ) ;
#4408 = ADVANCED_FACE ( 'NONE', ( #4882 ), #2278, .F. ) ;
#4409 = LINE ( 'NONE', #5607, #1622 ) ;
#4410 = EDGE_CURVE ( 'NONE', #5490, #5055, #156, .T. ) ;
#4411 = ORIENTED_EDGE ( 'NONE', *, *, #5002, .F. ) ;
#4412 = CARTESIAN_POINT ( 'NONE',  ( -1.375000000000001300, 0.2999999999999999900, -3.249999999999999600 ) ) ;
#4413 = ORIENTED_EDGE ( 'NONE', *, *, #56, .F. ) ;
#4414 = EDGE_CURVE ( 'NONE', #2407, #5324, #5845, .T. ) ;
#4415 = DIRECTION ( 'NONE',  ( 1.000000000000000000, -0.0000000000000000000, -0.0000000000000000000 ) ) ;
#4416 = ORIENTED_EDGE ( 'NONE', *, *, #2512, .F. ) ;
#4417 = CARTESIAN_POINT ( 'NONE',  ( 2.700000000000002400, 0.0000000000000000000, -0.0000000000000000000 ) ) ;
#4418 = ORIENTED_EDGE ( 'NONE', *, *, #1114, .T. ) ;
#4419 = CARTESIAN_POINT ( 'NONE',  ( -4.099999999999999600, 0.5000000000000000000, 2.050000000000002500 ) ) ;
#4420 = PLANE ( 'NONE',  #3800 ) ;
#4421 = STYLED_ITEM ( 'NONE', ( #335 ), #3067 ) ;
#4422 = VECTOR ( 'NONE', #2262, 1000.000000000000100 ) ;
#4423 = CARTESIAN_POINT ( 'NONE',  ( -2.700000000000002400, 0.2500000000000046600, -0.8500000000000000900 ) ) ;
#4424 = CARTESIAN_POINT ( 'NONE',  ( -2.307261310856348200, 2.449999999999999700, 2.049999999999999400 ) ) ;
#4425 = DIRECTION ( 'NONE',  ( -0.2873478855663468300, -5.934156224574238800E-016, -0.9578262852211509900 ) ) ;
#4426 = CLOSED_SHELL ( 'NONE', ( #5740, #3420, #3385, #2157, #3202, #2747, #4911, #1717, #6014, #1191 ) ) ;
#4427 = DIRECTION ( 'NONE',  ( 0.0000000000000000000, 0.0000000000000000000, -1.000000000000000000 ) ) ;
#4428 = DIRECTION ( 'NONE',  ( -1.000000000000000000, -0.0000000000000000000, -0.0000000000000000000 ) ) ;
#4429 = EDGE_LOOP ( 'NONE', ( #2122, #226, #5935, #4730, #1407, #3488, #1397, #5252, #4765, #1268, #1829 ) ) ;
#4430 = EDGE_CURVE ( 'NONE', #5477, #941, #1820, .T. ) ;
#4431 = DIRECTION ( 'NONE',  ( -1.000000000000000000, -0.0000000000000000000, -0.0000000000000000000 ) ) ;
#4432 = CARTESIAN_POINT ( 'NONE',  ( -2.650000000000003000, 0.6600000000000000300, 2.050000000000002500 ) ) ;
#4433 = UNCERTAINTY_MEASURE_WITH_UNIT (LENGTH_MEASURE( 1.000000000000000100E-005 ), #2026, 'distance_accuracy_value', 'NONE');
#4434 = LINE ( 'NONE', #1051, #5519 ) ;
#4435 = CARTESIAN_POINT ( 'NONE',  ( -3.350000000000000500, 0.6600000000000000300, 2.050000000000002500 ) ) ;
#4436 = EDGE_CURVE ( 'NONE', #5796, #627, #1377, .T. ) ;
#4437 = EDGE_LOOP ( 'NONE', ( #414, #5644, #1263, #3576 ) ) ;
#4438 = EDGE_CURVE ( 'NONE', #682, #2141, #2932, .T. ) ;
#4439 = LINE ( 'NONE', #5914, #4931 ) ;
#4440 = VECTOR ( 'NONE', #1131, 1000.000000000000000 ) ;
#4441 = CARTESIAN_POINT ( 'NONE',  ( -2.650000000000001200, 0.9499999999999995100, -0.09999999999999766000 ) ) ;
#4442 = ORIENTED_EDGE ( 'NONE', *, *, #2685, .T. ) ;
#4443 = DIRECTION ( 'NONE',  ( 0.0000000000000000000, -1.000000000000000000, 0.0000000000000000000 ) ) ;
#4444 = AXIS2_PLACEMENT_3D ( 'NONE', #3416, #593, #3850 ) ;
#4445 = VECTOR ( 'NONE', #1761, 1000.000000000000000 ) ;
#4446 = CARTESIAN_POINT ( 'NONE',  ( 1.374999999999998700, 0.3899999999999999600, -1.599999999999999900 ) ) ;
#4447 = LINE ( 'NONE', #4766, #3659 ) ;
#4448 = PLANE ( 'NONE',  #403 ) ;
#4449 = ORIENTED_EDGE ( 'NONE', *, *, #5835, .F. ) ;
#4450 = VECTOR ( 'NONE', #3787, 1000.000000000000000 ) ;
#4451 = AXIS2_PLACEMENT_3D ( 'NONE', #362, #5936, #5949 ) ;
#4452 = EDGE_CURVE ( 'NONE', #619, #1599, #597, .T. ) ;
#4453 = CARTESIAN_POINT ( 'NONE',  ( -0.6500000000000003600, 0.3499999999999999800, -1.749999999999999800 ) ) ;
#4454 = ORIENTED_EDGE ( 'NONE', *, *, #3364, .F. ) ;
#4455 = FACE_OUTER_BOUND ( 'NONE', #2613, .T. ) ;
#4456 = VERTEX_POINT ( 'NONE', #904 ) ;
#4457 = ORIENTED_EDGE ( 'NONE', *, *, #3204, .F. ) ;
#4458 = ADVANCED_FACE ( 'NONE', ( #2335 ), #1821, .F. ) ;
#4459 = LINE ( 'NONE', #896, #2260 ) ;
#4460 = VECTOR ( 'NONE', #568, 1000.000000000000000 ) ;
#4461 = ORIENTED_EDGE ( 'NONE', *, *, #3154, .F. ) ;
#4462 = CARTESIAN_POINT ( 'NONE',  ( -0.3500000000000022000, 2.449999999999999300, -1.599999999999999900 ) ) ;
#4463 = EDGE_CURVE ( 'NONE', #4962, #3619, #3458, .T. ) ;
#4464 = EDGE_LOOP ( 'NONE', ( #5881, #94, #4257, #6 ) ) ;
#4465 = VECTOR ( 'NONE', #2389, 1000.000000000000000 ) ;
#4466 = ORIENTED_EDGE ( 'NONE', *, *, #4958, .F. ) ;
#4467 = ORIENTED_EDGE ( 'NONE', *, *, #5053, .T. ) ;
#4468 = CARTESIAN_POINT ( 'NONE',  ( 1.374999999999998700, 0.2999999999999998200, -2.550000000000001200 ) ) ;
#4469 = VERTEX_POINT ( 'NONE', #6012 ) ;
#4470 = ORIENTED_EDGE ( 'NONE', *, *, #352, .F. ) ;
#4471 = ORIENTED_EDGE ( 'NONE', *, *, #3363, .F. ) ;
#4472 = FACE_OUTER_BOUND ( 'NONE', #3753, .T. ) ;
#4473 = DIRECTION ( 'NONE',  ( 0.0000000000000000000, 0.0000000000000000000, 1.000000000000000000 ) ) ;
#4474 = FACE_OUTER_BOUND ( 'NONE', #1965, .T. ) ;
#4475 = ORIENTED_EDGE ( 'NONE', *, *, #687, .F. ) ;
#4476 = EDGE_CURVE ( 'NONE', #755, #4694, #1532, .T. ) ;
#4477 = DIRECTION ( 'NONE',  ( -0.0000000000000000000, 0.0000000000000000000, 1.000000000000000000 ) ) ;
#4478 = ORIENTED_EDGE ( 'NONE', *, *, #2992, .F. ) ;
#4479 = VECTOR ( 'NONE', #2014, 1000.000000000000100 ) ;
#4480 = CARTESIAN_POINT ( 'NONE',  ( -2.300000000000002000, 2.449999999999999700, 1.550000000000000500 ) ) ;
#4481 = ORIENTED_EDGE ( 'NONE', *, *, #5994, .T. ) ;
#4482 = ORIENTED_EDGE ( 'NONE', *, *, #497, .T. ) ;
#4483 = VERTEX_POINT ( 'NONE', #3713 ) ;
#4484 = AXIS2_PLACEMENT_3D ( 'NONE', #1916, #2382, #4158 ) ;
#4485 = VERTEX_POINT ( 'NONE', #1833 ) ;
#4486 = DIRECTION ( 'NONE',  ( 1.000000000000000000, -0.0000000000000000000, -0.0000000000000000000 ) ) ;
#4487 = DIRECTION ( 'NONE',  ( -1.000000000000000000, -0.0000000000000000000, -0.0000000000000000000 ) ) ;
#4488 = ADVANCED_FACE ( 'NONE', ( #3393 ), #5096, .F. ) ;
#4489 = DIRECTION ( 'NONE',  ( 1.000000000000000000, 0.0000000000000000000, -0.0000000000000000000 ) ) ;
#4490 = STYLED_ITEM ( 'NONE', ( #4370 ), #5220 ) ;
#4491 = DIRECTION ( 'NONE',  ( 0.0000000000000000000, -0.6643638388299201200, -0.7474093186836594500 ) ) ;
#4492 = DIRECTION ( 'NONE',  ( -0.0000000000000000000, -0.0000000000000000000, 1.000000000000000000 ) ) ;
#4493 = CARTESIAN_POINT ( 'NONE',  ( 1.649999999999997900, 2.449999999999999300, -1.749999999999999800 ) ) ;
#4494 = ORIENTED_EDGE ( 'NONE', *, *, #4841, .T. ) ;
#4495 = CARTESIAN_POINT ( 'NONE',  ( -0.3750000000000014400, 0.2999999999999999900, -3.249999999999999600 ) ) ;
#4496 = VERTEX_POINT ( 'NONE', #2825 ) ;
#4497 = DIRECTION ( 'NONE',  ( -1.000000000000000000, 0.0000000000000000000, 0.0000000000000000000 ) ) ;
#4498 = CARTESIAN_POINT ( 'NONE',  ( -0.6250000000000014400, 0.3899999999999999600, -1.599999999999999900 ) ) ;
#4499 = EDGE_CURVE ( 'NONE', #1482, #2000, #4459, .T. ) ;
#4500 = EDGE_CURVE ( 'NONE', #4517, #4054, #3882, .T. ) ;
#4501 = PLANE ( 'NONE',  #3677 ) ;
#4502 = LINE ( 'NONE', #2303, #774 ) ;
#4503 = CARTESIAN_POINT ( 'NONE',  ( 2.500000000000002200, 0.5249999999999999100, 2.250000000000002200 ) ) ;
#4504 = CARTESIAN_POINT ( 'NONE',  ( -4.700000000000000200, 2.549999999999997600, -2.250000000000000000 ) ) ;
#4505 = LINE ( 'NONE', #2189, #1883 ) ;
#4506 = EDGE_CURVE ( 'NONE', #4496, #1103, #2477, .T. ) ;
#4507 = CARTESIAN_POINT ( 'NONE',  ( 0.3499999999999996400, 0.0000000000000000000, -1.599999999999999900 ) ) ;
#4508 = COLOUR_RGB ( '',0.7921568627450980000, 0.8196078431372548800, 0.9333333333333333500 ) ;
#4509 = ADVANCED_FACE ( 'NONE', ( #2634 ), #1340, .F. ) ;
#4510 = LINE ( 'NONE', #4772, #2102 ) ;
#4511 = CARTESIAN_POINT ( 'NONE',  ( 2.650000000000000400, 1.449999999999999500, 3.189999999999996800 ) ) ;
#4512 = CARTESIAN_POINT ( 'NONE',  ( 2.300000000000002000, 2.649999999999999900, -1.450000000000000800 ) ) ;
#4513 = VERTEX_POINT ( 'NONE', #4167 ) ;
#4514 =( GEOMETRIC_REPRESENTATION_CONTEXT ( 3 ) GLOBAL_UNCERTAINTY_ASSIGNED_CONTEXT ( ( #4433 ) ) GLOBAL_UNIT_ASSIGNED_CONTEXT ( ( #2026, #2504, #4737 ) ) REPRESENTATION_CONTEXT ( 'NONE', 'WORKASPACE' ) );
#4515 = DIRECTION ( 'NONE',  ( 1.000000000000000000, 0.0000000000000000000, -0.0000000000000000000 ) ) ;
#4516 = VECTOR ( 'NONE', #4701, 1000.000000000000000 ) ;
#4517 = VERTEX_POINT ( 'NONE', #5601 ) ;
#4518 = AXIS2_PLACEMENT_3D ( 'NONE', #4189, #1447, #987 ) ;
#4519 = CARTESIAN_POINT ( 'NONE',  ( 2.649999999999999500, 0.9499999999999995100, -0.09999999999999766000 ) ) ;
#4520 = LINE ( 'NONE', #4192, #5694 ) ;
#4521 = DIRECTION ( 'NONE',  ( -1.000000000000000000, 0.0000000000000000000, 0.0000000000000000000 ) ) ;
#4522 = ORIENTED_EDGE ( 'NONE', *, *, #188, .F. ) ;
#4523 = FACE_OUTER_BOUND ( 'NONE', #4297, .T. ) ;
#4524 = LINE ( 'NONE', #1171, #3308 ) ;
#4525 = PRESENTATION_STYLE_ASSIGNMENT (( #2118 ) ) ;
#4526 = VERTEX_POINT ( 'NONE', #3249 ) ;
#4527 = PLANE ( 'NONE',  #3960 ) ;
#4528 = ORIENTED_EDGE ( 'NONE', *, *, #2443, .F. ) ;
#4529 = AXIS2_PLACEMENT_3D ( 'NONE', #3781, #3735, #5999 ) ;
#4530 = FACE_OUTER_BOUND ( 'NONE', #3165, .T. ) ;
#4531 = ORIENTED_EDGE ( 'NONE', *, *, #2875, .T. ) ;
#4532 = ORIENTED_EDGE ( 'NONE', *, *, #3770, .T. ) ;
#4533 = VECTOR ( 'NONE', #4922, 1000.000000000000000 ) ;
#4534 = CARTESIAN_POINT ( 'NONE',  ( 1.349999999999999600, 0.0000000000000000000, -1.749999999999999800 ) ) ;
#4535 = VECTOR ( 'NONE', #1074, 1000.000000000000000 ) ;
#4536 = CARTESIAN_POINT ( 'NONE',  ( 3.400000000000000400, 2.549999999999997200, -2.250000000000000000 ) ) ;
#4537 = VECTOR ( 'NONE', #3951, 1000.000000000000000 ) ;
#4538 = LINE ( 'NONE', #2491, #2712 ) ;
#4539 = VERTEX_POINT ( 'NONE', #6028 ) ;
#4540 = ORIENTED_EDGE ( 'NONE', *, *, #2235, .T. ) ;
#4541 = EDGE_LOOP ( 'NONE', ( #1389, #868, #360, #3225 ) ) ;
#4542 = CARTESIAN_POINT ( 'NONE',  ( 4.899999999999999500, 2.549999999999997600, 3.250000000000002700 ) ) ;
#4543 = DIRECTION ( 'NONE',  ( 0.0000000000000000000, -4.336808689942017700E-016, 1.000000000000000000 ) ) ;
#4544 = ORIENTED_EDGE ( 'NONE', *, *, #5294, .T. ) ;
#4545 = VECTOR ( 'NONE', #126, 1000.000000000000000 ) ;
#4546 = EDGE_CURVE ( 'NONE', #4797, #1502, #5696, .T. ) ;
#4547 = ORIENTED_EDGE ( 'NONE', *, *, #5617, .F. ) ;
#4548 = ADVANCED_FACE ( 'NONE', ( #311 ), #3307, .F. ) ;
#4549 = DIRECTION ( 'NONE',  ( 0.0000000000000000000, -1.000000000000000000, 0.0000000000000000000 ) ) ;
#4550 = EDGE_CURVE ( 'NONE', #3253, #5648, #735, .T. ) ;
#4551 = ORIENTED_EDGE ( 'NONE', *, *, #2129, .T. ) ;
#4552 = CARTESIAN_POINT ( 'NONE',  ( 1.624999999999998700, 0.3900000000000000100, -2.249999999999999100 ) ) ;
#4553 = ORIENTED_EDGE ( 'NONE', *, *, #798, .F. ) ;
#4554 = EDGE_CURVE ( 'NONE', #4703, #4456, #1236, .T. ) ;
#4555 = DIRECTION ( 'NONE',  ( -1.000000000000000000, -0.0000000000000000000, -0.0000000000000000000 ) ) ;
#4556 = DIRECTION ( 'NONE',  ( 0.0000000000000000000, 1.000000000000000000, 0.0000000000000000000 ) ) ;
#4557 = CARTESIAN_POINT ( 'NONE',  ( 0.6499999999999978000, 2.449999999999999300, -1.749999999999999800 ) ) ;
#4558 = LINE ( 'NONE', #933, #3348 ) ;
#4559 = DIRECTION ( 'NONE',  ( 0.0000000000000000000, -0.0000000000000000000, -1.000000000000000000 ) ) ;
#4560 = CARTESIAN_POINT ( 'NONE',  ( 1.624999999999998700, 2.199999999999998800, -1.599999999999999900 ) ) ;
#4561 = PRESENTATION_LAYER_ASSIGNMENT (  '', '', ( #3343 ) ) ;
#4562 = CARTESIAN_POINT ( 'NONE',  ( -4.300000000000001600, 2.700000000000000200, -2.250000000000000000 ) ) ;
#4563 = DIRECTION ( 'NONE',  ( -1.000000000000000000, 0.0000000000000000000, -0.0000000000000000000 ) ) ;
#4564 =( LENGTH_UNIT ( ) NAMED_UNIT ( * ) SI_UNIT ( .MILLI., .METRE. ) );
#4565 = AXIS2_PLACEMENT_3D ( 'NONE', #2967, #3425, #4833 ) ;
#4566 = EDGE_CURVE ( 'NONE', #4202, #2726, #3603, .T. ) ;
#4567 = AXIS2_PLACEMENT_3D ( 'NONE', #247, #4916, #5836 ) ;
#4568 = CARTESIAN_POINT ( 'NONE',  ( 1.650000000000002100, 0.6499999999999998000, 2.250000000000002200 ) ) ;
#4569 = CARTESIAN_POINT ( 'NONE',  ( 4.299999999999999800, 0.2500000000000002800, -2.250000000000000000 ) ) ;
#4570 = CARTESIAN_POINT ( 'NONE',  ( -1.350000000000002300, 0.3499999999999999800, -1.599999999999999900 ) ) ;
#4571 = DIRECTION ( 'NONE',  ( -1.000000000000000000, 0.0000000000000000000, 0.0000000000000000000 ) ) ;
#4572 = ORIENTED_EDGE ( 'NONE', *, *, #2963, .F. ) ;
#4573 = DIRECTION ( 'NONE',  ( 1.000000000000000000, -0.0000000000000000000, -0.0000000000000000000 ) ) ;
#4574 = CARTESIAN_POINT ( 'NONE',  ( -2.000000000000000000, 0.2500000000000000000, 3.250000000000002700 ) ) ;
#4575 = LINE ( 'NONE', #5951, #2911 ) ;
#4576 = UNCERTAINTY_MEASURE_WITH_UNIT (LENGTH_MEASURE( 1.000000000000000100E-005 ), #2727, 'distance_accuracy_value', 'NONE');
#4577 = ADVANCED_FACE ( 'NONE', ( #1669 ), #1856, .F. ) ;
#4578 = EDGE_CURVE ( 'NONE', #5695, #4202, #4658, .T. ) ;
#4579 = LINE ( 'NONE', #3382, #1006 ) ;
#4580 = DIRECTION ( 'NONE',  ( 1.000000000000000000, 0.0000000000000000000, 0.0000000000000000000 ) ) ;
#4581 = FILL_AREA_STYLE ('',( #429 ) ) ;
#4582 = FACE_OUTER_BOUND ( 'NONE', #3938, .T. ) ;
#4583 = PLANE ( 'NONE',  #2381 ) ;
#4584 = DIRECTION ( 'NONE',  ( -1.000000000000000000, 0.0000000000000000000, -0.0000000000000000000 ) ) ;
#4585 = CARTESIAN_POINT ( 'NONE',  ( -1.375000000000001300, 1.241695452014624800, 1.578157383516454000 ) ) ;
#4586 = EDGE_CURVE ( 'NONE', #5690, #4590, #946, .T. ) ;
#4587 = VECTOR ( 'NONE', #5218, 1000.000000000000000 ) ;
#4588 = DIRECTION ( 'NONE',  ( 0.0000000000000000000, -2.323290369611800400E-016, 1.000000000000000000 ) ) ;
#4589 = AXIS2_PLACEMENT_3D ( 'NONE', #1784, #2733, #3156 ) ;
#4590 = VERTEX_POINT ( 'NONE', #932 ) ;
#4591 = LINE ( 'NONE', #2821, #1812 ) ;
#4592 = LINE ( 'NONE', #2231, #1088 ) ;
#4593 = CARTESIAN_POINT ( 'NONE',  ( 0.3749999999999986100, 2.199999999999998800, -1.599999999999999900 ) ) ;
#4594 = ORIENTED_EDGE ( 'NONE', *, *, #5079, .F. ) ;
#4595 = ORIENTED_EDGE ( 'NONE', *, *, #1600, .T. ) ;
#4596 = LINE ( 'NONE', #1365, #4741 ) ;
#4597 = DIRECTION ( 'NONE',  ( -0.0000000000000000000, 0.6643638388299201200, 0.7474093186836594500 ) ) ;
#4598 = VECTOR ( 'NONE', #4344, 1000.000000000000000 ) ;
#4599 = AXIS2_PLACEMENT_3D ( 'NONE', #388, #364, #5967 ) ;
#4600 = ORIENTED_EDGE ( 'NONE', *, *, #1197, .T. ) ;
#4601 = VECTOR ( 'NONE', #552, 1000.000000000000000 ) ;
#4602 = ORIENTED_EDGE ( 'NONE', *, *, #563, .T. ) ;
#4603 = VERTEX_POINT ( 'NONE', #2370 ) ;
#4604 = ORIENTED_EDGE ( 'NONE', *, *, #1314, .T. ) ;
#4605 = VERTEX_POINT ( 'NONE', #1408 ) ;
#4606 = PLANE ( 'NONE',  #5307 ) ;
#4607 = LINE ( 'NONE', #5349, #2130 ) ;
#4608 = DIRECTION ( 'NONE',  ( 0.0000000000000000000, -2.323290369611800400E-016, 1.000000000000000000 ) ) ;
#4609 = CARTESIAN_POINT ( 'NONE',  ( -3.350000000000000500, 0.6600000000000000300, 2.050000000000002500 ) ) ;
#4610 = VERTEX_POINT ( 'NONE', #560 ) ;
#4611 = ADVANCED_FACE ( 'NONE', ( #4523 ), #50, .F. ) ;
#4612 = CARTESIAN_POINT ( 'NONE',  ( 0.6249999999999985600, 0.2999999999999998200, -2.550000000000001200 ) ) ;
#4613 = CARTESIAN_POINT ( 'NONE',  ( -0.3750000000000014400, 1.129584054212076700, 1.677811959340942800 ) ) ;
#4614 = CARTESIAN_POINT ( 'NONE',  ( -0.3750000000000014400, 1.219584054212075700, 1.797811959340943600 ) ) ;
#4615 = VERTEX_POINT ( 'NONE', #3836 ) ;
#4616 = CARTESIAN_POINT ( 'NONE',  ( 2.500000000000002200, 0.2500000000000000600, 2.050000000000002000 ) ) ;
#4617 = CARTESIAN_POINT ( 'NONE',  ( -3.350000000000000500, 0.6600000000000000300, 2.050000000000002500 ) ) ;
#4618 = EDGE_CURVE ( 'NONE', #232, #5469, #3306, .T. ) ;
#4619 = EDGE_CURVE ( 'NONE', #3814, #637, #5257, .T. ) ;
#4620 = VERTEX_POINT ( 'NONE', #1446 ) ;
#4621 = CARTESIAN_POINT ( 'NONE',  ( 2.500000000000002200, 0.5249999999999999100, 3.250000000000002700 ) ) ;
#4622 = ORIENTED_EDGE ( 'NONE', *, *, #1867, .T. ) ;
#4623 = ORIENTED_EDGE ( 'NONE', *, *, #4124, .T. ) ;
#4624 = EDGE_CURVE ( 'NONE', #2407, #2702, #439, .T. ) ;
#4625 = CARTESIAN_POINT ( 'NONE',  ( 4.299999999999999800, 0.2500000000000002800, -2.250000000000000000 ) ) ;
#4626 = AXIS2_PLACEMENT_3D ( 'NONE', #2699, #842, #4122 ) ;
#4627 = DIRECTION ( 'NONE',  ( -0.9578262852211509900, 0.0000000000000000000, 0.2873478855663468800 ) ) ;
#4628 = CARTESIAN_POINT ( 'NONE',  ( 0.6249999999999985600, 0.2999999999999999900, -3.249999999999999600 ) ) ;
#4629 = DIRECTION ( 'NONE',  ( -0.0000000000000000000, 0.6643638388299201200, 0.7474093186836594500 ) ) ;
#4630 = VERTEX_POINT ( 'NONE', #5666 ) ;
#4631 = ORIENTED_EDGE ( 'NONE', *, *, #3001, .T. ) ;
#4632 = DIRECTION ( 'NONE',  ( -0.0000000000000000000, 1.000000000000000000, 0.0000000000000000000 ) ) ;
#4633 = CARTESIAN_POINT ( 'NONE',  ( 1.624999999999998700, 0.2999999999999998200, -2.550000000000001200 ) ) ;
#4634 = AXIS2_PLACEMENT_3D ( 'NONE', #3891, #2404, #3434 ) ;
#4635 = VERTEX_POINT ( 'NONE', #4746 ) ;
#4636 = DIRECTION ( 'NONE',  ( 0.0000000000000000000, 0.0000000000000000000, -1.000000000000000000 ) ) ;
#4637 = ADVANCED_FACE ( 'NONE', ( #3081 ), #4288, .F. ) ;
#4638 = VERTEX_POINT ( 'NONE', #5223 ) ;
#4639 = SURFACE_STYLE_USAGE ( .BOTH. , #3710 ) ;
#4640 = LINE ( 'NONE', #3762, #2608 ) ;
#4641 = CARTESIAN_POINT ( 'NONE',  ( 0.6249999999999985600, 0.9499999999999994000, 2.000000000000000900 ) ) ;
#4642 = CARTESIAN_POINT ( 'NONE',  ( 4.899999999999999500, 0.5000000000000000000, 2.049999999999999800 ) ) ;
#4643 = VECTOR ( 'NONE', #3906, 1000.000000000000100 ) ;
#4644 = ORIENTED_EDGE ( 'NONE', *, *, #217, .T. ) ;
#4645 = EDGE_CURVE ( 'NONE', #4949, #5214, #3663, .T. ) ;
#4646 = DIRECTION ( 'NONE',  ( -1.000000000000000000, 0.0000000000000000000, 0.0000000000000000000 ) ) ;
#4647 = DIRECTION ( 'NONE',  ( 0.0000000000000000000, -1.000000000000000000, -2.323290369611800400E-016 ) ) ;
#4648 = VECTOR ( 'NONE', #4880, 1000.000000000000000 ) ;
#4649 = LINE ( 'NONE', #1979, #1010 ) ;
#4650 = EDGE_CURVE ( 'NONE', #3038, #1251, #1598, .T. ) ;
#4651 = CARTESIAN_POINT ( 'NONE',  ( -4.899999999999999500, 0.5000000000000000000, 3.250000000000002700 ) ) ;
#4652 = ORIENTED_EDGE ( 'NONE', *, *, #4396, .T. ) ;
#4653 = LINE ( 'NONE', #1117, #3151 ) ;
#4654 = DIRECTION ( 'NONE',  ( 0.0000000000000000000, 0.0000000000000000000, -1.000000000000000000 ) ) ;
#4655 = EDGE_CURVE ( 'NONE', #1898, #4483, #4235, .T. ) ;
#4656 = DIRECTION ( 'NONE',  ( 1.000000000000000000, -0.0000000000000000000, -0.0000000000000000000 ) ) ;
#4657 = ORIENTED_EDGE ( 'NONE', *, *, #1775, .T. ) ;
#4658 = LINE ( 'NONE', #5164, #2185 ) ;
#4659 = DIRECTION ( 'NONE',  ( 3.469446951953515100E-014, 1.000000000000000000, 0.0000000000000000000 ) ) ;
#4660 = LINE ( 'NONE', #2361, #1467 ) ;
#4661 = ORIENTED_EDGE ( 'NONE', *, *, #3283, .T. ) ;
#4662 = ADVANCED_FACE ( 'NONE', ( #2545 ), #985, .T. ) ;
#4663 = DIRECTION ( 'NONE',  ( 0.0000000000000000000, 1.178480622266852200E-016, -1.000000000000000000 ) ) ;
#4664 = LINE ( 'NONE', #3125, #5470 ) ;
#4665 = ORIENTED_EDGE ( 'NONE', *, *, #1009, .F. ) ;
#4666 = ORIENTED_EDGE ( 'NONE', *, *, #4734, .T. ) ;
#4667 = DIRECTION ( 'NONE',  ( -0.0000000000000000000, -0.0000000000000000000, 1.000000000000000000 ) ) ;
#4668 = LINE ( 'NONE', #2673, #3468 ) ;
#4669 = ORIENTED_EDGE ( 'NONE', *, *, #900, .T. ) ;
#4670 = EDGE_LOOP ( 'NONE', ( #5844, #5723, #629, #799, #843, #5201, #1575, #5638, #4040, #2394, #15, #5543, #2862, #1440, #2065, #4013, #5652, #2439, #2482, #5972, #4892, #2412, #3986, #1385, #3479, #1623, #2516, #4631, #3415, #526, #5412, #1477, #120, #5268, #3982, #4986, #3255, #3337, #4250, #1756, #2693, #970, #2677, #3243 ) ) ;
#4671 = FACE_OUTER_BOUND ( 'NONE', #5141, .T. ) ;
#4672 = ORIENTED_EDGE ( 'NONE', *, *, #3939, .F. ) ;
#4673 = ORIENTED_EDGE ( 'NONE', *, *, #1375, .F. ) ;
#4674 = DIRECTION ( 'NONE',  ( 0.0000000000000000000, 0.0000000000000000000, -1.000000000000000000 ) ) ;
#4675 = LINE ( 'NONE', #4519, #1473 ) ;
#4676 = AXIS2_PLACEMENT_3D ( 'NONE', #534, #3799, #4712 ) ;
#4677 = FACE_OUTER_BOUND ( 'NONE', #5422, .T. ) ;
#4678 = EDGE_CURVE ( 'NONE', #5420, #975, #5181, .T. ) ;
#4679 = ORIENTED_EDGE ( 'NONE', *, *, #5716, .T. ) ;
#4680 = VERTEX_POINT ( 'NONE', #2384 ) ;
#4681 = ORIENTED_EDGE ( 'NONE', *, *, #4851, .F. ) ;
#4682 = AXIS2_PLACEMENT_3D ( 'NONE', #4993, #1243, #3128 ) ;
#4683 = EDGE_LOOP ( 'NONE', ( #4672, #5343, #1736, #5056 ) ) ;
#4684 = LINE ( 'NONE', #2697, #2062 ) ;
#4685 = CARTESIAN_POINT ( 'NONE',  ( 2.735000000000001200, 0.3499999999999999800, -1.549999999999999600 ) ) ;
#4686 = VERTEX_POINT ( 'NONE', #3749 ) ;
#4687 = DIRECTION ( 'NONE',  ( -0.0000000000000000000, 1.000000000000000000, 0.0000000000000000000 ) ) ;
#4688 = ORIENTED_EDGE ( 'NONE', *, *, #511, .T. ) ;
#4689 = DIRECTION ( 'NONE',  ( 0.0000000000000000000, 1.000000000000000000, 0.0000000000000000000 ) ) ;
#4690 = DIRECTION ( 'NONE',  ( 0.0000000000000000000, 0.0000000000000000000, -1.000000000000000000 ) ) ;
#4691 = VERTEX_POINT ( 'NONE', #1852 ) ;
#4692 = DIRECTION ( 'NONE',  ( 0.0000000000000000000, 0.3420201433256628300, 0.9396926207859105400 ) ) ;
#4693 = DIRECTION ( 'NONE',  ( 0.0000000000000000000, -8.340016711426968800E-017, 1.000000000000000000 ) ) ;
#4694 = VERTEX_POINT ( 'NONE', #3339 ) ;
#4695 = CARTESIAN_POINT ( 'NONE',  ( 0.6249999999999985600, 1.129584054212076700, 1.677811959340942800 ) ) ;
#4696 = CARTESIAN_POINT ( 'NONE',  ( 2.300000000000002000, 0.2500000000000043900, 1.450000000000000800 ) ) ;
#4697 = EDGE_CURVE ( 'NONE', #5192, #4605, #79, .T. ) ;
#4698 = VECTOR ( 'NONE', #3625, 1000.000000000000000 ) ;
#4699 = EDGE_CURVE ( 'NONE', #2790, #793, #2922, .T. ) ;
#4700 = ADVANCED_FACE ( 'NONE', ( #5687 ), #3282, .F. ) ;
#4701 = DIRECTION ( 'NONE',  ( -0.0000000000000000000, 4.336808689942017700E-016, -1.000000000000000000 ) ) ;
#4702 = EDGE_CURVE ( 'NONE', #3338, #3246, #3014, .T. ) ;
#4703 = VERTEX_POINT ( 'NONE', #5 ) ;
#4704 = CARTESIAN_POINT ( 'NONE',  ( -1.350000000000002300, 0.3499999999999999800, -1.599999999999999900 ) ) ;
#4705 = DIRECTION ( 'NONE',  ( 1.000000000000000000, 0.0000000000000000000, 0.0000000000000000000 ) ) ;
#4706 = ORIENTED_EDGE ( 'NONE', *, *, #5370, .F. ) ;
#4707 = FILL_AREA_STYLE ('',( #4774 ) ) ;
#4708 = ORIENTED_EDGE ( 'NONE', *, *, #4354, .T. ) ;
#4709 = DIRECTION ( 'NONE',  ( -1.000000000000000000, -0.0000000000000000000, -0.0000000000000000000 ) ) ;
#4710 = VERTEX_POINT ( 'NONE', #65 ) ;
#4711 = AXIS2_PLACEMENT_3D ( 'NONE', #1782, #3152, #1285 ) ;
#4712 = DIRECTION ( 'NONE',  ( -0.0000000000000000000, 0.0000000000000000000, -1.000000000000000000 ) ) ;
#4713 = CARTESIAN_POINT ( 'NONE',  ( -2.100000000000001000, 2.449999999999998800, -2.250000000000000000 ) ) ;
#4714 = AXIS2_PLACEMENT_3D ( 'NONE', #706, #3059, #5380 ) ;
#4715 = ORIENTED_EDGE ( 'NONE', *, *, #1693, .T. ) ;
#4716 = DIRECTION ( 'NONE',  ( -0.0000000000000000000, 1.000000000000000000, -0.0000000000000000000 ) ) ;
#4717 = VECTOR ( 'NONE', #4134, 1000.000000000000000 ) ;
#4718 = LINE ( 'NONE', #976, #1364 ) ;
#4719 = ORIENTED_EDGE ( 'NONE', *, *, #3857, .T. ) ;
#4720 = CARTESIAN_POINT ( 'NONE',  ( -4.899999999999999500, 2.649999999999999900, 3.250000000000000900 ) ) ;
#4721 = CARTESIAN_POINT ( 'NONE',  ( 0.6249999999999985600, 0.0000000000000000000, -2.249999999999999600 ) ) ;
#4722 = ADVANCED_FACE ( 'NONE', ( #4874 ), #1894, .F. ) ;
#4723 = FACE_OUTER_BOUND ( 'NONE', #828, .T. ) ;
#4724 = CARTESIAN_POINT ( 'NONE',  ( -2.265000000000003200, 0.2500000000000000600, -2.250000000000000000 ) ) ;
#4725 = EDGE_CURVE ( 'NONE', #4539, #5047, #1229, .T. ) ;
#4726 = EDGE_CURVE ( 'NONE', #5477, #4691, #3227, .T. ) ;
#4727 = CARTESIAN_POINT ( 'NONE',  ( -2.300000000000002000, 0.1273895819931683500, 1.450000000000000800 ) ) ;
#4728 = FACE_OUTER_BOUND ( 'NONE', #5044, .T. ) ;
#4729 = VECTOR ( 'NONE', #2561, 1000.000000000000000 ) ;
#4730 = ORIENTED_EDGE ( 'NONE', *, *, #960, .F. ) ;
#4731 = DIRECTION ( 'NONE',  ( -1.000000000000000000, 0.0000000000000000000, -0.0000000000000000000 ) ) ;
#4732 = VERTEX_POINT ( 'NONE', #1014 ) ;
#4733 = VECTOR ( 'NONE', #3301, 1000.000000000000000 ) ;
#4734 = EDGE_CURVE ( 'NONE', #2427, #627, #1966, .T. ) ;
#4735 = LINE ( 'NONE', #2383, #3531 ) ;
#4736 = VERTEX_POINT ( 'NONE', #5146 ) ;
#4737 =( NAMED_UNIT ( * ) SI_UNIT ( $, .STERADIAN. ) SOLID_ANGLE_UNIT ( ) );
#4738 = LINE ( 'NONE', #479, #3232 ) ;
#4739 = EDGE_CURVE ( 'NONE', #1416, #5487, #5029, .T. ) ;
#4740 = EDGE_LOOP ( 'NONE', ( #263, #1760, #3087, #1339 ) ) ;
#4741 = VECTOR ( 'NONE', #4636, 1000.000000000000000 ) ;
#4742 = FACE_OUTER_BOUND ( 'NONE', #9, .T. ) ;
#4743 = ORIENTED_EDGE ( 'NONE', *, *, #5336, .F. ) ;
#4744 = ORIENTED_EDGE ( 'NONE', *, *, #5508, .T. ) ;
#4745 = LINE ( 'NONE', #5504, #5630 ) ;
#4746 = CARTESIAN_POINT ( 'NONE',  ( -2.300000000000002000, 0.2500000000000046600, -0.8500000000000000900 ) ) ;
#4747 = PRESENTATION_STYLE_ASSIGNMENT (( #647 ) ) ;
#4748 = CARTESIAN_POINT ( 'NONE',  ( -0.6250000000000014400, 2.199999999999998800, -2.550000000000001200 ) ) ;
#4749 = ORIENTED_EDGE ( 'NONE', *, *, #5241, .F. ) ;
#4750 = ORIENTED_EDGE ( 'NONE', *, *, #4645, .F. ) ;
#4751 = CARTESIAN_POINT ( 'NONE',  ( 2.649999999999999500, 1.449999999999999500, -0.09999999999999766000 ) ) ;
#4752 = ORIENTED_EDGE ( 'NONE', *, *, #1576, .T. ) ;
#4753 = FACE_OUTER_BOUND ( 'NONE', #1990, .T. ) ;
#4754 = DIRECTION ( 'NONE',  ( 1.000000000000000000, 0.0000000000000000000, 0.0000000000000000000 ) ) ;
#4755 = CARTESIAN_POINT ( 'NONE',  ( 1.624999999999998700, 0.3900000000000000100, -2.249999999999999100 ) ) ;
#4756 = FACE_OUTER_BOUND ( 'NONE', #4959, .T. ) ;
#4757 = ORIENTED_EDGE ( 'NONE', *, *, #3414, .F. ) ;
#4758 = CARTESIAN_POINT ( 'NONE',  ( 2.300000000000002000, 2.649999999999999900, -1.450000000000000800 ) ) ;
#4759 = DIRECTION ( 'NONE',  ( 0.0000000000000000000, -0.6000000000000002000, -0.7999999999999999300 ) ) ;
#4760 = ORIENTED_EDGE ( 'NONE', *, *, #4079, .T. ) ;
#4761 = VECTOR ( 'NONE', #5520, 1000.000000000000000 ) ;
#4762 = EDGE_CURVE ( 'NONE', #4915, #3045, #1737, .T. ) ;
#4763 = ADVANCED_FACE ( 'NONE', ( #1369 ), #954, .F. ) ;
#4764 =( GEOMETRIC_REPRESENTATION_CONTEXT ( 3 ) GLOBAL_UNCERTAINTY_ASSIGNED_CONTEXT ( ( #271 ) ) GLOBAL_UNIT_ASSIGNED_CONTEXT ( ( #3923, #4371, #1572 ) ) REPRESENTATION_CONTEXT ( 'NONE', 'WORKASPACE' ) );
#4765 = ORIENTED_EDGE ( 'NONE', *, *, #350, .T. ) ;
#4766 = CARTESIAN_POINT ( 'NONE',  ( -0.3750000000000014400, 1.241695452014624800, 1.578157383516454000 ) ) ;
#4767 = DIRECTION ( 'NONE',  ( 1.000000000000000000, 0.0000000000000000000, 0.0000000000000000000 ) ) ;
#4768 = ORIENTED_EDGE ( 'NONE', *, *, #761, .F. ) ;
#4769 = ORIENTED_EDGE ( 'NONE', *, *, #3744, .T. ) ;
#4770 = EDGE_CURVE ( 'NONE', #2138, #3132, #1168, .T. ) ;
#4771 = ORIENTED_EDGE ( 'NONE', *, *, #4463, .T. ) ;
#4772 = CARTESIAN_POINT ( 'NONE',  ( 1.624999999999998700, 0.9499999999999994000, 2.000000000000000900 ) ) ;
#4773 = CARTESIAN_POINT ( 'NONE',  ( -0.6500000000000003600, 2.449999999999998800, -1.749999999999999800 ) ) ;
#4774 = FILL_AREA_STYLE_COLOUR ( '', #4781 ) ;
#4775 = CARTESIAN_POINT ( 'NONE',  ( 2.300000000000002000, 2.250000000000000000, -2.250000000000000900 ) ) ;
#4776 = DIRECTION ( 'NONE',  ( -0.0000000000000000000, 8.340016711426968800E-017, -1.000000000000000000 ) ) ;
#4777 = EDGE_CURVE ( 'NONE', #2938, #254, #3736, .T. ) ;
#4778 = DIRECTION ( 'NONE',  ( 0.0000000000000000000, 0.0000000000000000000, -1.000000000000000000 ) ) ;
#4779 = ORIENTED_EDGE ( 'NONE', *, *, #5679, .F. ) ;
#4780 = DIRECTION ( 'NONE',  ( -0.0000000000000000000, -0.0000000000000000000, 1.000000000000000000 ) ) ;
#4781 = COLOUR_RGB ( '',0.7921568627450980000, 0.8196078431372548800, 0.9333333333333333500 ) ;
#4782 = ADVANCED_FACE ( 'NONE', ( #3528 ), #544, .F. ) ;
#4783 = DIRECTION ( 'NONE',  ( 0.0000000000000000000, -6.195440985631449400E-016, -1.000000000000000000 ) ) ;
#4784 = CARTESIAN_POINT ( 'NONE',  ( -1.650000000000002100, 0.5249999999999998000, 3.250000000000002700 ) ) ;
#4785 = DIRECTION ( 'NONE',  ( -3.469446951953515100E-014, 1.000000000000000000, 0.0000000000000000000 ) ) ;
#4786 = VECTOR ( 'NONE', #988, 1000.000000000000000 ) ;
#4787 = LINE ( 'NONE', #158, #3862 ) ;
#4788 = FACE_OUTER_BOUND ( 'NONE', #980, .T. ) ;
#4789 = VECTOR ( 'NONE', #1794, 1000.000000000000000 ) ;
#4790 = CARTESIAN_POINT ( 'NONE',  ( 1.624999999999998700, 0.3900000000000000100, -2.249999999999999100 ) ) ;
#4791 = CARTESIAN_POINT ( 'NONE',  ( 2.649999999999999500, 1.449999999999999500, 2.050000000000002500 ) ) ;
#4792 = VECTOR ( 'NONE', #128, 1000.000000000000000 ) ;
#4793 = CARTESIAN_POINT ( 'NONE',  ( 1.650000000000002100, 0.6499999999999998000, 3.250000000000002700 ) ) ;
#4794 = ORIENTED_EDGE ( 'NONE', *, *, #201, .F. ) ;
#4795 = ORIENTED_EDGE ( 'NONE', *, *, #276, .T. ) ;
#4796 = CARTESIAN_POINT ( 'NONE',  ( 4.899999999999999500, 2.700000000000000200, 3.250000000000002700 ) ) ;
#4797 = VERTEX_POINT ( 'NONE', #2397 ) ;
#4798 = EDGE_CURVE ( 'NONE', #2259, #4248, #1527, .T. ) ;
#4799 = DIRECTION ( 'NONE',  ( 0.0000000000000000000, 0.0000000000000000000, -1.000000000000000000 ) ) ;
#4800 = EDGE_CURVE ( 'NONE', #3370, #4603, #4591, .T. ) ;
#4801 = DIRECTION ( 'NONE',  ( 1.000000000000000000, -1.275531967630005200E-016, 0.0000000000000000000 ) ) ;
#4802 = ORIENTED_EDGE ( 'NONE', *, *, #2588, .F. ) ;
#4803 = VECTOR ( 'NONE', #4689, 1000.000000000000000 ) ;
#4804 = VECTOR ( 'NONE', #3230, 1000.000000000000000 ) ;
#4805 = DIRECTION ( 'NONE',  ( 0.0000000000000000000, 1.000000000000000000, 1.971276677246376000E-016 ) ) ;
#4806 = CARTESIAN_POINT ( 'NONE',  ( 2.649999999999999500, 0.9499999999999995100, -0.09999999999999766000 ) ) ;
#4807 = CARTESIAN_POINT ( 'NONE',  ( -4.899999999999999500, 2.549999999999997600, -2.250000000000000000 ) ) ;
#4808 = ORIENTED_EDGE ( 'NONE', *, *, #3709, .T. ) ;
#4809 = VECTOR ( 'NONE', #688, 1000.000000000000000 ) ;
#4810 = ORIENTED_EDGE ( 'NONE', *, *, #3857, .F. ) ;
#4811 = ORIENTED_EDGE ( 'NONE', *, *, #3783, .F. ) ;
#4812 = VECTOR ( 'NONE', #3487, 1000.000000000000000 ) ;
#4813 = ORIENTED_EDGE ( 'NONE', *, *, #5198, .T. ) ;
#4814 = ORIENTED_EDGE ( 'NONE', *, *, #4739, .F. ) ;
#4815 = ADVANCED_FACE ( 'NONE', ( #1458 ), #2952, .F. ) ;
#4816 = LINE ( 'NONE', #1700, #958 ) ;
#4817 = VERTEX_POINT ( 'NONE', #3475 ) ;
#4818 = EDGE_LOOP ( 'NONE', ( #4657, #820, #5862, #111 ) ) ;
#4819 = EDGE_CURVE ( 'NONE', #5279, #2225, #3384, .T. ) ;
#4820 = DIRECTION ( 'NONE',  ( -0.0000000000000000000, -0.0000000000000000000, 1.000000000000000000 ) ) ;
#4821 = CARTESIAN_POINT ( 'NONE',  ( 4.299999999999999800, 0.2500000000000002800, -1.549999999999999400 ) ) ;
#4822 = AXIS2_PLACEMENT_3D ( 'NONE', #2814, #4265, #977 ) ;
#4823 = LINE ( 'NONE', #1862, #4252 ) ;
#4824 = ORIENTED_EDGE ( 'NONE', *, *, #2317, .T. ) ;
#4825 = DIRECTION ( 'NONE',  ( 0.0000000000000000000, 1.000000000000000000, 0.0000000000000000000 ) ) ;
#4826 = EDGE_LOOP ( 'NONE', ( #515, #1590, #5770, #4193 ) ) ;
#4827 = ORIENTED_EDGE ( 'NONE', *, *, #1847, .T. ) ;
#4828 = DIRECTION ( 'NONE',  ( -0.0000000000000000000, 8.340016711426968800E-017, -1.000000000000000000 ) ) ;
#4829 = CARTESIAN_POINT ( 'NONE',  ( 4.299999999999999800, 0.2500000000000002800, 2.050000000000002500 ) ) ;
#4830 = DIRECTION ( 'NONE',  ( 1.000000000000000000, 2.891205793294679300E-016, 0.0000000000000000000 ) ) ;
#4831 = ORIENTED_EDGE ( 'NONE', *, *, #4578, .F. ) ;
#4832 = AXIS2_PLACEMENT_3D ( 'NONE', #3398, #5224, #5747 ) ;
#4833 = DIRECTION ( 'NONE',  ( 0.3133774542039051700, 0.0000000000000000000, -0.9496286491027317000 ) ) ;
#4834 = ORIENTED_EDGE ( 'NONE', *, *, #5736, .F. ) ;
#4835 = AXIS2_PLACEMENT_3D ( 'NONE', #2737, #771, #5995 ) ;
#4836 = ORIENTED_EDGE ( 'NONE', *, *, #4410, .T. ) ;
#4837 = VECTOR ( 'NONE', #363, 1000.000000000000000 ) ;
#4838 = PLANE ( 'NONE',  #1701 ) ;
#4839 = DIRECTION ( 'NONE',  ( -0.0000000000000000000, -0.3420201433256628300, -0.9396926207859105400 ) ) ;
#4840 = PLANE ( 'NONE',  #3612 ) ;
#4841 = EDGE_CURVE ( 'NONE', #1828, #2855, #2109, .T. ) ;
#4842 = PLANE ( 'NONE',  #1056 ) ;
#4843 = ADVANCED_FACE ( 'NONE', ( #589 ), #3878, .F. ) ;
#4844 = SURFACE_STYLE_USAGE ( .BOTH. , #1607 ) ;
#4845 = DIRECTION ( 'NONE',  ( -1.000000000000000000, 1.429172463005825200E-031, 2.306813132947890900E-016 ) ) ;
#4846 = DIRECTION ( 'NONE',  ( 0.0000000000000000000, 0.0000000000000000000, 1.000000000000000000 ) ) ;
#4847 = DIRECTION ( 'NONE',  ( 0.0000000000000000000, -1.000000000000000000, -2.323290369611800400E-016 ) ) ;
#4848 = CARTESIAN_POINT ( 'NONE',  ( -1.999999999999998200, 2.700000000000001500, 2.050000000000000300 ) ) ;
#4849 = ORIENTED_EDGE ( 'NONE', *, *, #3486, .T. ) ;
#4850 = EDGE_CURVE ( 'NONE', #3399, #1538, #4160, .T. ) ;
#4851 = EDGE_CURVE ( 'NONE', #975, #1384, #522, .T. ) ;
#4852 = ORIENTED_EDGE ( 'NONE', *, *, #6039, .T. ) ;
#4853 = DIRECTION ( 'NONE',  ( 0.0000000000000000000, 2.323290369611800400E-016, -1.000000000000000000 ) ) ;
#4854 = CARTESIAN_POINT ( 'NONE',  ( -2.650000000000003000, 1.449999999999999500, 2.050000000000002500 ) ) ;
#4855 = VERTEX_POINT ( 'NONE', #5295 ) ;
#4856 = AXIS2_PLACEMENT_3D ( 'NONE', #4609, #2738, #3272 ) ;
#4857 = DIRECTION ( 'NONE',  ( 0.0000000000000000000, -1.000000000000000000, -1.112002228190261100E-015 ) ) ;
#4858 = VECTOR ( 'NONE', #4857, 1000.000000000000000 ) ;
#4859 = DIRECTION ( 'NONE',  ( 2.891205793294679300E-016, -1.000000000000000000, 0.0000000000000000000 ) ) ;
#4860 = SURFACE_SIDE_STYLE ('',( #2139 ) ) ;
#4861 = FACE_OUTER_BOUND ( 'NONE', #2241, .T. ) ;
#4862 = CARTESIAN_POINT ( 'NONE',  ( -2.500000000000002200, 0.5249999999999999100, 2.250000000000002200 ) ) ;
#4863 = ORIENTED_EDGE ( 'NONE', *, *, #2832, .T. ) ;
#4864 = EDGE_CURVE ( 'NONE', #3026, #2456, #2252, .T. ) ;
#4865 = UNCERTAINTY_MEASURE_WITH_UNIT (LENGTH_MEASURE( 1.000000000000000100E-005 ), #551, 'distance_accuracy_value', 'NONE');
#4866 = VECTOR ( 'NONE', #2387, 1000.000000000000000 ) ;
#4867 = CARTESIAN_POINT ( 'NONE',  ( 0.6249999999999985600, 2.199999999999998800, -1.599999999999999900 ) ) ;
#4868 = AXIS2_PLACEMENT_3D ( 'NONE', #4625, #3696, #2736 ) ;
#4869 = LINE ( 'NONE', #1729, #4445 ) ;
#4870 = LINE ( 'NONE', #3281, #4302 ) ;
#4871 = CARTESIAN_POINT ( 'NONE',  ( 1.349999999999999600, 2.449999999999999700, -2.249999999999997800 ) ) ;
#4872 = CARTESIAN_POINT ( 'NONE',  ( 2.265000000000003200, -1.200000000000000000E-005, -0.8500000000000004200 ) ) ;
#4873 = ORIENTED_EDGE ( 'NONE', *, *, #5974, .T. ) ;
#4874 = FACE_OUTER_BOUND ( 'NONE', #4683, .T. ) ;
#4875 = PLANE ( 'NONE',  #5228 ) ;
#4876 = ORIENTED_EDGE ( 'NONE', *, *, #109, .T. ) ;
#4877 = LINE ( 'NONE', #2509, #2480 ) ;
#4878 = ORIENTED_EDGE ( 'NONE', *, *, #615, .F. ) ;
#4879 = DIRECTION ( 'NONE',  ( 1.000000000000000000, 0.0000000000000000000, -0.0000000000000000000 ) ) ;
#4880 = DIRECTION ( 'NONE',  ( -1.000000000000000000, -0.0000000000000000000, -0.0000000000000000000 ) ) ;
#4881 = EDGE_LOOP ( 'NONE', ( #1771, #909, #4481, #860 ) ) ;
#4882 = FACE_OUTER_BOUND ( 'NONE', #1057, .T. ) ;
#4883 = CARTESIAN_POINT ( 'NONE',  ( 1.624999999999998700, 2.199999999999998800, -2.550000000000001200 ) ) ;
#4884 = VECTOR ( 'NONE', #1108, 1000.000000000000000 ) ;
#4885 = EDGE_LOOP ( 'NONE', ( #4604, #1040, #3911, #5791 ) ) ;
#4886 = EDGE_CURVE ( 'NONE', #3794, #755, #5396, .T. ) ;
#4887 = VECTOR ( 'NONE', #5620, 1000.000000000000100 ) ;
#4888 = ORIENTED_EDGE ( 'NONE', *, *, #2645, .F. ) ;
#4889 = CARTESIAN_POINT ( 'NONE',  ( 1.624999999999998700, 0.2999999999999999900, -3.249999999999999600 ) ) ;
#4890 = ORIENTED_EDGE ( 'NONE', *, *, #5084, .F. ) ;
#4891 = VECTOR ( 'NONE', #4667, 1000.000000000000000 ) ;
#4892 = ORIENTED_EDGE ( 'NONE', *, *, #3371, .T. ) ;
#4893 = ORIENTED_EDGE ( 'NONE', *, *, #352, .T. ) ;
#4894 = PLANE ( 'NONE',  #1312 ) ;
#4895 = DIRECTION ( 'NONE',  ( -1.000000000000000000, -0.0000000000000000000, -0.0000000000000000000 ) ) ;
#4896 = ORIENTED_EDGE ( 'NONE', *, *, #497, .F. ) ;
#4897 = ORIENTED_EDGE ( 'NONE', *, *, #717, .T. ) ;
#4898 = LINE ( 'NONE', #1161, #2874 ) ;
#4899 = VECTOR ( 'NONE', #4555, 1000.000000000000000 ) ;
#4900 = EDGE_CURVE ( 'NONE', #4539, #2585, #145, .T. ) ;
#4901 = EDGE_LOOP ( 'NONE', ( #5347, #3502, #3767, #3824, #28 ) ) ;
#4902 = CARTESIAN_POINT ( 'NONE',  ( 2.300000000000002000, 0.2500000000000046600, -0.8500000000000000900 ) ) ;
#4903 = DIRECTION ( 'NONE',  ( 0.0000000000000000000, -1.000000000000000000, 0.0000000000000000000 ) ) ;
#4904 = ORIENTED_EDGE ( 'NONE', *, *, #2255, .F. ) ;
#4905 = AXIS2_PLACEMENT_3D ( 'NONE', #5237, #1427, #2371 ) ;
#4906 = LINE ( 'NONE', #333, #816 ) ;
#4907 = DIRECTION ( 'NONE',  ( -1.000000000000000000, -0.0000000000000000000, -0.0000000000000000000 ) ) ;
#4908 = ORIENTED_EDGE ( 'NONE', *, *, #5240, .T. ) ;
#4909 = ORIENTED_EDGE ( 'NONE', *, *, #3350, .F. ) ;
#4910 = CARTESIAN_POINT ( 'NONE',  ( -0.6250000000000014400, 0.3900000000000000100, -2.249999999999999100 ) ) ;
#4911 = ADVANCED_FACE ( 'NONE', ( #4093 ), #621, .F. ) ;
#4912 = CARTESIAN_POINT ( 'NONE',  ( -4.899999999999999500, 2.649999999999999900, 3.250000000000000900 ) ) ;
#4913 = AXIS2_PLACEMENT_3D ( 'NONE', #2080, #3506, #4964 ) ;
#4914 = AXIS2_PLACEMENT_3D ( 'NONE', #5637, #3716, #1837 ) ;
#4915 = VERTEX_POINT ( 'NONE', #2444 ) ;
#4916 = DIRECTION ( 'NONE',  ( -0.0000000000000000000, 0.0000000000000000000, 1.000000000000000000 ) ) ;
#4917 = VERTEX_POINT ( 'NONE', #1060 ) ;
#4918 = DIRECTION ( 'NONE',  ( 0.0000000000000000000, -6.195440985631449400E-016, -1.000000000000000000 ) ) ;
#4919 = DIRECTION ( 'NONE',  ( -1.000000000000000000, -0.0000000000000000000, -0.0000000000000000000 ) ) ;
#4920 = PLANE ( 'NONE',  #2015 ) ;
#4921 = CARTESIAN_POINT ( 'NONE',  ( 0.6499999999999978000, 0.3499999999999999800, -1.749999999999999800 ) ) ;
#4922 = DIRECTION ( 'NONE',  ( -0.0000000000000000000, 1.000000000000000000, -0.0000000000000000000 ) ) ;
#4923 = EDGE_CURVE ( 'NONE', #3383, #5195, #4943, .T. ) ;
#4924 = EDGE_CURVE ( 'NONE', #2183, #691, #3874, .T. ) ;
#4925 = DIRECTION ( 'NONE',  ( -1.000000000000000000, -0.0000000000000000000, -0.0000000000000000000 ) ) ;
#4926 = ORIENTED_EDGE ( 'NONE', *, *, #5473, .F. ) ;
#4927 = CARTESIAN_POINT ( 'NONE',  ( -1.625000000000001300, 0.0000000000000000000, -3.249999999999999600 ) ) ;
#4928 = SHAPE_DEFINITION_REPRESENTATION ( #5900, #366 ) ;
#4929 = CARTESIAN_POINT ( 'NONE',  ( -4.099999999999999600, 0.5000000000000000000, 2.050000000000002500 ) ) ;
#4930 = EDGE_CURVE ( 'NONE', #1609, #795, #233, .T. ) ;
#4931 = VECTOR ( 'NONE', #1753, 1000.000000000000000 ) ;
#4932 = CARTESIAN_POINT ( 'NONE',  ( -2.700000000000002400, 2.250000000000000000, -1.450000000000000800 ) ) ;
#4933 = VECTOR ( 'NONE', #1616, 1000.000000000000000 ) ;
#4934 = DIRECTION ( 'NONE',  ( 0.0000000000000000000, 0.0000000000000000000, 1.000000000000000000 ) ) ;
#4935 = PLANE ( 'NONE',  #5304 ) ;
#4936 = ORIENTED_EDGE ( 'NONE', *, *, #442, .F. ) ;
#4937 = FACE_OUTER_BOUND ( 'NONE', #454, .T. ) ;
#4938 = CARTESIAN_POINT ( 'NONE',  ( -4.700000000000000200, 2.349999999999997400, 3.250000000000002700 ) ) ;
#4939 = CARTESIAN_POINT ( 'NONE',  ( -0.8000000000000012700, 0.0000000000000000000, -2.250000000000000000 ) ) ;
#4940 = MANIFOLD_SOLID_BREP ( 'Combine1', #2606 ) ;
#4941 = VECTOR ( 'NONE', #1638, 1000.000000000000100 ) ;
#4942 = VERTEX_POINT ( 'NONE', #5743 ) ;
#4943 = LINE ( 'NONE', #4821, #2852 ) ;
#4944 = MECHANICAL_DESIGN_GEOMETRIC_PRESENTATION_REPRESENTATION (  '', ( #1175 ), #3926 ) ;
#4945 = CARTESIAN_POINT ( 'NONE',  ( -0.6250000000000014400, 0.0000000000000000000, -2.249999999999999600 ) ) ;
#4946 = CARTESIAN_POINT ( 'NONE',  ( 2.300000000000002000, 2.250000000000000000, -1.450000000000000800 ) ) ;
#4947 = LINE ( 'NONE', #2253, #5250 ) ;
#4948 = ORIENTED_EDGE ( 'NONE', *, *, #829, .T. ) ;
#4949 = VERTEX_POINT ( 'NONE', #1971 ) ;
#4950 = LINE ( 'NONE', #3727, #866 ) ;
#4951 = VERTEX_POINT ( 'NONE', #2459 ) ;
#4952 = VECTOR ( 'NONE', #4206, 1000.000000000000000 ) ;
#4953 = PLANE ( 'NONE',  #636 ) ;
#4954 = VECTOR ( 'NONE', #4195, 1000.000000000000000 ) ;
#4955 = VERTEX_POINT ( 'NONE', #727 ) ;
#4956 = LINE ( 'NONE', #4355, #2550 ) ;
#4957 = DIRECTION ( 'NONE',  ( -0.0000000000000000000, -0.7999999999999999300, 0.6000000000000002000 ) ) ;
#4958 = EDGE_CURVE ( 'NONE', #4485, #1256, #4299, .T. ) ;
#4959 = EDGE_LOOP ( 'NONE', ( #2364, #3166, #758, #5865, #4442, #3395, #3962, #3317, #5837, #1036, #3530, #3097, #4346 ) ) ;
#4960 = FACE_OUTER_BOUND ( 'NONE', #4109, .T. ) ;
#4961 = ORIENTED_EDGE ( 'NONE', *, *, #276, .F. ) ;
#4962 = VERTEX_POINT ( 'NONE', #1579 ) ;
#4963 = LINE ( 'NONE', #1159, #240 ) ;
#4964 = DIRECTION ( 'NONE',  ( 0.0000000000000000000, 0.0000000000000000000, -1.000000000000000000 ) ) ;
#4965 = VERTEX_POINT ( 'NONE', #1183 ) ;
#4966 = ORIENTED_EDGE ( 'NONE', *, *, #5084, .T. ) ;
#4967 = LINE ( 'NONE', #2023, #1754 ) ;
#4968 = DIRECTION ( 'NONE',  ( -1.000000000000000000, -0.0000000000000000000, 0.0000000000000000000 ) ) ;
#4969 = ADVANCED_FACE ( 'NONE', ( #5458 ), #1625, .T. ) ;
#4970 = VECTOR ( 'NONE', #840, 1000.000000000000000 ) ;
#4971 = ORIENTED_EDGE ( 'NONE', *, *, #1262, .F. ) ;
#4972 = ORIENTED_EDGE ( 'NONE', *, *, #3050, .F. ) ;
#4973 = EDGE_CURVE ( 'NONE', #3609, #3342, #516, .T. ) ;
#4974 = DIRECTION ( 'NONE',  ( -1.000000000000000000, -0.0000000000000000000, -0.0000000000000000000 ) ) ;
#4975 = ORIENTED_EDGE ( 'NONE', *, *, #837, .T. ) ;
#4976 = EDGE_CURVE ( 'NONE', #5758, #1192, #4653, .T. ) ;
#4977 = CARTESIAN_POINT ( 'NONE',  ( -3.350000000000000500, 0.6600000000000000300, 2.050000000000002500 ) ) ;
#4978 = EDGE_LOOP ( 'NONE', ( #1070, #2568, #547, #5036 ) ) ;
#4979 = DIRECTION ( 'NONE',  ( 0.0000000000000000000, 1.000000000000000000, 0.0000000000000000000 ) ) ;
#4980 = DIRECTION ( 'NONE',  ( -1.000000000000000000, -0.0000000000000000000, -0.0000000000000000000 ) ) ;
#4981 = VERTEX_POINT ( 'NONE', #277 ) ;
#4982 = CARTESIAN_POINT ( 'NONE',  ( -2.100000000000000500, 0.3499999999999999800, -2.250000000000000400 ) ) ;
#4983 = CARTESIAN_POINT ( 'NONE',  ( 1.624999999999998700, 2.199999999999998800, -1.599999999999999900 ) ) ;
#4984 = DIRECTION ( 'NONE',  ( 1.000000000000000000, -1.275531967630005200E-016, 0.0000000000000000000 ) ) ;
#4985 = AXIS2_PLACEMENT_3D ( 'NONE', #4139, #4563, #1337 ) ;
#4986 = ORIENTED_EDGE ( 'NONE', *, *, #651, .T. ) ;
#4987 = DIRECTION ( 'NONE',  ( 0.0000000000000000000, -1.000000000000000000, 0.0000000000000000000 ) ) ;
#4988 = VECTOR ( 'NONE', #2127, 1000.000000000000000 ) ;
#4989 = CARTESIAN_POINT ( 'NONE',  ( 0.6499999999999978000, 0.0000000000000000000, -1.599999999999999900 ) ) ;
#4990 = AXIS2_PLACEMENT_3D ( 'NONE', #2587, #4380, #5393 ) ;
#4991 = EDGE_CURVE ( 'NONE', #2218, #957, #3598, .T. ) ;
#4992 = AXIS2_PLACEMENT_3D ( 'NONE', #2451, #584, #4314 ) ;
#4993 = CARTESIAN_POINT ( 'NONE',  ( 2.300000000000002000, 2.449999999999999700, -0.8499999999999996400 ) ) ;
#4994 = EDGE_LOOP ( 'NONE', ( #2187, #2502, #2251, #1336 ) ) ;
#4995 = ADVANCED_FACE ( 'NONE', ( #1086 ), #2519, .F. ) ;
#4996 = ORIENTED_EDGE ( 'NONE', *, *, #382, .T. ) ;
#4997 = DIRECTION ( 'NONE',  ( 0.2873478855663468300, 0.0000000000000000000, 0.9578262852211508700 ) ) ;
#4998 = CARTESIAN_POINT ( 'NONE',  ( -2.300000000000002000, 0.2500000000000043900, 1.450000000000000800 ) ) ;
#4999 = DIRECTION ( 'NONE',  ( -1.000000000000000000, -0.0000000000000000000, -0.0000000000000000000 ) ) ;
#5000 = DIRECTION ( 'NONE',  ( -0.0000000000000000000, 6.195440985631449400E-016, 1.000000000000000000 ) ) ;
#5001 = EDGE_CURVE ( 'NONE', #4630, #3161, #5021, .T. ) ;
#5002 = EDGE_CURVE ( 'NONE', #1502, #566, #5175, .T. ) ;
#5003 = CARTESIAN_POINT ( 'NONE',  ( 1.374999999999998700, 0.3900000000000000100, -2.249999999999999100 ) ) ;
#5004 = VECTOR ( 'NONE', #5287, 1000.000000000000000 ) ;
#5005 = CARTESIAN_POINT ( 'NONE',  ( 2.650000000000001200, 0.6600000000000000300, 2.050000000000002500 ) ) ;
#5006 = CARTESIAN_POINT ( 'NONE',  ( -0.3750000000000014400, 1.129584054212076700, 1.677811959340942800 ) ) ;
#5007 = ORIENTED_EDGE ( 'NONE', *, *, #3734, .T. ) ;
#5008 = LINE ( 'NONE', #848, #2532 ) ;
#5009 = CARTESIAN_POINT ( 'NONE',  ( 1.199999999999998800, 2.449999999999998800, -2.250000000000000000 ) ) ;
#5010 = CARTESIAN_POINT ( 'NONE',  ( -4.899999999999999500, 2.700000000000000200, 3.250000000000002700 ) ) ;
#5011 = EDGE_CURVE ( 'NONE', #4736, #682, #4228, .T. ) ;
#5012 = DIRECTION ( 'NONE',  ( 0.0000000000000000000, -1.178480622266852200E-016, 1.000000000000000000 ) ) ;
#5013 = VECTOR ( 'NONE', #1417, 1000.000000000000000 ) ;
#5014 = VERTEX_POINT ( 'NONE', #4462 ) ;
#5015 = AXIS2_PLACEMENT_3D ( 'NONE', #2416, #2893, #1031 ) ;
#5016 = DIRECTION ( 'NONE',  ( 0.0000000000000000000, 0.0000000000000000000, 1.000000000000000000 ) ) ;
#5017 = LINE ( 'NONE', #1048, #3147 ) ;
#5018 = CARTESIAN_POINT ( 'NONE',  ( 2.300000000000002000, 2.250000000000000000, -2.250000000000000900 ) ) ;
#5019 = DIRECTION ( 'NONE',  ( 1.000000000000000000, -0.0000000000000000000, 0.0000000000000000000 ) ) ;
#5020 = ORIENTED_EDGE ( 'NONE', *, *, #5149, .T. ) ;
#5021 = LINE ( 'NONE', #1203, #3656 ) ;
#5022 = AXIS2_PLACEMENT_3D ( 'NONE', #5023, #4104, #2704 ) ;
#5023 = CARTESIAN_POINT ( 'NONE',  ( 3.350000000000000500, 0.6600000000000000300, 2.750000000000002700 ) ) ;
#5024 = UNCERTAINTY_MEASURE_WITH_UNIT (LENGTH_MEASURE( 1.000000000000000100E-005 ), #2285, 'distance_accuracy_value', 'NONE');
#5025 = VERTEX_POINT ( 'NONE', #3010 ) ;
#5026 = AXIS2_PLACEMENT_3D ( 'NONE', #1342, #1411, #4663 ) ;
#5027 = PLANE ( 'NONE',  #2809 ) ;
#5028 = VERTEX_POINT ( 'NONE', #4854 ) ;
#5029 = LINE ( 'NONE', #3366, #4450 ) ;
#5030 = PLANE ( 'NONE',  #1002 ) ;
#5031 = VERTEX_POINT ( 'NONE', #5362 ) ;
#5032 = CARTESIAN_POINT ( 'NONE',  ( -4.300000000000001600, 2.450000000000002400, 2.049999999999999800 ) ) ;
#5033 = ORIENTED_EDGE ( 'NONE', *, *, #989, .T. ) ;
#5034 =( GEOMETRIC_REPRESENTATION_CONTEXT ( 3 ) GLOBAL_UNCERTAINTY_ASSIGNED_CONTEXT ( ( #4865 ) ) GLOBAL_UNIT_ASSIGNED_CONTEXT ( ( #551, #1480, #1946 ) ) REPRESENTATION_CONTEXT ( 'NONE', 'WORKASPACE' ) );
#5035 = LINE ( 'NONE', #5456, #672 ) ;
#5036 = ORIENTED_EDGE ( 'NONE', *, *, #3328, .T. ) ;
#5037 = LINE ( 'NONE', #5768, #3754 ) ;
#5038 = DIRECTION ( 'NONE',  ( -0.0000000000000000000, -0.7071067811865483500, -0.7071067811865465700 ) ) ;
#5039 = DIRECTION ( 'NONE',  ( -1.000000000000000000, -0.0000000000000000000, -0.0000000000000000000 ) ) ;
#5040 = FACE_OUTER_BOUND ( 'NONE', #6006, .T. ) ;
#5041 = ADVANCED_FACE ( 'NONE', ( #3298 ), #700, .F. ) ;
#5042 = CARTESIAN_POINT ( 'NONE',  ( -1.350000000000002300, 0.3499999999999999800, -1.599999999999999900 ) ) ;
#5043 = VECTOR ( 'NONE', #3388, 1000.000000000000000 ) ;
#5044 = EDGE_LOOP ( 'NONE', ( #2851, #2059, #3025, #1967 ) ) ;
#5045 =( NAMED_UNIT ( * ) SI_UNIT ( $, .STERADIAN. ) SOLID_ANGLE_UNIT ( ) );
#5046 = FACE_OUTER_BOUND ( 'NONE', #1468, .T. ) ;
#5047 = VERTEX_POINT ( 'NONE', #4921 ) ;
#5048 = ORIENTED_EDGE ( 'NONE', *, *, #4436, .F. ) ;
#5049 = EDGE_LOOP ( 'NONE', ( #2268, #3775, #2362, #5020 ) ) ;
#5050 = DIRECTION ( 'NONE',  ( -1.000000000000000000, 0.0000000000000000000, -0.0000000000000000000 ) ) ;
#5051 = ORIENTED_EDGE ( 'NONE', *, *, #4819, .F. ) ;
#5052 = LINE ( 'NONE', #2321, #1189 ) ;
#5053 = EDGE_CURVE ( 'NONE', #1848, #4211, #1961, .T. ) ;
#5054 = VECTOR ( 'NONE', #4086, 1000.000000000000000 ) ;
#5055 = VERTEX_POINT ( 'NONE', #5812 ) ;
#5056 = ORIENTED_EDGE ( 'NONE', *, *, #4203, .T. ) ;
#5057 = LINE ( 'NONE', #218, #5860 ) ;
#5058 = DIRECTION ( 'NONE',  ( 0.0000000000000000000, 0.0000000000000000000, -1.000000000000000000 ) ) ;
#5059 = EDGE_CURVE ( 'NONE', #3619, #2765, #1012, .T. ) ;
#5060 = ORIENTED_EDGE ( 'NONE', *, *, #4850, .T. ) ;
#5061 = DIRECTION ( 'NONE',  ( 0.0000000000000000000, 0.0000000000000000000, -1.000000000000000000 ) ) ;
#5062 = ORIENTED_EDGE ( 'NONE', *, *, #3200, .T. ) ;
#5063 = EDGE_CURVE ( 'NONE', #1898, #5701, #3004, .T. ) ;
#5064 = ORIENTED_EDGE ( 'NONE', *, *, #4697, .F. ) ;
#5065 = CARTESIAN_POINT ( 'NONE',  ( -0.3750000000000014400, 2.199999999999998800, -1.599999999999999900 ) ) ;
#5066 = ADVANCED_FACE ( 'NONE', ( #2178 ), #3943, .F. ) ;
#5067 = CARTESIAN_POINT ( 'NONE',  ( 0.6249999999999985600, 0.9499999999999996200, 1.250000000000000900 ) ) ;
#5068 = FACE_OUTER_BOUND ( 'NONE', #1095, .T. ) ;
#5069 = CARTESIAN_POINT ( 'NONE',  ( 2.100000000000001000, -1.200000000000000000E-005, -2.250000000000000400 ) ) ;
#5070 = ORIENTED_EDGE ( 'NONE', *, *, #4619, .F. ) ;
#5071 = ORIENTED_EDGE ( 'NONE', *, *, #344, .F. ) ;
#5072 = AXIS2_PLACEMENT_3D ( 'NONE', #2091, #5361, #4853 ) ;
#5073 = PLANE ( 'NONE',  #5022 ) ;
#5074 = EDGE_LOOP ( 'NONE', ( #613, #2354, #5909, #3994, #4827 ) ) ;
#5075 = ADVANCED_FACE ( 'NONE', ( #3948 ), #3971, .F. ) ;
#5076 = CARTESIAN_POINT ( 'NONE',  ( -3.350000000000000500, 0.3600000000000000400, 2.750000000000002700 ) ) ;
#5077 = CARTESIAN_POINT ( 'NONE',  ( -0.6250000000000014400, 2.199999999999998800, -1.599999999999999900 ) ) ;
#5078 = DIRECTION ( 'NONE',  ( 0.0000000000000000000, -8.340016711426968800E-017, 1.000000000000000000 ) ) ;
#5079 = EDGE_CURVE ( 'NONE', #3676, #2745, #5759, .T. ) ;
#5080 = ORIENTED_EDGE ( 'NONE', *, *, #3709, .F. ) ;
#5081 = DIRECTION ( 'NONE',  ( 0.0000000000000000000, 0.0000000000000000000, -1.000000000000000000 ) ) ;
#5082 = DIRECTION ( 'NONE',  ( 1.000000000000000000, 0.0000000000000000000, 0.0000000000000000000 ) ) ;
#5083 = EDGE_LOOP ( 'NONE', ( #5706, #3554, #5708, #2715 ) ) ;
#5084 = EDGE_CURVE ( 'NONE', #3305, #4044, #2326, .T. ) ;
#5085 = DIRECTION ( 'NONE',  ( 1.000000000000000000, 0.0000000000000000000, -0.0000000000000000000 ) ) ;
#5086 = CARTESIAN_POINT ( 'NONE',  ( -4.300000000000001600, 2.700000000000000200, -2.250000000000000000 ) ) ;
#5087 = DIRECTION ( 'NONE',  ( -0.0000000000000000000, -0.0000000000000000000, -1.000000000000000000 ) ) ;
#5088 = FACE_OUTER_BOUND ( 'NONE', #3245, .T. ) ;
#5089 = CARTESIAN_POINT ( 'NONE',  ( -1.375000000000001300, 0.3900000000000000100, -2.249999999999999100 ) ) ;
#5090 = ADVANCED_FACE ( 'NONE', ( #4728 ), #4935, .T. ) ;
#5091 = EDGE_CURVE ( 'NONE', #1016, #4855, #583, .T. ) ;
#5092 = LINE ( 'NONE', #1221, #4933 ) ;
#5093 = DIRECTION ( 'NONE',  ( 0.0000000000000000000, 1.112002228190261100E-015, -1.000000000000000000 ) ) ;
#5094 = VERTEX_POINT ( 'NONE', #3630 ) ;
#5095 = VECTOR ( 'NONE', #5193, 1000.000000000000000 ) ;
#5096 = PLANE ( 'NONE',  #4294 ) ;
#5097 = ADVANCED_FACE ( 'NONE', ( #76 ), #1674, .F. ) ;
#5098 = VECTOR ( 'NONE', #1728, 1000.000000000000000 ) ;
#5099 = DIRECTION ( 'NONE',  ( 0.0000000000000000000, 2.323290369611800400E-016, -1.000000000000000000 ) ) ;
#5100 = AXIS2_PLACEMENT_3D ( 'NONE', #2854, #3746, #981 ) ;
#5101 = EDGE_LOOP ( 'NONE', ( #4876, #4811, #3563, #320 ) ) ;
#5102 = VECTOR ( 'NONE', #114, 1000.000000000000000 ) ;
#5103 = FILL_AREA_STYLE_COLOUR ( '', #82 ) ;
#5104 = PRESENTATION_STYLE_ASSIGNMENT (( #5506 ) ) ;
#5105 = CARTESIAN_POINT ( 'NONE',  ( 1.374999999999998700, 0.0000000000000000000, -3.249999999999999600 ) ) ;
#5106 = VERTEX_POINT ( 'NONE', #3643 ) ;
#5107 = LINE ( 'NONE', #2887, #1374 ) ;
#5108 = ORIENTED_EDGE ( 'NONE', *, *, #2363, .T. ) ;
#5109 = VECTOR ( 'NONE', #1396, 1000.000000000000000 ) ;
#5110 = AXIS2_PLACEMENT_3D ( 'NONE', #4512, #3181, #368 ) ;
#5111 = CARTESIAN_POINT ( 'NONE',  ( 0.6249999999999985600, 0.2999999999999998200, -2.550000000000001200 ) ) ;
#5112 = FACE_OUTER_BOUND ( 'NONE', #2301, .T. ) ;
#5113 = EDGE_LOOP ( 'NONE', ( #4600, #5060, #5982, #2527 ) ) ;
#5114 = VECTOR ( 'NONE', #3896, 1000.000000000000000 ) ;
#5115 = EDGE_LOOP ( 'NONE', ( #3618, #3241, #1868, #4005 ) ) ;
#5116 = ORIENTED_EDGE ( 'NONE', *, *, #2368, .T. ) ;
#5117 = PLANE ( 'NONE',  #2760 ) ;
#5118 = VECTOR ( 'NONE', #4845, 1000.000000000000000 ) ;
#5119 = EDGE_LOOP ( 'NONE', ( #4769, #84, #5062, #1679 ) ) ;
#5120 = ORIENTED_EDGE ( 'NONE', *, *, #1363, .T. ) ;
#5121 = LINE ( 'NONE', #3945, #2788 ) ;
#5122 = ORIENTED_EDGE ( 'NONE', *, *, #4645, .T. ) ;
#5123 = ORIENTED_EDGE ( 'NONE', *, *, #4500, .F. ) ;
#5124 = FILL_AREA_STYLE_COLOUR ( '', #2037 ) ;
#5125 = LINE ( 'NONE', #1098, #2571 ) ;
#5126 = ORIENTED_EDGE ( 'NONE', *, *, #4506, .T. ) ;
#5127 = CARTESIAN_POINT ( 'NONE',  ( -1.200000000000001500, 2.449999999999998800, -2.250000000000000000 ) ) ;
#5128 = LINE ( 'NONE', #3702, #2876 ) ;
#5129 = CARTESIAN_POINT ( 'NONE',  ( 1.624999999999998700, 0.9499999999999996200, 1.250000000000000900 ) ) ;
#5130 = ORIENTED_EDGE ( 'NONE', *, *, #3406, .F. ) ;
#5131 = DIRECTION ( 'NONE',  ( 0.0000000000000000000, 0.0000000000000000000, 1.000000000000000000 ) ) ;
#5132 = ORIENTED_EDGE ( 'NONE', *, *, #3155, .F. ) ;
#5133 = ORIENTED_EDGE ( 'NONE', *, *, #2674, .F. ) ;
#5134 = DIRECTION ( 'NONE',  ( 0.0000000000000000000, -1.000000000000000000, 0.0000000000000000000 ) ) ;
#5135 = DIRECTION ( 'NONE',  ( -0.0000000000000000000, -0.0000000000000000000, 1.000000000000000000 ) ) ;
#5136 = ORIENTED_EDGE ( 'NONE', *, *, #5870, .T. ) ;
#5137 = CARTESIAN_POINT ( 'NONE',  ( 3.350000000000000500, 0.6600000000000000300, 2.050000000000002500 ) ) ;
#5138 = CARTESIAN_POINT ( 'NONE',  ( 2.700000000000002400, 0.2500000000000046600, -0.8500000000000000900 ) ) ;
#5139 = EDGE_CURVE ( 'NONE', #3100, #2660, #939, .T. ) ;
#5140 = EDGE_CURVE ( 'NONE', #685, #1037, #3521, .T. ) ;
#5141 = EDGE_LOOP ( 'NONE', ( #3375, #607, #37, #2723 ) ) ;
#5142 = ADVANCED_FACE ( 'NONE', ( #2846 ), #3149, .F. ) ;
#5143 = EDGE_LOOP ( 'NONE', ( #1085, #1357, #4050, #107 ) ) ;
#5144 = DIRECTION ( 'NONE',  ( 0.0000000000000000000, 1.000000000000000000, 1.112002228190261100E-015 ) ) ;
#5145 = CARTESIAN_POINT ( 'NONE',  ( -4.299999999999999800, 0.2500000000000002800, 2.050000000000002000 ) ) ;
#5146 = CARTESIAN_POINT ( 'NONE',  ( -3.350000000000000500, 0.3600000000000000400, 2.050000000000002500 ) ) ;
#5147 = ORIENTED_EDGE ( 'NONE', *, *, #3752, .F. ) ;
#5148 = ORIENTED_EDGE ( 'NONE', *, *, #1371, .T. ) ;
#5149 = EDGE_CURVE ( 'NONE', #63, #5481, #2031, .T. ) ;
#5150 = CARTESIAN_POINT ( 'NONE',  ( -1.649999999999999900, 2.450000000000000200, -1.599999999999999900 ) ) ;
#5151 = CYLINDRICAL_SURFACE ( 'NONE', #2976, 0.1499999999999999700 ) ;
#5152 = AXIS2_PLACEMENT_3D ( 'NONE', #2307, #5087, #441 ) ;
#5153 =( NAMED_UNIT ( * ) PLANE_ANGLE_UNIT ( ) SI_UNIT ( $, .RADIAN. ) );
#5154 = UNCERTAINTY_MEASURE_WITH_UNIT (LENGTH_MEASURE( 1.000000000000000100E-005 ), #903, 'distance_accuracy_value', 'NONE');
#5155 = CARTESIAN_POINT ( 'NONE',  ( -3.400000000000000400, 2.549999999999997200, 2.049999999999999400 ) ) ;
#5156 = DIRECTION ( 'NONE',  ( -0.0000000000000000000, -1.000000000000000000, -0.0000000000000000000 ) ) ;
#5157 = MECHANICAL_DESIGN_GEOMETRIC_PRESENTATION_REPRESENTATION (  '', ( #3262 ), #4514 ) ;
#5158 = CARTESIAN_POINT ( 'NONE',  ( 2.700000000000002400, 0.0000000000000000000, 1.100000000000000800 ) ) ;
#5159 = AXIS2_PLACEMENT_3D ( 'NONE', #4350, #4778, #1501 ) ;
#5160 = ADVANCED_FACE ( 'NONE', ( #2396 ), #765, .F. ) ;
#5161 = EDGE_LOOP ( 'NONE', ( #3034, #1540, #391, #3893 ) ) ;
#5162 = DIRECTION ( 'NONE',  ( -0.0000000000000000000, -0.0000000000000000000, 1.000000000000000000 ) ) ;
#5163 = VECTOR ( 'NONE', #1709, 1000.000000000000000 ) ;
#5164 = CARTESIAN_POINT ( 'NONE',  ( 1.374999999999998700, 0.2999999999999999900, -3.249999999999999600 ) ) ;
#5165 = PLANE ( 'NONE',  #4214 ) ;
#5166 = ADVANCED_FACE ( 'NONE', ( #5608 ), #2680, .F. ) ;
#5167 = CARTESIAN_POINT ( 'NONE',  ( 2.500000000000002200, 0.2500000000000002800, 2.050000000000002500 ) ) ;
#5168 = EDGE_CURVE ( 'NONE', #2584, #2938, #4869, .T. ) ;
#5169 = VECTOR ( 'NONE', #3068, 1000.000000000000100 ) ;
#5170 = VECTOR ( 'NONE', #2325, 1000.000000000000000 ) ;
#5171 = LINE ( 'NONE', #3642, #1083 ) ;
#5172 = EDGE_CURVE ( 'NONE', #2476, #744, #1732, .T. ) ;
#5173 = CARTESIAN_POINT ( 'NONE',  ( 0.6249999999999985600, 0.2999999999999999900, -3.249999999999999600 ) ) ;
#5174 = ORIENTED_EDGE ( 'NONE', *, *, #5395, .F. ) ;
#5175 = LINE ( 'NONE', #4871, #5315 ) ;
#5176 = CARTESIAN_POINT ( 'NONE',  ( -1.375000000000001300, 0.3900000000000000100, -2.249999999999999100 ) ) ;
#5177 = EDGE_CURVE ( 'NONE', #4526, #684, #1160, .T. ) ;
#5178 = VECTOR ( 'NONE', #2107, 1000.000000000000000 ) ;
#5179 = CARTESIAN_POINT ( 'NONE',  ( -2.265000000000003200, -1.200000000000000000E-005, -1.550000000000000300 ) ) ;
#5180 = ORIENTED_EDGE ( 'NONE', *, *, #5063, .T. ) ;
#5181 = LINE ( 'NONE', #1940, #5838 ) ;
#5182 = CARTESIAN_POINT ( 'NONE',  ( 0.6249999999999985600, 1.241695452014624800, 1.578157383516454000 ) ) ;
#5183 = CARTESIAN_POINT ( 'NONE',  ( -4.899999999999999500, 2.450000000000000200, -1.599999999999999900 ) ) ;
#5184 = ORIENTED_EDGE ( 'NONE', *, *, #5943, .T. ) ;
#5185 = ORIENTED_EDGE ( 'NONE', *, *, #3057, .F. ) ;
#5186 = PLANE ( 'NONE',  #1705 ) ;
#5187 = CARTESIAN_POINT ( 'NONE',  ( 4.899999999999999500, 2.700000000000000200, 3.250000000000002700 ) ) ;
#5188 = LINE ( 'NONE', #3162, #4381 ) ;
#5189 = ORIENTED_EDGE ( 'NONE', *, *, #4655, .F. ) ;
#5190 = VECTOR ( 'NONE', #5453, 1000.000000000000000 ) ;
#5191 = LINE ( 'NONE', #2042, #157 ) ;
#5192 = VERTEX_POINT ( 'NONE', #2698 ) ;
#5193 = DIRECTION ( 'NONE',  ( -0.0000000000000000000, -0.0000000000000000000, 1.000000000000000000 ) ) ;
#5194 = FACE_OUTER_BOUND ( 'NONE', #5329, .T. ) ;
#5195 = VERTEX_POINT ( 'NONE', #2165 ) ;
#5196 = VERTEX_POINT ( 'NONE', #5955 ) ;
#5197 = FACE_OUTER_BOUND ( 'NONE', #2344, .T. ) ;
#5198 = EDGE_CURVE ( 'NONE', #5442, #4605, #5310, .T. ) ;
#5199 = VERTEX_POINT ( 'NONE', #3197 ) ;
#5200 = ADVANCED_FACE ( 'NONE', ( #781 ), #1780, .F. ) ;
#5201 = ORIENTED_EDGE ( 'NONE', *, *, #1371, .F. ) ;
#5202 = AXIS2_PLACEMENT_3D ( 'NONE', #991, #2811, #1904 ) ;
#5203 = VERTEX_POINT ( 'NONE', #4616 ) ;
#5204 = ORIENTED_EDGE ( 'NONE', *, *, #3173, .T. ) ;
#5205 = VECTOR ( 'NONE', #2063, 1000.000000000000000 ) ;
#5206 = LINE ( 'NONE', #1645, #3409 ) ;
#5207 = ORIENTED_EDGE ( 'NONE', *, *, #1721, .T. ) ;
#5208 = DIRECTION ( 'NONE',  ( -0.0000000000000000000, 1.000000000000000000, -0.0000000000000000000 ) ) ;
#5209 = VERTEX_POINT ( 'NONE', #3685 ) ;
#5210 = DIRECTION ( 'NONE',  ( 0.0000000000000000000, -1.000000000000000000, -0.0000000000000000000 ) ) ;
#5211 = DIRECTION ( 'NONE',  ( -0.0000000000000000000, -0.0000000000000000000, 1.000000000000000000 ) ) ;
#5212 = CARTESIAN_POINT ( 'NONE',  ( 1.624999999999998700, 0.0000000000000000000, 0.0000000000000000000 ) ) ;
#5213 = VERTEX_POINT ( 'NONE', #440 ) ;
#5214 = VERTEX_POINT ( 'NONE', #5105 ) ;
#5215 = DIRECTION ( 'NONE',  ( -1.000000000000000000, -0.0000000000000000000, -0.0000000000000000000 ) ) ;
#5216 = EDGE_CURVE ( 'NONE', #5775, #5203, #4080, .T. ) ;
#5217 = FACE_OUTER_BOUND ( 'NONE', #4901, .T. ) ;
#5218 = DIRECTION ( 'NONE',  ( -0.0000000000000000000, -0.7999999999999999300, 0.6000000000000002000 ) ) ;
#5219 = EDGE_CURVE ( 'NONE', #5209, #4605, #1223, .T. ) ;
#5220 = MANIFOLD_SOLID_BREP ( 'LPattern1[3]', #2284 ) ;
#5221 = CARTESIAN_POINT ( 'NONE',  ( 1.624999999999998700, 0.0000000000000000000, -2.249999999999999600 ) ) ;
#5222 = AXIS2_PLACEMENT_3D ( 'NONE', #2961, #4859, #4830 ) ;
#5223 = CARTESIAN_POINT ( 'NONE',  ( 1.999999999999998200, 2.700000000000001500, -1.549999999999997200 ) ) ;
#5224 = DIRECTION ( 'NONE',  ( -0.9578262852211509900, 0.0000000000000000000, 0.2873478855663468800 ) ) ;
#5225 = ADVANCED_FACE ( 'NONE', ( #5753 ), #4178, .F. ) ;
#5226 = DIRECTION ( 'NONE',  ( 0.0000000000000000000, 0.0000000000000000000, -1.000000000000000000 ) ) ;
#5227 = EDGE_LOOP ( 'NONE', ( #5691, #802, #1997, #5371 ) ) ;
#5228 = AXIS2_PLACEMENT_3D ( 'NONE', #4015, #4443, #2092 ) ;
#5229 = PRODUCT_DEFINITION_CONTEXT ( 'detailed design', #990, 'design' ) ;
#5230 = CARTESIAN_POINT ( 'NONE',  ( 1.624999999999998700, 0.3899999999999999600, -1.599999999999999900 ) ) ;
#5231 = CARTESIAN_POINT ( 'NONE',  ( 1.374999999999998700, 0.0000000000000000000, 0.0000000000000000000 ) ) ;
#5232 = ORIENTED_EDGE ( 'NONE', *, *, #133, .T. ) ;
#5233 = CARTESIAN_POINT ( 'NONE',  ( 2.735000000000001200, 0.2500000000000001700, -1.750000000000000400 ) ) ;
#5234 = PRESENTATION_STYLE_ASSIGNMENT (( #1987 ) ) ;
#5235 = FACE_OUTER_BOUND ( 'NONE', #791, .T. ) ;
#5236 = LINE ( 'NONE', #2892, #5824 ) ;
#5237 = CARTESIAN_POINT ( 'NONE',  ( 1.650000000000002100, 0.6499999999999998000, 2.250000000000002200 ) ) ;
#5238 = LINE ( 'NONE', #195, #3141 ) ;
#5239 = CARTESIAN_POINT ( 'NONE',  ( 0.6249999999999985600, 0.3900000000000000100, -2.249999999999999100 ) ) ;
#5240 = EDGE_CURVE ( 'NONE', #2456, #5775, #4153, .T. ) ;
#5241 = EDGE_CURVE ( 'NONE', #2745, #1482, #652, .T. ) ;
#5242 = DIRECTION ( 'NONE',  ( -0.0000000000000000000, 0.0000000000000000000, -1.000000000000000000 ) ) ;
#5243 = CARTESIAN_POINT ( 'NONE',  ( -1.650000000000000400, 2.449999999999998800, -1.749999999999999800 ) ) ;
#5244 = CYLINDRICAL_SURFACE ( 'NONE', #4444, 0.1499999999999999700 ) ;
#5245 = DIRECTION ( 'NONE',  ( -1.000000000000000000, -0.0000000000000000000, -0.0000000000000000000 ) ) ;
#5246 = EDGE_LOOP ( 'NONE', ( #2216, #2544, #3314, #1506 ) ) ;
#5247 = VECTOR ( 'NONE', #3334, 1000.000000000000100 ) ;
#5248 = ADVANCED_FACE ( 'NONE', ( #5961 ), #420, .F. ) ;
#5249 = EDGE_CURVE ( 'NONE', #793, #5796, #931, .T. ) ;
#5250 = VECTOR ( 'NONE', #6008, 1000.000000000000000 ) ;
#5251 = ORIENTED_EDGE ( 'NONE', *, *, #3520, .T. ) ;
#5252 = ORIENTED_EDGE ( 'NONE', *, *, #1571, .T. ) ;
#5253 = DIRECTION ( 'NONE',  ( 0.0000000000000000000, 1.000000000000000000, 0.0000000000000000000 ) ) ;
#5254 = VECTOR ( 'NONE', #3220, 1000.000000000000000 ) ;
#5255 = EDGE_CURVE ( 'NONE', #1416, #5279, #2996, .T. ) ;
#5256 = ORIENTED_EDGE ( 'NONE', *, *, #4087, .T. ) ;
#5257 = LINE ( 'NONE', #1490, #5765 ) ;
#5258 = LINE ( 'NONE', #60, #1237 ) ;
#5259 = DIRECTION ( 'NONE',  ( -1.000000000000000000, 0.0000000000000000000, 0.0000000000000000000 ) ) ;
#5260 = COLOUR_RGB ( '',0.7921568627450980000, 0.8196078431372548800, 0.9333333333333333500 ) ;
#5261 = VERTEX_POINT ( 'NONE', #3719 ) ;
#5262 = LINE ( 'NONE', #2612, #530 ) ;
#5263 = ORIENTED_EDGE ( 'NONE', *, *, #5588, .T. ) ;
#5264 = EDGE_LOOP ( 'NONE', ( #3929, #1188, #3645, #5541 ) ) ;
#5265 = VECTOR ( 'NONE', #5729, 1000.000000000000000 ) ;
#5266 = CARTESIAN_POINT ( 'NONE',  ( 2.735000000000001200, 0.3499999999999999800, -2.250000000000000000 ) ) ;
#5267 = VERTEX_POINT ( 'NONE', #2276 ) ;
#5268 = ORIENTED_EDGE ( 'NONE', *, *, #546, .T. ) ;
#5269 = AXIS2_PLACEMENT_3D ( 'NONE', #464, #1900, #5635 ) ;
#5270 = VECTOR ( 'NONE', #3575, 1000.000000000000000 ) ;
#5271 = CARTESIAN_POINT ( 'NONE',  ( 3.400000000000000400, 2.649999999999999900, -2.250000000000000000 ) ) ;
#5272 = VECTOR ( 'NONE', #5861, 1000.000000000000000 ) ;
#5273 = ORIENTED_EDGE ( 'NONE', *, *, #4850, .F. ) ;
#5274 = CARTESIAN_POINT ( 'NONE',  ( -2.300000000000002000, 0.0000000000000000000, 1.100000000000000800 ) ) ;
#5275 = CARTESIAN_POINT ( 'NONE',  ( -2.650000000000001200, 0.9499999999999995100, 2.250000000000002200 ) ) ;
#5276 = ORIENTED_EDGE ( 'NONE', *, *, #2356, .F. ) ;
#5277 = ORIENTED_EDGE ( 'NONE', *, *, #3493, .T. ) ;
#5278 = LINE ( 'NONE', #2293, #3835 ) ;
#5279 = VERTEX_POINT ( 'NONE', #841 ) ;
#5280 = CARTESIAN_POINT ( 'NONE',  ( -1.375000000000001300, 2.199999999999998800, -2.550000000000001200 ) ) ;
#5281 = ORIENTED_EDGE ( 'NONE', *, *, #3983, .F. ) ;
#5282 = ORIENTED_EDGE ( 'NONE', *, *, #5241, .T. ) ;
#5283 = EDGE_CURVE ( 'NONE', #3253, #5575, #3144, .T. ) ;
#5284 = ORIENTED_EDGE ( 'NONE', *, *, #3363, .T. ) ;
#5285 = CARTESIAN_POINT ( 'NONE',  ( 1.349999999999999600, 0.3499999999999999800, -1.599999999999999900 ) ) ;
#5286 = ADVANCED_FACE ( 'NONE', ( #2683 ), #852, .F. ) ;
#5287 = DIRECTION ( 'NONE',  ( -1.000000000000000000, 0.0000000000000000000, 0.0000000000000000000 ) ) ;
#5288 = FILL_AREA_STYLE ('',( #5751 ) ) ;
#5289 = LINE ( 'NONE', #4114, #3049 ) ;
#5290 = PLANE ( 'NONE',  #3219 ) ;
#5291 = PLANE ( 'NONE',  #4565 ) ;
#5292 = CARTESIAN_POINT ( 'NONE',  ( 2.735000000000001200, 2.449999999999999700, -0.8500000000000004200 ) ) ;
#5293 = EDGE_CURVE ( 'NONE', #3083, #2456, #2761, .T. ) ;
#5294 = EDGE_CURVE ( 'NONE', #5632, #431, #1725, .T. ) ;
#5295 = CARTESIAN_POINT ( 'NONE',  ( -0.3500000000000022000, 2.449999999999999300, -1.749999999999999800 ) ) ;
#5296 = PLANE ( 'NONE',  #964 ) ;
#5297 = CARTESIAN_POINT ( 'NONE',  ( 2.500000000000002200, 0.6600000000000000300, 2.050000000000002500 ) ) ;
#5298 = VERTEX_POINT ( 'NONE', #1330 ) ;
#5299 = MECHANICAL_DESIGN_GEOMETRIC_PRESENTATION_REPRESENTATION (  '', ( #1730 ), #2061 ) ;
#5300 = CARTESIAN_POINT ( 'NONE',  ( -1.350000000000002300, 0.3499999999999999800, -1.749999999999999800 ) ) ;
#5301 = ORIENTED_EDGE ( 'NONE', *, *, #4550, .F. ) ;
#5302 =( NAMED_UNIT ( * ) PLANE_ANGLE_UNIT ( ) SI_UNIT ( $, .RADIAN. ) );
#5303 = LINE ( 'NONE', #1792, #209 ) ;
#5304 = AXIS2_PLACEMENT_3D ( 'NONE', #3606, #5499, #1711 ) ;
#5305 = EDGE_CURVE ( 'NONE', #236, #1744, #2024, .T. ) ;
#5306 = PLANE ( 'NONE',  #4372 ) ;
#5307 = AXIS2_PLACEMENT_3D ( 'NONE', #7, #930, #1805 ) ;
#5308 = ADVANCED_FACE ( 'NONE', ( #509 ), #554, .F. ) ;
#5309 = CYLINDRICAL_SURFACE ( 'NONE', #5427, 0.1999999999999996500 ) ;
#5310 = LINE ( 'NONE', #317, #5890 ) ;
#5311 = DIRECTION ( 'NONE',  ( 1.000000000000000000, 0.0000000000000000000, 0.0000000000000000000 ) ) ;
#5312 = VECTOR ( 'NONE', #341, 1000.000000000000000 ) ;
#5313 = DIRECTION ( 'NONE',  ( -0.0000000000000000000, -0.0000000000000000000, -1.000000000000000000 ) ) ;
#5314 = ORIENTED_EDGE ( 'NONE', *, *, #811, .T. ) ;
#5315 = VECTOR ( 'NONE', #5825, 1000.000000000000000 ) ;
#5316 = CARTESIAN_POINT ( 'NONE',  ( -3.350000000000000500, 0.6600000000000000300, 2.050000000000002500 ) ) ;
#5317 = DIRECTION ( 'NONE',  ( 0.0000000000000000000, 1.000000000000000000, 0.0000000000000000000 ) ) ;
#5318 = VECTOR ( 'NONE', #726, 1000.000000000000000 ) ;
#5319 = EDGE_CURVE ( 'NONE', #1251, #5025, #1081, .T. ) ;
#5320 = ORIENTED_EDGE ( 'NONE', *, *, #1314, .F. ) ;
#5321 = EDGE_CURVE ( 'NONE', #167, #812, #1522, .T. ) ;
#5322 = PLANE ( 'NONE',  #4567 ) ;
#5323 = VECTOR ( 'NONE', #143, 1000.000000000000000 ) ;
#5324 = VERTEX_POINT ( 'NONE', #1005 ) ;
#5325 = VECTOR ( 'NONE', #3352, 1000.000000000000000 ) ;
#5326 = CARTESIAN_POINT ( 'NONE',  ( -2.735000000000001200, 0.2500000000000000000, -0.8499999999999997600 ) ) ;
#5327 = CARTESIAN_POINT ( 'NONE',  ( 3.350000000000000500, 0.3600000000000000400, 2.050000000000002500 ) ) ;
#5328 = ORIENTED_EDGE ( 'NONE', *, *, #5198, .F. ) ;
#5329 = EDGE_LOOP ( 'NONE', ( #468, #1112, #2515, #4116 ) ) ;
#5330 = LINE ( 'NONE', #2543, #4099 ) ;
#5331 = VERTEX_POINT ( 'NONE', #5645 ) ;
#5332 = EDGE_LOOP ( 'NONE', ( #4478, #5552, #390, #2053, #3323, #355 ) ) ;
#5333 = VECTOR ( 'NONE', #3136, 1000.000000000000000 ) ;
#5334 = LINE ( 'NONE', #2953, #4535 ) ;
#5335 = ORIENTED_EDGE ( 'NONE', *, *, #3484, .F. ) ;
#5336 = EDGE_CURVE ( 'NONE', #1676, #1992, #2616, .T. ) ;
#5337 = EDGE_LOOP ( 'NONE', ( #5424, #1173, #2839, #4107 ) ) ;
#5338 = VECTOR ( 'NONE', #374, 1000.000000000000000 ) ;
#5339 = CARTESIAN_POINT ( 'NONE',  ( 4.300000000000001600, 2.700000000000000200, 2.049999999999999800 ) ) ;
#5340 = AXIS2_PLACEMENT_3D ( 'NONE', #2985, #3439, #1535 ) ;
#5341 = ORIENTED_EDGE ( 'NONE', *, *, #1190, .T. ) ;
#5342 = FACE_OUTER_BOUND ( 'NONE', #4234, .T. ) ;
#5343 = ORIENTED_EDGE ( 'NONE', *, *, #5177, .F. ) ;
#5344 = DIRECTION ( 'NONE',  ( -1.000000000000000000, 0.0000000000000000000, 0.0000000000000000000 ) ) ;
#5345 = ORIENTED_EDGE ( 'NONE', *, *, #1581, .T. ) ;
#5346 = ORIENTED_EDGE ( 'NONE', *, *, #3637, .T. ) ;
#5347 = ORIENTED_EDGE ( 'NONE', *, *, #193, .T. ) ;
#5348 = LINE ( 'NONE', #2607, #5270 ) ;
#5349 = CARTESIAN_POINT ( 'NONE',  ( -1.999999999999998200, 2.700000000000001500, -2.250000000000000000 ) ) ;
#5350 = PLANE ( 'NONE',  #5535 ) ;
#5351 = CARTESIAN_POINT ( 'NONE',  ( -2.300000000000002000, 0.0000000000000000000, -2.400000000000000800 ) ) ;
#5352 = LINE ( 'NONE', #3546, #5272 ) ;
#5353 = EDGE_LOOP ( 'NONE', ( #3844, #5256, #1772, #4110 ) ) ;
#5354 = AXIS2_PLACEMENT_3D ( 'NONE', #5659, #74, #3357 ) ;
#5355 = CARTESIAN_POINT ( 'NONE',  ( 2.649999999999999500, 0.9499999999999995100, 2.250000000000002200 ) ) ;
#5356 = ORIENTED_EDGE ( 'NONE', *, *, #535, .F. ) ;
#5357 = DIRECTION ( 'NONE',  ( -0.0000000000000000000, 1.000000000000000000, 8.340016711426968800E-017 ) ) ;
#5358 = EDGE_LOOP ( 'NONE', ( #3289, #406, #815, #2343 ) ) ;
#5359 = ORIENTED_EDGE ( 'NONE', *, *, #710, .T. ) ;
#5360 = VECTOR ( 'NONE', #6029, 1000.000000000000000 ) ;
#5361 = DIRECTION ( 'NONE',  ( 0.0000000000000000000, -1.000000000000000000, -2.323290369611800400E-016 ) ) ;
#5362 = CARTESIAN_POINT ( 'NONE',  ( 2.265000000000003200, 0.2499999999999999400, -0.8500000000000004200 ) ) ;
#5363 = CARTESIAN_POINT ( 'NONE',  ( 0.6249999999999985600, 2.199999999999998800, -2.550000000000001200 ) ) ;
#5364 = EDGE_LOOP ( 'NONE', ( #2181, #2872, #3466, #2630 ) ) ;
#5365 = PLANE ( 'NONE',  #3688 ) ;
#5366 = EDGE_CURVE ( 'NONE', #2782, #691, #3443, .T. ) ;
#5367 = CARTESIAN_POINT ( 'NONE',  ( 2.500000000000002200, 0.5249999999999999100, 2.250000000000002200 ) ) ;
#5368 = CARTESIAN_POINT ( 'NONE',  ( -2.735000000000001700, 2.449999999999999700, -2.249999999999997800 ) ) ;
#5369 = FILL_AREA_STYLE ('',( #693 ) ) ;
#5370 = EDGE_CURVE ( 'NONE', #22, #3083, #220, .T. ) ;
#5371 = ORIENTED_EDGE ( 'NONE', *, *, #923, .T. ) ;
#5372 = EDGE_CURVE ( 'NONE', #1024, #1828, #298, .T. ) ;
#5373 = ADVANCED_FACE ( 'NONE', ( #69 ), #3768, .F. ) ;
#5374 = ORIENTED_EDGE ( 'NONE', *, *, #4130, .T. ) ;
#5375 = CARTESIAN_POINT ( 'NONE',  ( 2.300000000000002000, 0.2500000000000043900, 1.450000000000000800 ) ) ;
#5376 = CARTESIAN_POINT ( 'NONE',  ( -0.3500000000000022000, 0.0000000000000000000, -1.749999999999999800 ) ) ;
#5377 = ORIENTED_EDGE ( 'NONE', *, *, #5524, .F. ) ;
#5378 = AXIS2_PLACEMENT_3D ( 'NONE', #2776, #2372, #4705 ) ;
#5379 = CARTESIAN_POINT ( 'NONE',  ( -2.650000000000003000, 0.6600000000000000300, 2.050000000000002500 ) ) ;
#5380 = DIRECTION ( 'NONE',  ( -1.000000000000000000, 0.0000000000000000000, 0.0000000000000000000 ) ) ;
#5381 = DIRECTION ( 'NONE',  ( 1.000000000000000000, -0.0000000000000000000, -0.0000000000000000000 ) ) ;
#5382 = CARTESIAN_POINT ( 'NONE',  ( -2.700000000000002400, 0.2999999999999999900, -2.250000000000001300 ) ) ;
#5383 = LINE ( 'NONE', #4453, #1517 ) ;
#5384 = CARTESIAN_POINT ( 'NONE',  ( -1.625000000000001300, 0.2999999999999998200, -2.550000000000001200 ) ) ;
#5385 = AXIS2_PLACEMENT_3D ( 'NONE', #3599, #2261, #4584 ) ;
#5386 = EDGE_CURVE ( 'NONE', #3641, #3884, #3801, .T. ) ;
#5387 = VECTOR ( 'NONE', #3287, 1000.000000000000100 ) ;
#5388 =( NAMED_UNIT ( * ) SI_UNIT ( $, .STERADIAN. ) SOLID_ANGLE_UNIT ( ) );
#5389 = CARTESIAN_POINT ( 'NONE',  ( 0.6249999999999985600, 0.3900000000000000100, -2.249999999999999100 ) ) ;
#5390 = VECTOR ( 'NONE', #397, 1000.000000000000000 ) ;
#5391 = VECTOR ( 'NONE', #1072, 1000.000000000000000 ) ;
#5392 = DIRECTION ( 'NONE',  ( -0.2873478855663468300, 0.0000000000000000000, -0.9578262852211508700 ) ) ;
#5393 = DIRECTION ( 'NONE',  ( 1.000000000000000000, 0.0000000000000000000, 0.0000000000000000000 ) ) ;
#5394 = ORIENTED_EDGE ( 'NONE', *, *, #4245, .T. ) ;
#5395 = EDGE_CURVE ( 'NONE', #5195, #5031, #4718, .T. ) ;
#5396 = LINE ( 'NONE', #2918, #3956 ) ;
#5397 = DIRECTION ( 'NONE',  ( -0.0000000000000000000, -0.0000000000000000000, 1.000000000000000000 ) ) ;
#5398 = VECTOR ( 'NONE', #477, 1000.000000000000000 ) ;
#5399 = ORIENTED_EDGE ( 'NONE', *, *, #1796, .F. ) ;
#5400 = DIRECTION ( 'NONE',  ( 0.0000000000000000000, -1.000000000000000000, -1.971276677246376000E-016 ) ) ;
#5401 = VERTEX_POINT ( 'NONE', #59 ) ;
#5402 = ADVANCED_FACE ( 'NONE', ( #4861 ), #992, .T. ) ;
#5403 = VECTOR ( 'NONE', #2752, 1000.000000000000000 ) ;
#5404 = DIRECTION ( 'NONE',  ( 1.000000000000000000, -0.0000000000000000000, -0.0000000000000000000 ) ) ;
#5405 = VECTOR ( 'NONE', #5788, 1000.000000000000000 ) ;
#5406 = EDGE_CURVE ( 'NONE', #4691, #1305, #3728, .T. ) ;
#5407 = VECTOR ( 'NONE', #5404, 1000.000000000000000 ) ;
#5408 = ORIENTED_EDGE ( 'NONE', *, *, #228, .F. ) ;
#5409 = DIRECTION ( 'NONE',  ( 0.0000000000000000000, -2.323290369611800400E-016, 1.000000000000000000 ) ) ;
#5410 = LINE ( 'NONE', #4862, #5906 ) ;
#5411 = ORIENTED_EDGE ( 'NONE', *, *, #2817, .F. ) ;
#5412 = ORIENTED_EDGE ( 'NONE', *, *, #4281, .F. ) ;
#5413 = CARTESIAN_POINT ( 'NONE',  ( -0.3750000000000014400, 0.3899999999999999600, -1.599999999999999900 ) ) ;
#5414 = ORIENTED_EDGE ( 'NONE', *, *, #563, .F. ) ;
#5415 = LINE ( 'NONE', #2081, #5710 ) ;
#5416 = FACE_OUTER_BOUND ( 'NONE', #5353, .T. ) ;
#5417 = ORIENTED_EDGE ( 'NONE', *, *, #3901, .T. ) ;
#5418 = CARTESIAN_POINT ( 'NONE',  ( -3.350000000000000500, 0.6600000000000000300, 2.399999999999999500 ) ) ;
#5419 = DIRECTION ( 'NONE',  ( 0.0000000000000000000, -1.000000000000000000, 0.0000000000000000000 ) ) ;
#5420 = VERTEX_POINT ( 'NONE', #5230 ) ;
#5421 = VECTOR ( 'NONE', #2666, 1000.000000000000000 ) ;
#5422 = EDGE_LOOP ( 'NONE', ( #1695, #2234, #5080, #2346 ) ) ;
#5423 = CARTESIAN_POINT ( 'NONE',  ( 2.700000000000002400, 0.0000000000000000000, -2.400000000000000800 ) ) ;
#5424 = ORIENTED_EDGE ( 'NONE', *, *, #5646, .T. ) ;
#5425 = DIRECTION ( 'NONE',  ( -0.0000000000000000000, -0.0000000000000000000, 1.000000000000000000 ) ) ;
#5426 = PRESENTATION_LAYER_ASSIGNMENT (  '', '', ( #4490 ) ) ;
#5427 = AXIS2_PLACEMENT_3D ( 'NONE', #3674, #1169, #5495 ) ;
#5428 = EDGE_LOOP ( 'NONE', ( #91, #2684, #5189, #4270 ) ) ;
#5429 = ORIENTED_EDGE ( 'NONE', *, *, #2159, .F. ) ;
#5430 = ORIENTED_EDGE ( 'NONE', *, *, #5808, .F. ) ;
#5431 = DIRECTION ( 'NONE',  ( -1.000000000000000000, 0.0000000000000000000, 0.0000000000000000000 ) ) ;
#5432 = DIRECTION ( 'NONE',  ( 0.0000000000000000000, -1.178480622266852200E-016, 1.000000000000000000 ) ) ;
#5433 = VECTOR ( 'NONE', #5432, 1000.000000000000000 ) ;
#5434 = CARTESIAN_POINT ( 'NONE',  ( 1.349999999999999600, 0.3499999999999999800, -1.749999999999999800 ) ) ;
#5435 = CARTESIAN_POINT ( 'NONE',  ( -1.625000000000001300, 0.0000000000000000000, -3.249999999999999600 ) ) ;
#5436 = CARTESIAN_POINT ( 'NONE',  ( 0.6249999999999985600, 0.9499999999999994000, 2.000000000000000900 ) ) ;
#5437 = ORIENTED_EDGE ( 'NONE', *, *, #4329, .F. ) ;
#5438 = EDGE_CURVE ( 'NONE', #2653, #375, #1286, .T. ) ;
#5439 = EDGE_CURVE ( 'NONE', #2074, #5695, #5236, .T. ) ;
#5440 = CARTESIAN_POINT ( 'NONE',  ( 4.899999999999999500, 2.700000000000000200, 2.049999999999999800 ) ) ;
#5441 = CARTESIAN_POINT ( 'NONE',  ( -0.6500000000000003600, 0.3499999999999999800, -1.599999999999999900 ) ) ;
#5442 = VERTEX_POINT ( 'NONE', #567 ) ;
#5443 = DIRECTION ( 'NONE',  ( 0.0000000000000000000, 0.0000000000000000000, 1.000000000000000000 ) ) ;
#5444 = VERTEX_POINT ( 'NONE', #3845 ) ;
#5445 = CARTESIAN_POINT ( 'NONE',  ( 2.900000000000003500, 2.449999999999998800, -2.250000000000000900 ) ) ;
#5446 = EDGE_CURVE ( 'NONE', #3342, #1266, #4579, .T. ) ;
#5447 = AXIS2_PLACEMENT_3D ( 'NONE', #1331, #5019, #1781 ) ;
#5448 = VECTOR ( 'NONE', #3421, 1000.000000000000000 ) ;
#5449 = CARTESIAN_POINT ( 'NONE',  ( -3.350000000000000500, 0.6600000000000000300, 2.050000000000002500 ) ) ;
#5450 = CARTESIAN_POINT ( 'NONE',  ( 1.624999999999998700, 0.2999999999999999900, -3.249999999999999600 ) ) ;
#5451 = VERTEX_POINT ( 'NONE', #4758 ) ;
#5452 = FACE_OUTER_BOUND ( 'NONE', #4404, .T. ) ;
#5453 = DIRECTION ( 'NONE',  ( 0.0000000000000000000, 0.0000000000000000000, -1.000000000000000000 ) ) ;
#5454 = DIRECTION ( 'NONE',  ( -0.0000000000000000000, -1.000000000000000000, -0.0000000000000000000 ) ) ;
#5455 = VECTOR ( 'NONE', #3809, 1000.000000000000000 ) ;
#5456 = CARTESIAN_POINT ( 'NONE',  ( 0.3749999999999986100, 2.199999999999998800, -2.550000000000001200 ) ) ;
#5457 = ORIENTED_EDGE ( 'NONE', *, *, #4198, .F. ) ;
#5458 = FACE_OUTER_BOUND ( 'NONE', #2879, .T. ) ;
#5459 = PRODUCT_DEFINITION_FORMATION_WITH_SPECIFIED_SOURCE ( 'ANY', '', #2163, .NOT_KNOWN. ) ;
#5460 = CARTESIAN_POINT ( 'NONE',  ( 2.500000000000002200, 0.6600000000000000300, 2.050000000000002500 ) ) ;
#5461 = PLANE ( 'NONE',  #4010 ) ;
#5462 = VECTOR ( 'NONE', #5595, 1000.000000000000000 ) ;
#5463 = ORIENTED_EDGE ( 'NONE', *, *, #3170, .F. ) ;
#5464 = DIRECTION ( 'NONE',  ( 0.0000000000000000000, 0.0000000000000000000, 1.000000000000000000 ) ) ;
#5465 = VECTOR ( 'NONE', #683, 1000.000000000000000 ) ;
#5466 = ORIENTED_EDGE ( 'NONE', *, *, #3910, .T. ) ;
#5467 = VECTOR ( 'NONE', #5711, 1000.000000000000000 ) ;
#5468 = ORIENTED_EDGE ( 'NONE', *, *, #4864, .F. ) ;
#5469 = VERTEX_POINT ( 'NONE', #2514 ) ;
#5470 = VECTOR ( 'NONE', #327, 1000.000000000000000 ) ;
#5471 = DIRECTION ( 'NONE',  ( -3.469446951953614600E-015, 1.000000000000000000, 0.0000000000000000000 ) ) ;
#5472 = PLANE ( 'NONE',  #2215 ) ;
#5473 = EDGE_CURVE ( 'NONE', #1192, #1281, #4003, .T. ) ;
#5474 = ORIENTED_EDGE ( 'NONE', *, *, #185, .T. ) ;
#5475 = VECTOR ( 'NONE', #4071, 1000.000000000000000 ) ;
#5476 = ORIENTED_EDGE ( 'NONE', *, *, #1931, .T. ) ;
#5477 = VERTEX_POINT ( 'NONE', #1515 ) ;
#5478 = LINE ( 'NONE', #5479, #4247 ) ;
#5479 = CARTESIAN_POINT ( 'NONE',  ( 1.650000000000002100, 0.5249999999999998000, 3.250000000000002700 ) ) ;
#5480 = ORIENTED_EDGE ( 'NONE', *, *, #537, .F. ) ;
#5481 = VERTEX_POINT ( 'NONE', #184 ) ;
#5482 = VECTOR ( 'NONE', #5594, 1000.000000000000000 ) ;
#5483 = ORIENTED_EDGE ( 'NONE', *, *, #3126, .F. ) ;
#5484 = DIRECTION ( 'NONE',  ( 1.000000000000000000, -0.0000000000000000000, -0.0000000000000000000 ) ) ;
#5485 = DIRECTION ( 'NONE',  ( -1.000000000000000000, -0.0000000000000000000, -0.0000000000000000000 ) ) ;
#5486 = VECTOR ( 'NONE', #5156, 1000.000000000000000 ) ;
#5487 = VERTEX_POINT ( 'NONE', #1573 ) ;
#5488 = ORIENTED_EDGE ( 'NONE', *, *, #590, .F. ) ;
#5489 = EDGE_CURVE ( 'NONE', #3695, #375, #5887, .T. ) ;
#5490 = VERTEX_POINT ( 'NONE', #225 ) ;
#5491 = LINE ( 'NONE', #212, #884 ) ;
#5492 = EDGE_CURVE ( 'NONE', #144, #3161, #3369, .T. ) ;
#5493 = FACE_OUTER_BOUND ( 'NONE', #2068, .T. ) ;
#5494 = VERTEX_POINT ( 'NONE', #1534 ) ;
#5495 = DIRECTION ( 'NONE',  ( 1.000000000000000000, 0.0000000000000000000, 0.0000000000000000000 ) ) ;
#5496 = ORIENTED_EDGE ( 'NONE', *, *, #2743, .T. ) ;
#5497 = CARTESIAN_POINT ( 'NONE',  ( 2.300000000000002000, 2.649999999999999900, 1.550000000000000500 ) ) ;
#5498 = ORIENTED_EDGE ( 'NONE', *, *, #5901, .F. ) ;
#5499 = DIRECTION ( 'NONE',  ( 1.000000000000000000, 0.0000000000000000000, 0.0000000000000000000 ) ) ;
#5500 = AXIS2_PLACEMENT_3D ( 'NONE', #353, #3585, #4060 ) ;
#5501 = ORIENTED_EDGE ( 'NONE', *, *, #4699, .F. ) ;
#5502 = CARTESIAN_POINT ( 'NONE',  ( -2.100000000000001000, -1.200000000000000000E-005, -2.250000000000000000 ) ) ;
#5503 = LINE ( 'NONE', #3036, #4837 ) ;
#5504 = CARTESIAN_POINT ( 'NONE',  ( 3.350000000000000500, 1.449999999999999500, 3.189999999999996800 ) ) ;
#5505 = DIRECTION ( 'NONE',  ( -0.0000000000000000000, 1.000000000000000000, -0.0000000000000000000 ) ) ;
#5506 = SURFACE_STYLE_USAGE ( .BOTH. , #809 ) ;
#5507 = AXIS2_PLACEMENT_3D ( 'NONE', #649, #5724, #3924 ) ;
#5508 = EDGE_CURVE ( 'NONE', #3018, #4949, #6031, .T. ) ;
#5509 = PRESENTATION_LAYER_ASSIGNMENT (  '', '', ( #1210 ) ) ;
#5510 = CARTESIAN_POINT ( 'NONE',  ( -2.300000000000002000, 2.250000000000000000, -2.250000000000000900 ) ) ;
#5511 = CARTESIAN_POINT ( 'NONE',  ( -2.700000000000002400, 2.649999999999999900, 1.550000000000000500 ) ) ;
#5512 = DIRECTION ( 'NONE',  ( -3.469446951953614600E-015, 1.000000000000000000, 0.0000000000000000000 ) ) ;
#5513 = SURFACE_STYLE_USAGE ( .BOTH. , #2244 ) ;
#5514 = ORIENTED_EDGE ( 'NONE', *, *, #4476, .T. ) ;
#5515 = EDGE_CURVE ( 'NONE', #1089, #3346, #5527, .T. ) ;
#5516 = CARTESIAN_POINT ( 'NONE',  ( -1.650000000000002100, 0.6499999999999963600, 3.250000000000002700 ) ) ;
#5517 = ADVANCED_FACE ( 'NONE', ( #2914 ), #2018, .F. ) ;
#5518 = CARTESIAN_POINT ( 'NONE',  ( -0.3750000000000014400, 0.9499999999999996200, 1.250000000000000900 ) ) ;
#5519 = VECTOR ( 'NONE', #2909, 1000.000000000000000 ) ;
#5520 = DIRECTION ( 'NONE',  ( -3.469446951953515100E-014, -1.000000000000000000, 0.0000000000000000000 ) ) ;
#5521 = FACE_OUTER_BOUND ( 'NONE', #3389, .T. ) ;
#5522 = PLANE ( 'NONE',  #5385 ) ;
#5523 = PLANE ( 'NONE',  #503 ) ;
#5524 = EDGE_CURVE ( 'NONE', #1089, #3560, #1957, .T. ) ;
#5525 = ADVANCED_FACE ( 'NONE', ( #2611 ), #5291, .F. ) ;
#5526 = DIRECTION ( 'NONE',  ( -0.0000000000000000000, 1.000000000000000000, -0.0000000000000000000 ) ) ;
#5527 = LINE ( 'NONE', #2071, #4643 ) ;
#5528 = VERTEX_POINT ( 'NONE', #4806 ) ;
#5529 = AXIS2_PLACEMENT_3D ( 'NONE', #4417, #1603, #1061 ) ;
#5530 = DIRECTION ( 'NONE',  ( 0.0000000000000000000, 0.0000000000000000000, -1.000000000000000000 ) ) ;
#5531 = PLANE ( 'NONE',  #2768 ) ;
#5532 = LINE ( 'NONE', #3837, #3072 ) ;
#5533 = AXIS2_PLACEMENT_3D ( 'NONE', #4938, #5397, #2153 ) ;
#5534 = VECTOR ( 'NONE', #1182, 1000.000000000000000 ) ;
#5535 = AXIS2_PLACEMENT_3D ( 'NONE', #1642, #2593, #1585 ) ;
#5536 = DIRECTION ( 'NONE',  ( -0.0000000000000000000, -0.0000000000000000000, 1.000000000000000000 ) ) ;
#5537 = ORIENTED_EDGE ( 'NONE', *, *, #4886, .T. ) ;
#5538 = VECTOR ( 'NONE', #5583, 1000.000000000000200 ) ;
#5539 = CARTESIAN_POINT ( 'NONE',  ( 4.899999999999999500, 0.7000000000000009500, 3.250000000000002700 ) ) ;
#5540 = VECTOR ( 'NONE', #85, 1000.000000000000000 ) ;
#5541 = ORIENTED_EDGE ( 'NONE', *, *, #1469, .T. ) ;
#5542 =( NAMED_UNIT ( * ) SI_UNIT ( $, .STERADIAN. ) SOLID_ANGLE_UNIT ( ) );
#5543 = ORIENTED_EDGE ( 'NONE', *, *, #3139, .T. ) ;
#5544 = ORIENTED_EDGE ( 'NONE', *, *, #943, .F. ) ;
#5545 = VECTOR ( 'NONE', #3235, 1000.000000000000000 ) ;
#5546 = CARTESIAN_POINT ( 'NONE',  ( -4.899999999999999500, 2.450000000000000200, -1.599999999999999900 ) ) ;
#5547 = FACE_OUTER_BOUND ( 'NONE', #2286, .T. ) ;
#5548 = FACE_OUTER_BOUND ( 'NONE', #3578, .T. ) ;
#5549 = VERTEX_POINT ( 'NONE', #3438 ) ;
#5550 = FACE_OUTER_BOUND ( 'NONE', #4464, .T. ) ;
#5551 = ORIENTED_EDGE ( 'NONE', *, *, #1142, .T. ) ;
#5552 = ORIENTED_EDGE ( 'NONE', *, *, #5001, .T. ) ;
#5553 = VECTOR ( 'NONE', #5921, 1000.000000000000000 ) ;
#5554 = ORIENTED_EDGE ( 'NONE', *, *, #1775, .F. ) ;
#5555 = CARTESIAN_POINT ( 'NONE',  ( -2.300000000000002000, 2.649999999999999900, -1.450000000000000800 ) ) ;
#5556 = VECTOR ( 'NONE', #5400, 1000.000000000000000 ) ;
#5557 = EDGE_CURVE ( 'NONE', #956, #1686, #1217, .T. ) ;
#5558 = DIRECTION ( 'NONE',  ( -0.0000000000000000000, -0.0000000000000000000, 1.000000000000000000 ) ) ;
#5559 = ORIENTED_EDGE ( 'NONE', *, *, #3589, .T. ) ;
#5560 = ADVANCED_FACE ( 'NONE', ( #1356 ), #5306, .F. ) ;
#5561 = EDGE_LOOP ( 'NONE', ( #4715, #1698, #4471, #4449 ) ) ;
#5562 = LINE ( 'NONE', #2942, #4335 ) ;
#5563 = CARTESIAN_POINT ( 'NONE',  ( 1.624999999999998700, 0.0000000000000000000, -3.249999999999999600 ) ) ;
#5564 = EDGE_CURVE ( 'NONE', #3038, #1103, #4787, .T. ) ;
#5565 = ORIENTED_EDGE ( 'NONE', *, *, #412, .F. ) ;
#5566 = CARTESIAN_POINT ( 'NONE',  ( -3.850000000000002800, 1.510000000000005300, 3.250000000000002700 ) ) ;
#5567 = ORIENTED_EDGE ( 'NONE', *, *, #4068, .T. ) ;
#5568 = CARTESIAN_POINT ( 'NONE',  ( -1.375000000000001300, 1.241695452014624800, 1.578157383516454000 ) ) ;
#5569 = CARTESIAN_POINT ( 'NONE',  ( -2.650000000000001200, 0.9499999999999995100, -0.09999999999999766000 ) ) ;
#5570 = CARTESIAN_POINT ( 'NONE',  ( -2.650000000000000400, 0.6600000000000000300, 2.399999999999999500 ) ) ;
#5571 = DIRECTION ( 'NONE',  ( -1.000000000000000000, -0.0000000000000000000, -0.0000000000000000000 ) ) ;
#5572 = ORIENTED_EDGE ( 'NONE', *, *, #3057, .T. ) ;
#5573 = DIRECTION ( 'NONE',  ( 1.000000000000000000, 0.0000000000000000000, 0.0000000000000000000 ) ) ;
#5574 = DIRECTION ( 'NONE',  ( 0.0000000000000000000, 0.0000000000000000000, -1.000000000000000000 ) ) ;
#5575 = VERTEX_POINT ( 'NONE', #1560 ) ;
#5576 = VERTEX_POINT ( 'NONE', #5326 ) ;
#5577 = LINE ( 'NONE', #2720, #4698 ) ;
#5578 = CARTESIAN_POINT ( 'NONE',  ( 1.199999999999998800, 0.3499999999999999800, -2.250000000000000000 ) ) ;
#5579 = CARTESIAN_POINT ( 'NONE',  ( -4.299999999999999800, 0.2500000000000002800, -2.250000000000000000 ) ) ;
#5580 = DIRECTION ( 'NONE',  ( 0.0000000000000000000, 0.0000000000000000000, -1.000000000000000000 ) ) ;
#5581 = DIRECTION ( 'NONE',  ( 0.0000000000000000000, -1.000000000000000000, 0.0000000000000000000 ) ) ;
#5582 = CARTESIAN_POINT ( 'NONE',  ( 2.000000000000000000, 2.649999999999999900, 2.049999999999999400 ) ) ;
#5583 = DIRECTION ( 'NONE',  ( -0.3133774542039051100, -5.883368253780888900E-016, -0.9496286491027317000 ) ) ;
#5584 = ORIENTED_EDGE ( 'NONE', *, *, #201, .T. ) ;
#5585 = CARTESIAN_POINT ( 'NONE',  ( -2.265000000000003200, 0.2500000000000000600, -0.8499999999999998700 ) ) ;
#5586 = ADVANCED_FACE ( 'NONE', ( #1799 ), #5756, .T. ) ;
#5587 = VERTEX_POINT ( 'NONE', #2531 ) ;
#5588 = EDGE_CURVE ( 'NONE', #3386, #4526, #3213, .T. ) ;
#5589 = DIRECTION ( 'NONE',  ( -0.0000000000000000000, 6.195440985631449400E-016, 1.000000000000000000 ) ) ;
#5590 = CARTESIAN_POINT ( 'NONE',  ( 1.246788990825680600, 2.450000000000001100, -0.4059633027522835900 ) ) ;
#5591 = VERTEX_POINT ( 'NONE', #5806 ) ;
#5592 = FACE_OUTER_BOUND ( 'NONE', #365, .T. ) ;
#5593 = EDGE_CURVE ( 'NONE', #63, #5420, #3584, .T. ) ;
#5594 = DIRECTION ( 'NONE',  ( -1.000000000000000000, -0.0000000000000000000, -0.0000000000000000000 ) ) ;
#5595 = DIRECTION ( 'NONE',  ( -1.000000000000000000, -0.0000000000000000000, -0.0000000000000000000 ) ) ;
#5596 = CARTESIAN_POINT ( 'NONE',  ( 0.6249999999999985600, 0.3900000000000000100, -2.249999999999999100 ) ) ;
#5597 = EDGE_CURVE ( 'NONE', #540, #1360, #5675, .T. ) ;
#5598 = VECTOR ( 'NONE', #3424, 1000.000000000000000 ) ;
#5599 = DIRECTION ( 'NONE',  ( -0.9578262852211509900, 0.0000000000000000000, 0.2873478855663468800 ) ) ;
#5600 = VECTOR ( 'NONE', #4264, 1000.000000000000000 ) ;
#5601 = CARTESIAN_POINT ( 'NONE',  ( 1.624999999999998700, 0.9499999999999994000, 2.000000000000000900 ) ) ;
#5602 = PLANE ( 'NONE',  #5269 ) ;
#5603 = ADVANCED_FACE ( 'NONE', ( #2312 ), #3993, .F. ) ;
#5604 = LINE ( 'NONE', #5285, #1448 ) ;
#5605 = DIRECTION ( 'NONE',  ( -0.5773502691896269500, -0.5773502691896259500, -0.5773502691896245100 ) ) ;
#5606 = ORIENTED_EDGE ( 'NONE', *, *, #2781, .F. ) ;
#5607 = CARTESIAN_POINT ( 'NONE',  ( 0.6249999999999985600, 0.2999999999999998200, -2.550000000000001200 ) ) ;
#5608 = FACE_OUTER_BOUND ( 'NONE', #1708, .T. ) ;
#5609 = CARTESIAN_POINT ( 'NONE',  ( 4.899999999999999500, 2.549999999999997600, 2.049999999999999800 ) ) ;
#5610 = FACE_OUTER_BOUND ( 'NONE', #3233, .T. ) ;
#5611 = VERTEX_POINT ( 'NONE', #1196 ) ;
#5612 = DIRECTION ( 'NONE',  ( -1.000000000000000000, -0.0000000000000000000, -0.0000000000000000000 ) ) ;
#5613 = FACE_OUTER_BOUND ( 'NONE', #1550, .T. ) ;
#5614 = VERTEX_POINT ( 'NONE', #3984 ) ;
#5615 = VECTOR ( 'NONE', #4629, 1000.000000000000100 ) ;
#5616 = EDGE_LOOP ( 'NONE', ( #952, #1368, #2008, #4706 ) ) ;
#5617 = EDGE_CURVE ( 'NONE', #5494, #957, #575, .T. ) ;
#5618 = ADVANCED_FACE ( 'NONE', ( #3514 ), #2462, .T. ) ;
#5619 = FACE_OUTER_BOUND ( 'NONE', #531, .T. ) ;
#5620 = DIRECTION ( 'NONE',  ( -0.0000000000000000000, 0.6643638388299201200, 0.7474093186836594500 ) ) ;
#5621 = EDGE_LOOP ( 'NONE', ( #3454, #1583, #787, #2689 ) ) ;
#5622 = DIRECTION ( 'NONE',  ( -0.0000000000000000000, 4.336808689942017700E-016, -1.000000000000000000 ) ) ;
#5623 = CARTESIAN_POINT ( 'NONE',  ( -1.375000000000001300, 2.199999999999998800, -2.550000000000001200 ) ) ;
#5624 = FACE_OUTER_BOUND ( 'NONE', #3588, .T. ) ;
#5625 = ORIENTED_EDGE ( 'NONE', *, *, #4046, .F. ) ;
#5626 = VERTEX_POINT ( 'NONE', #4945 ) ;
#5627 = FACE_OUTER_BOUND ( 'NONE', #3410, .T. ) ;
#5628 = VECTOR ( 'NONE', #1136, 1000.000000000000000 ) ;
#5629 = ORIENTED_EDGE ( 'NONE', *, *, #1239, .T. ) ;
#5630 = VECTOR ( 'NONE', #3634, 1000.000000000000000 ) ;
#5631 = VERTEX_POINT ( 'NONE', #4480 ) ;
#5632 = VERTEX_POINT ( 'NONE', #3566 ) ;
#5633 = DIRECTION ( 'NONE',  ( 0.2873478855663468300, 0.0000000000000000000, 0.9578262852211508700 ) ) ;
#5634 = VECTOR ( 'NONE', #3379, 1000.000000000000000 ) ;
#5635 = DIRECTION ( 'NONE',  ( 0.0000000000000000000, -0.0000000000000000000, 1.000000000000000000 ) ) ;
#5636 = VERTEX_POINT ( 'NONE', #5413 ) ;
#5637 = CARTESIAN_POINT ( 'NONE',  ( -2.265000000000003200, -1.200000000000000000E-005, -0.8499999999999998700 ) ) ;
#5638 = ORIENTED_EDGE ( 'NONE', *, *, #1526, .T. ) ;
#5639 = ORIENTED_EDGE ( 'NONE', *, *, #3200, .F. ) ;
#5640 = VECTOR ( 'NONE', #1139, 1000.000000000000100 ) ;
#5641 = DIRECTION ( 'NONE',  ( -3.469446951953614600E-015, 1.000000000000000000, 0.0000000000000000000 ) ) ;
#5642 = CARTESIAN_POINT ( 'NONE',  ( -2.300000000000002000, 2.449999999999999700, 1.550000000000000500 ) ) ;
#5643 = FACE_OUTER_BOUND ( 'NONE', #1260, .T. ) ;
#5644 = ORIENTED_EDGE ( 'NONE', *, *, #3371, .F. ) ;
#5645 = CARTESIAN_POINT ( 'NONE',  ( -1.625000000000001300, 0.9499999999999994000, 2.000000000000000900 ) ) ;
#5646 = EDGE_CURVE ( 'NONE', #2409, #712, #1648, .T. ) ;
#5647 = EDGE_CURVE ( 'NONE', #5781, #1934, #5383, .T. ) ;
#5648 = VERTEX_POINT ( 'NONE', #5873 ) ;
#5649 = VERTEX_POINT ( 'NONE', #2126 ) ;
#5650 = CARTESIAN_POINT ( 'NONE',  ( 2.500000000000002200, 0.6600000000000000300, 2.050000000000002500 ) ) ;
#5651 = DIRECTION ( 'NONE',  ( 0.3133774542039051700, 0.0000000000000000000, 0.9496286491027317000 ) ) ;
#5652 = ORIENTED_EDGE ( 'NONE', *, *, #5002, .T. ) ;
#5653 = EDGE_CURVE ( 'NONE', #5985, #4620, #5092, .T. ) ;
#5654 = PLANE ( 'NONE',  #5960 ) ;
#5655 =( NAMED_UNIT ( * ) SI_UNIT ( $, .STERADIAN. ) SOLID_ANGLE_UNIT ( ) );
#5656 = LINE ( 'NONE', #2238, #556 ) ;
#5657 = DIRECTION ( 'NONE',  ( 0.0000000000000000000, 0.0000000000000000000, 1.000000000000000000 ) ) ;
#5658 = ADVANCED_FACE ( 'NONE', ( #291 ), #4894, .T. ) ;
#5659 = CARTESIAN_POINT ( 'NONE',  ( -1.375000000000001300, 0.9499999999999994000, 2.000000000000000900 ) ) ;
#5660 = AXIS2_PLACEMENT_3D ( 'NONE', #2866, #2889, #4275 ) ;
#5661 = PRESENTATION_LAYER_ASSIGNMENT (  '', '', ( #4421 ) ) ;
#5662 = EDGE_LOOP ( 'NONE', ( #117, #3737, #5480, #5793 ) ) ;
#5663 = CARTESIAN_POINT ( 'NONE',  ( -0.3750000000000014400, 2.199999999999998800, -2.550000000000001200 ) ) ;
#5664 = AXIS2_PLACEMENT_3D ( 'NONE', #3655, #418, #2357 ) ;
#5665 = MANIFOLD_SOLID_BREP ( 'Boss-Extrude2', #35 ) ;
#5666 = CARTESIAN_POINT ( 'NONE',  ( -2.500000000000002200, 0.2500000000000002800, 2.050000000000002500 ) ) ;
#5667 = DIRECTION ( 'NONE',  ( 0.0000000000000000000, 0.0000000000000000000, -1.000000000000000000 ) ) ;
#5668 = CARTESIAN_POINT ( 'NONE',  ( 1.999999999999998200, 2.700000000000001500, -2.250000000000000000 ) ) ;
#5669 = EDGE_CURVE ( 'NONE', #3544, #5957, #3336, .T. ) ;
#5670 = ORIENTED_EDGE ( 'NONE', *, *, #4777, .T. ) ;
#5671 = EDGE_CURVE ( 'NONE', #1092, #2060, #5206, .T. ) ;
#5672 = CARTESIAN_POINT ( 'NONE',  ( -0.6250000000000014400, 0.2999999999999999900, -3.249999999999999600 ) ) ;
#5673 = VECTOR ( 'NONE', #4073, 1000.000000000000000 ) ;
#5674 = CARTESIAN_POINT ( 'NONE',  ( -4.899999999999999500, 2.450000000000000600, -0.8500000000000005300 ) ) ;
#5675 = LINE ( 'NONE', #1107, #718 ) ;
#5676 = ORIENTED_EDGE ( 'NONE', *, *, #2831, .T. ) ;
#5677 = ADVANCED_FACE ( 'NONE', ( #5416 ), #5839, .F. ) ;
#5678 = LINE ( 'NONE', #3760, #1891 ) ;
#5679 = EDGE_CURVE ( 'NONE', #5919, #1699, #3981, .T. ) ;
#5680 = VECTOR ( 'NONE', #5795, 1000.000000000000000 ) ;
#5681 = CARTESIAN_POINT ( 'NONE',  ( 1.374999999999998700, 0.0000000000000000000, -3.249999999999999600 ) ) ;
#5682 = CARTESIAN_POINT ( 'NONE',  ( -4.899999999999999500, 2.450000000000000200, -1.549999999999997200 ) ) ;
#5683 = EDGE_CURVE ( 'NONE', #1251, #1842, #5352, .T. ) ;
#5684 = LINE ( 'NONE', #4362, #3381 ) ;
#5685 = DIRECTION ( 'NONE',  ( 0.0000000000000000000, -0.0000000000000000000, 1.000000000000000000 ) ) ;
#5686 = EDGE_LOOP ( 'NONE', ( #5148, #2861, #4888, #3833 ) ) ;
#5687 = FACE_OUTER_BOUND ( 'NONE', #3150, .T. ) ;
#5688 = CARTESIAN_POINT ( 'NONE',  ( 1.799999999999998700, 0.0000000000000000000, -2.250000000000000000 ) ) ;
#5689 = PLANE ( 'NONE',  #2939 ) ;
#5690 = VERTEX_POINT ( 'NONE', #2643 ) ;
#5691 = ORIENTED_EDGE ( 'NONE', *, *, #3983, .T. ) ;
#5692 =( GEOMETRIC_REPRESENTATION_CONTEXT ( 3 ) GLOBAL_UNCERTAINTY_ASSIGNED_CONTEXT ( ( #1694 ) ) GLOBAL_UNIT_ASSIGNED_CONTEXT ( ( #4564, #889, #5986 ) ) REPRESENTATION_CONTEXT ( 'NONE', 'WORKASPACE' ) );
#5693 = EDGE_LOOP ( 'NONE', ( #21, #4254, #2429, #4831, #983, #4401, #674, #4681 ) ) ;
#5694 = VECTOR ( 'NONE', #5134, 1000.000000000000000 ) ;
#5695 = VERTEX_POINT ( 'NONE', #286 ) ;
#5696 = LINE ( 'NONE', #5546, #447 ) ;
#5697 = LINE ( 'NONE', #1936, #4460 ) ;
#5698 = PLANE ( 'NONE',  #3791 ) ;
#5699 = ORIENTED_EDGE ( 'NONE', *, *, #697, .F. ) ;
#5700 = LINE ( 'NONE', #5173, #5043 ) ;
#5701 = VERTEX_POINT ( 'NONE', #1773 ) ;
#5702 = ORIENTED_EDGE ( 'NONE', *, *, #2129, .F. ) ;
#5703 = AXIS2_PLACEMENT_3D ( 'NONE', #2663, #2179, #1723 ) ;
#5704 = EDGE_CURVE ( 'NONE', #3392, #2928, #3040, .T. ) ;
#5705 = ORIENTED_EDGE ( 'NONE', *, *, #138, .F. ) ;
#5706 = ORIENTED_EDGE ( 'NONE', *, *, #5994, .F. ) ;
#5707 = LINE ( 'NONE', #5867, #1830 ) ;
#5708 = ORIENTED_EDGE ( 'NONE', *, *, #2435, .T. ) ;
#5709 = CARTESIAN_POINT ( 'NONE',  ( -1.350000000000002300, 0.0000000000000000000, -1.599999999999999900 ) ) ;
#5710 = VECTOR ( 'NONE', #3019, 1000.000000000000000 ) ;
#5711 = DIRECTION ( 'NONE',  ( 1.000000000000000000, -0.0000000000000000000, -0.0000000000000000000 ) ) ;
#5712 = VECTOR ( 'NONE', #817, 1000.000000000000100 ) ;
#5713 = ORIENTED_EDGE ( 'NONE', *, *, #5011, .T. ) ;
#5714 = VERTEX_POINT ( 'NONE', #4569 ) ;
#5715 = VECTOR ( 'NONE', #4338, 1000.000000000000100 ) ;
#5716 = EDGE_CURVE ( 'NONE', #5990, #5636, #1921, .T. ) ;
#5717 = CARTESIAN_POINT ( 'NONE',  ( 1.624999999999998700, 1.219584054212075700, 1.797811959340943600 ) ) ;
#5718 = ADVANCED_FACE ( 'NONE', ( #4756 ), #1249, .T. ) ;
#5719 = DIRECTION ( 'NONE',  ( -1.000000000000000000, 0.0000000000000000000, -0.0000000000000000000 ) ) ;
#5720 = ORIENTED_EDGE ( 'NONE', *, *, #3432, .F. ) ;
#5721 = CARTESIAN_POINT ( 'NONE',  ( -2.650000000000000400, 0.6600000000000000300, 2.399999999999999500 ) ) ;
#5722 = DIRECTION ( 'NONE',  ( -0.0000000000000000000, 8.340016711426968800E-017, -1.000000000000000000 ) ) ;
#5723 = ORIENTED_EDGE ( 'NONE', *, *, #2881, .F. ) ;
#5724 = DIRECTION ( 'NONE',  ( -1.000000000000000000, 0.0000000000000000000, -0.0000000000000000000 ) ) ;
#5725 = DIRECTION ( 'NONE',  ( 0.0000000000000000000, 0.7999999999999999300, -0.6000000000000002000 ) ) ;
#5726 = EDGE_CURVE ( 'NONE', #4358, #4732, #748, .T. ) ;
#5727 = ORIENTED_EDGE ( 'NONE', *, *, #266, .T. ) ;
#5728 = ORIENTED_EDGE ( 'NONE', *, *, #2628, .F. ) ;
#5729 = DIRECTION ( 'NONE',  ( 0.0000000000000000000, -1.000000000000000000, 0.0000000000000000000 ) ) ;
#5730 = AXIS2_PLACEMENT_3D ( 'NONE', #5749, #2979, #179 ) ;
#5731 = CARTESIAN_POINT ( 'NONE',  ( -2.300000000000002000, 2.649999999999999900, -1.450000000000000800 ) ) ;
#5732 = DIRECTION ( 'NONE',  ( -0.0000000000000000000, 0.7071067811865483500, 0.7071067811865465700 ) ) ;
#5733 = ORIENTED_EDGE ( 'NONE', *, *, #1216, .T. ) ;
#5735 = EDGE_LOOP ( 'NONE', ( #29, #1134, #1109, #4240 ) ) ;
#5734 = CARTESIAN_POINT ( 'NONE',  ( 0.6249999999999985600, 1.241695452014624800, 1.578157383516454000 ) ) ;
#5736 = EDGE_CURVE ( 'NONE', #2790, #1110, #2721, .T. ) ;
#5737 = EDGE_LOOP ( 'NONE', ( #971, #3826, #5544, #3188 ) ) ;
#5738 = AXIS2_PLACEMENT_3D ( 'NONE', #3341, #1508, #1983 ) ;
#5739 = VERTEX_POINT ( 'NONE', #4977 ) ;
#5740 = ADVANCED_FACE ( 'NONE', ( #5643 ), #5522, .F. ) ;
#5741 = ORIENTED_EDGE ( 'NONE', *, *, #3368, .T. ) ;
#5742 = CARTESIAN_POINT ( 'NONE',  ( 0.6249999999999985600, 0.2999999999999999900, -3.249999999999999600 ) ) ;
#5743 = CARTESIAN_POINT ( 'NONE',  ( -2.300000000000002000, 2.250000000000000000, -2.250000000000000900 ) ) ;
#5744 = FACE_OUTER_BOUND ( 'NONE', #5815, .T. ) ;
#5745 = CARTESIAN_POINT ( 'NONE',  ( 3.350000000000000500, 0.6600000000000000300, 2.399999999999999500 ) ) ;
#5746 = DIRECTION ( 'NONE',  ( -1.000000000000000000, 0.0000000000000000000, 0.0000000000000000000 ) ) ;
#5747 = DIRECTION ( 'NONE',  ( 0.2873478855663468300, 0.0000000000000000000, 0.9578262852211508700 ) ) ;
#5748 = LINE ( 'NONE', #5077, #2390 ) ;
#5749 = CARTESIAN_POINT ( 'NONE',  ( 4.899999999999999500, 0.5000000000000000000, -2.250000000000000000 ) ) ;
#5750 = EDGE_CURVE ( 'NONE', #4361, #3449, #106, .T. ) ;
#5751 = FILL_AREA_STYLE_COLOUR ( '', #264 ) ;
#5752 = EDGE_CURVE ( 'NONE', #1199, #4732, #689, .T. ) ;
#5753 = FACE_OUTER_BOUND ( 'NONE', #5358, .T. ) ;
#5754 = CARTESIAN_POINT ( 'NONE',  ( 1.999999999999998200, 2.700000000000239500, 2.050000000000000700 ) ) ;
#5755 = VECTOR ( 'NONE', #147, 1000.000000000000000 ) ;
#5756 = PLANE ( 'NONE',  #5507 ) ;
#5757 = CARTESIAN_POINT ( 'NONE',  ( 4.700000000000000200, 0.5000000000000000000, 3.250000000000002700 ) ) ;
#5758 = VERTEX_POINT ( 'NONE', #2675 ) ;
#5759 = LINE ( 'NONE', #2652, #3804 ) ;
#5760 = EDGE_CURVE ( 'NONE', #2585, #2658, #3551, .T. ) ;
#5761 = LINE ( 'NONE', #926, #4516 ) ;
#5762 = FACE_OUTER_BOUND ( 'NONE', #5907, .T. ) ;
#5763 = EDGE_CURVE ( 'NONE', #3472, #3690, #3689, .T. ) ;
#5764 = ORIENTED_EDGE ( 'NONE', *, *, #5943, .F. ) ;
#5765 = VECTOR ( 'NONE', #1018, 1000.000000000000000 ) ;
#5766 = VECTOR ( 'NONE', #4895, 1000.000000000000000 ) ;
#5767 = VERTEX_POINT ( 'NONE', #5009 ) ;
#5768 = CARTESIAN_POINT ( 'NONE',  ( -4.700000000000000200, 0.5000000000000000000, -2.250000000000000000 ) ) ;
#5769 = PRESENTATION_STYLE_ASSIGNMENT (( #2242 ) ) ;
#5770 = ORIENTED_EDGE ( 'NONE', *, *, #1212, .F. ) ;
#5771 = EDGE_LOOP ( 'NONE', ( #3955, #824, #3116, #5132 ) ) ;
#5772 = DIRECTION ( 'NONE',  ( -0.0000000000000000000, 1.000000000000000000, -0.0000000000000000000 ) ) ;
#5773 = LINE ( 'NONE', #4889, #3316 ) ;
#5774 = CARTESIAN_POINT ( 'NONE',  ( 2.700000000000002400, 2.250000000000000000, -2.250000000000000900 ) ) ;
#5775 = VERTEX_POINT ( 'NONE', #5460 ) ;
#5776 = ORIENTED_EDGE ( 'NONE', *, *, #5647, .F. ) ;
#5777 = ADVANCED_FACE ( 'NONE', ( #5493 ), #5911, .F. ) ;
#5778 = LINE ( 'NONE', #1640, #4533 ) ;
#5779 = CARTESIAN_POINT ( 'NONE',  ( -0.3500000000000022000, 0.3499999999999999800, -1.599999999999999900 ) ) ;
#5780 = AXIS2_PLACEMENT_3D ( 'NONE', #3741, #3278, #6038 ) ;
#5781 = VERTEX_POINT ( 'NONE', #835 ) ;
#5782 = PLANE ( 'NONE',  #739 ) ;
#5783 = LINE ( 'NONE', #216, #4537 ) ;
#5784 = ORIENTED_EDGE ( 'NONE', *, *, #5149, .F. ) ;
#5785 = LINE ( 'NONE', #3291, #2419 ) ;
#5786 = ORIENTED_EDGE ( 'NONE', *, *, #1197, .F. ) ;
#5787 = CARTESIAN_POINT ( 'NONE',  ( -4.299999999999999800, 0.2500000000000002800, 3.250000000000002700 ) ) ;
#5788 = DIRECTION ( 'NONE',  ( 0.0000000000000000000, 0.0000000000000000000, 1.000000000000000000 ) ) ;
#5789 = ORIENTED_EDGE ( 'NONE', *, *, #3054, .T. ) ;
#5790 = VERTEX_POINT ( 'NONE', #336 ) ;
#5791 = ORIENTED_EDGE ( 'NONE', *, *, #4619, .T. ) ;
#5792 = VECTOR ( 'NONE', #4980, 1000.000000000000000 ) ;
#5793 = ORIENTED_EDGE ( 'NONE', *, *, #5752, .T. ) ;
#5794 = CARTESIAN_POINT ( 'NONE',  ( 2.300000000000002000, 0.0000000000000000000, 1.100000000000000800 ) ) ;
#5795 = DIRECTION ( 'NONE',  ( -1.000000000000000000, 0.0000000000000000000, 0.0000000000000000000 ) ) ;
#5796 = VERTEX_POINT ( 'NONE', #3651 ) ;
#5797 = CARTESIAN_POINT ( 'NONE',  ( -1.625000000000001300, 1.241695452014624800, 1.578157383516454000 ) ) ;
#5798 = CARTESIAN_POINT ( 'NONE',  ( 0.3749999999999986100, 0.2999999999999998200, -2.550000000000001200 ) ) ;
#5799 = ORIENTED_EDGE ( 'NONE', *, *, #5922, .T. ) ;
#5800 = EDGE_CURVE ( 'NONE', #5847, #5331, #1043, .T. ) ;
#5801 = CARTESIAN_POINT ( 'NONE',  ( 2.300000000000002000, 0.2999999999999999900, -2.400000000000000800 ) ) ;
#5802 = ORIENTED_EDGE ( 'NONE', *, *, #1807, .F. ) ;
#5803 = CARTESIAN_POINT ( 'NONE',  ( 2.300000000000002000, 2.649999999999999900, -1.450000000000000800 ) ) ;
#5804 = FILL_AREA_STYLE_COLOUR ( '', #4106 ) ;
#5805 = LINE ( 'NONE', #772, #984 ) ;
#5806 = CARTESIAN_POINT ( 'NONE',  ( -3.850000000000002800, 0.3600000000000000400, 3.250000000000002700 ) ) ;
#5807 = DIRECTION ( 'NONE',  ( 0.0000000000000000000, 1.000000000000000000, 0.0000000000000000000 ) ) ;
#5808 = EDGE_CURVE ( 'NONE', #2207, #4125, #4332, .T. ) ;
#5809 = EDGE_CURVE ( 'NONE', #5528, #2969, #259, .T. ) ;
#5810 = CARTESIAN_POINT ( 'NONE',  ( 1.799999999999998700, 0.3499999999999999800, -2.250000000000000000 ) ) ;
#5811 = ORIENTED_EDGE ( 'NONE', *, *, #5942, .T. ) ;
#5812 = CARTESIAN_POINT ( 'NONE',  ( 2.500000000000002200, 0.5249999999999999100, 3.250000000000002700 ) ) ;
#5813 = CARTESIAN_POINT ( 'NONE',  ( 2.265000000000003200, -1.200000000000000000E-005, -1.750000000000000400 ) ) ;
#5814 = AXIS2_PLACEMENT_3D ( 'NONE', #561, #178, #3451 ) ;
#5815 = EDGE_LOOP ( 'NONE', ( #2551, #902, #4890, #387 ) ) ;
#5816 = CARTESIAN_POINT ( 'NONE',  ( -0.6250000000000014400, 0.9499999999999994000, 2.000000000000000900 ) ) ;
#5817 = DIRECTION ( 'NONE',  ( 0.0000000000000000000, -0.7474093186836594500, 0.6643638388299201200 ) ) ;
#5818 = AXIS2_PLACEMENT_3D ( 'NONE', #208, #2136, #3996 ) ;
#5819 = EDGE_CURVE ( 'NONE', #5990, #4248, #545, .T. ) ;
#5820 = DIRECTION ( 'NONE',  ( 0.0000000000000000000, 0.0000000000000000000, -1.000000000000000000 ) ) ;
#5821 = CARTESIAN_POINT ( 'NONE',  ( 3.400000000000000400, 2.649999999999999900, 2.049999999999999400 ) ) ;
#5822 = MECHANICAL_DESIGN_GEOMETRIC_PRESENTATION_REPRESENTATION (  '', ( #1637 ), #4070 ) ;
#5823 = LINE ( 'NONE', #2725, #1582 ) ;
#5824 = VECTOR ( 'NONE', #4295, 1000.000000000000000 ) ;
#5825 = DIRECTION ( 'NONE',  ( 0.0000000000000000000, -6.195440985631449400E-016, -1.000000000000000000 ) ) ;
#5826 = VERTEX_POINT ( 'NONE', #1706 ) ;
#5827 = LINE ( 'NONE', #3731, #3447 ) ;
#5828 = CARTESIAN_POINT ( 'NONE',  ( -2.500000000000002200, 0.5249999999999999100, 2.250000000000002200 ) ) ;
#5829 = VECTOR ( 'NONE', #5879, 1000.000000000000000 ) ;
#5830 = PLANE ( 'NONE',  #2604 ) ;
#5831 = CARTESIAN_POINT ( 'NONE',  ( 1.374999999999998700, 2.199999999999998800, -1.599999999999999900 ) ) ;
#5832 = ADVANCED_FACE ( 'NONE', ( #4474 ), #679, .F. ) ;
#5833 = DIRECTION ( 'NONE',  ( 1.000000000000000000, 1.178480622266852700E-016, 0.0000000000000000000 ) ) ;
#5834 = FACE_OUTER_BOUND ( 'NONE', #3739, .T. ) ;
#5835 = EDGE_CURVE ( 'NONE', #2578, #1823, #5128, .T. ) ;
#5836 = DIRECTION ( 'NONE',  ( 1.000000000000000000, 0.0000000000000000000, 0.0000000000000000000 ) ) ;
#5837 = ORIENTED_EDGE ( 'NONE', *, *, #537, .T. ) ;
#5838 = VECTOR ( 'NONE', #2315, 1000.000000000000000 ) ;
#5839 = PLANE ( 'NONE',  #4140 ) ;
#5840 = CARTESIAN_POINT ( 'NONE',  ( 1.624999999999998700, 0.2999999999999998200, -2.550000000000001200 ) ) ;
#5841 = ORIENTED_EDGE ( 'NONE', *, *, #5249, .T. ) ;
#5842 = EDGE_LOOP ( 'NONE', ( #680, #4035, #3601, #734, #3329 ) ) ;
#5843 = LINE ( 'NONE', #5992, #5254 ) ;
#5844 = ORIENTED_EDGE ( 'NONE', *, *, #753, .F. ) ;
#5845 = LINE ( 'NONE', #2297, #3538 ) ;
#5846 = LINE ( 'NONE', #6003, #4804 ) ;
#5847 = VERTEX_POINT ( 'NONE', #4209 ) ;
#5848 = CARTESIAN_POINT ( 'NONE',  ( 3.350000000000000500, 0.3600000000000000400, 2.050000000000002500 ) ) ;
#5849 = ORIENTED_EDGE ( 'NONE', *, *, #3997, .F. ) ;
#5850 = VERTEX_POINT ( 'NONE', #877 ) ;
#5851 = ORIENTED_EDGE ( 'NONE', *, *, #5894, .T. ) ;
#5852 = LINE ( 'NONE', #5363, #2128 ) ;
#5853 = VECTOR ( 'NONE', #5081, 1000.000000000000000 ) ;
#5854 = CARTESIAN_POINT ( 'NONE',  ( -0.3500000000000022000, 0.0000000000000000000, -1.599999999999999900 ) ) ;
#5855 =( LENGTH_UNIT ( ) NAMED_UNIT ( * ) SI_UNIT ( .MILLI., .METRE. ) );
#5856 = AXIS2_PLACEMENT_3D ( 'NONE', #3263, #4687, #2446 ) ;
#5857 = SURFACE_STYLE_FILL_AREA ( #5369 ) ;
#5858 = ORIENTED_EDGE ( 'NONE', *, *, #3988, .T. ) ;
#5859 = DIRECTION ( 'NONE',  ( -0.0000000000000000000, -0.0000000000000000000, 1.000000000000000000 ) ) ;
#5860 = VECTOR ( 'NONE', #4369, 1000.000000000000000 ) ;
#5861 = DIRECTION ( 'NONE',  ( -1.000000000000000000, -0.0000000000000000000, -0.0000000000000000000 ) ) ;
#5862 = ORIENTED_EDGE ( 'NONE', *, *, #2750, .F. ) ;
#5863 = ORIENTED_EDGE ( 'NONE', *, *, #2212, .F. ) ;
#5864 = ADVANCED_FACE ( 'NONE', ( #2426 ), #3290, .F. ) ;
#5865 = ORIENTED_EDGE ( 'NONE', *, *, #2596, .T. ) ;
#5866 = DIRECTION ( 'NONE',  ( 1.000000000000000000, 1.275531967630005200E-016, -0.0000000000000000000 ) ) ;
#5867 = CARTESIAN_POINT ( 'NONE',  ( -1.350000000000002300, 0.0000000000000000000, -1.599999999999999900 ) ) ;
#5868 = ORIENTED_EDGE ( 'NONE', *, *, #4650, .F. ) ;
#5869 = CARTESIAN_POINT ( 'NONE',  ( 2.300000000000002000, 2.649999999999999900, -1.450000000000000800 ) ) ;
#5870 = EDGE_CURVE ( 'NONE', #998, #4120, #1324, .T. ) ;
#5871 = DIRECTION ( 'NONE',  ( 1.000000000000000000, 0.0000000000000000000, -0.0000000000000000000 ) ) ;
#5872 = DIRECTION ( 'NONE',  ( 1.000000000000000000, 0.0000000000000000000, -0.0000000000000000000 ) ) ;
#5873 = CARTESIAN_POINT ( 'NONE',  ( -1.650000000000002100, 0.5249999999999998000, 3.250000000000002700 ) ) ;
#5874 = EDGE_CURVE ( 'NONE', #4405, #4273, #4409, .T. ) ;
#5875 = ORIENTED_EDGE ( 'NONE', *, *, #2232, .T. ) ;
#5876 = ORIENTED_EDGE ( 'NONE', *, *, #2172, .T. ) ;
#5877 = ADVANCED_FACE ( 'NONE', ( #885 ), #2269, .T. ) ;
#5878 = CARTESIAN_POINT ( 'NONE',  ( -0.3750000000000014400, 0.0000000000000000000, -3.249999999999999600 ) ) ;
#5879 = DIRECTION ( 'NONE',  ( -1.000000000000000000, -0.0000000000000000000, -0.0000000000000000000 ) ) ;
#5880 = DIRECTION ( 'NONE',  ( -0.0000000000000000000, 0.6643638388299201200, 0.7474093186836594500 ) ) ;
#5881 = ORIENTED_EDGE ( 'NONE', *, *, #4373, .T. ) ;
#5882 = AXIS2_PLACEMENT_3D ( 'NONE', #1939, #3830, #3390 ) ;
#5883 = PLANE ( 'NONE',  #118 ) ;
#5884 = ADVANCED_FACE ( 'NONE', ( #3251 ), #3766, .F. ) ;
#5885 = LINE ( 'NONE', #2182, #5673 ) ;
#5886 = CARTESIAN_POINT ( 'NONE',  ( -0.3750000000000014400, 0.2999999999999998200, -2.550000000000001200 ) ) ;
#5887 = LINE ( 'NONE', #2984, #2754 ) ;
#5888 = LINE ( 'NONE', #733, #3797 ) ;
#5889 = DIRECTION ( 'NONE',  ( 0.0000000000000000000, 0.0000000000000000000, 1.000000000000000000 ) ) ;
#5890 = VECTOR ( 'NONE', #4043, 1000.000000000000000 ) ;
#5891 = FACE_OUTER_BOUND ( 'NONE', #4326, .T. ) ;
#5892 = CARTESIAN_POINT ( 'NONE',  ( -3.350000000000000500, 0.6600000000000000300, 2.050000000000002500 ) ) ;
#5893 = ORIENTED_EDGE ( 'NONE', *, *, #2463, .T. ) ;
#5894 = EDGE_CURVE ( 'NONE', #5055, #2445, #2795, .T. ) ;
#5895 = COLOUR_RGB ( '',0.7921568627450980000, 0.8196078431372548800, 0.9333333333333333500 ) ;
#5896 = ORIENTED_EDGE ( 'NONE', *, *, #2913, .F. ) ;
#5897 = CARTESIAN_POINT ( 'NONE',  ( 2.650000000000001200, 0.6600000000000000300, 2.399999999999999500 ) ) ;
#5898 = ORIENTED_EDGE ( 'NONE', *, *, #5255, .F. ) ;
#5899 = LINE ( 'NONE', #916, #5615 ) ;
#5900 = PRODUCT_DEFINITION_SHAPE ( 'NONE', 'NONE',  #1592 ) ;
#5901 = EDGE_CURVE ( 'NONE', #4526, #606, #329, .T. ) ;
#5902 = LINE ( 'NONE', #3482, #4809 ) ;
#5903 = VERTEX_POINT ( 'NONE', #5155 ) ;
#5904 = CARTESIAN_POINT ( 'NONE',  ( 2.300000000000002000, 2.649999999999999900, -1.450000000000000800 ) ) ;
#5905 = EDGE_LOOP ( 'NONE', ( #622, #3973, #6021, #3640 ) ) ;
#5906 = VECTOR ( 'NONE', #3542, 1000.000000000000000 ) ;
#5907 = EDGE_LOOP ( 'NONE', ( #2108, #4896, #4652, #2755, #3182 ) ) ;
#5908 = EDGE_CURVE ( 'NONE', #3392, #3305, #1099, .T. ) ;
#5909 = ORIENTED_EDGE ( 'NONE', *, *, #3404, .F. ) ;
#5910 = FACE_OUTER_BOUND ( 'NONE', #5662, .T. ) ;
#5911 = PLANE ( 'NONE',  #4835 ) ;
#5912 = CARTESIAN_POINT ( 'NONE',  ( 3.350000000000000500, 0.6600000000000000300, 2.050000000000002500 ) ) ;
#5913 = ORIENTED_EDGE ( 'NONE', *, *, #4157, .T. ) ;
#5914 = CARTESIAN_POINT ( 'NONE',  ( -2.300000000000002000, 0.1273895819931683500, 1.450000000000000800 ) ) ;
#5915 = FACE_OUTER_BOUND ( 'NONE', #1412, .T. ) ;
#5916 = ADVANCED_FACE ( 'NONE', ( #96 ), #1386, .F. ) ;
#5917 = ORIENTED_EDGE ( 'NONE', *, *, #5366, .T. ) ;
#5918 = CLOSED_SHELL ( 'NONE', ( #42, #2005, #4763, #5041, #2442, #2906, #3223, #5832, #1656, #4577, #2288, #1318, #1710, #2184, #773, #148, #2465, #2076, #3265, #5075, #557, #844, #979, #3927, #3627, #1063, #3006, #1347, #1982, #61, #2659, #1398, #1927, #2842, #5525, #4059, #4548, #1354, #2524, #5097, #1519, #1952, #5200, #466, #5066, #2247, #2104, #5308, #1428, #3894, #5225, #905, #1038, #2834, #5286, #4190, #5677, #4509, #5916, #3858, #4347, #3568, #5248, #3950, #4969, #3481, #258, #5777, #4488, #4307, #3691 ) ) ;
#5919 = VERTEX_POINT ( 'NONE', #1811 ) ;
#5920 = PLANE ( 'NONE',  #5500 ) ;
#5922 = EDGE_CURVE ( 'NONE', #3246, #2928, #5899, .T. ) ;
#5921 = DIRECTION ( 'NONE',  ( 0.0000000000000000000, 1.000000000000000000, 0.0000000000000000000 ) ) ;
#5923 = ORIENTED_EDGE ( 'NONE', *, *, #1284, .T. ) ;
#5924 = AXIS2_PLACEMENT_3D ( 'NONE', #5897, #2592, #347 ) ;
#5925 = VECTOR ( 'NONE', #5938, 1000.000000000000000 ) ;
#5926 = CARTESIAN_POINT ( 'NONE',  ( 1.649999999999997900, 0.0000000000000000000, -1.749999999999999800 ) ) ;
#5927 = ORIENTED_EDGE ( 'NONE', *, *, #443, .T. ) ;
#5928 = CARTESIAN_POINT ( 'NONE',  ( -0.3750000000000014400, 1.219584054212075700, 1.797811959340943600 ) ) ;
#5929 = ORIENTED_EDGE ( 'NONE', *, *, #4841, .F. ) ;
#5930 = MECHANICAL_DESIGN_GEOMETRIC_PRESENTATION_REPRESENTATION (  '', ( #4490 ), #3138 ) ;
#5931 = EDGE_CURVE ( 'NONE', #4222, #1016, #2690, .T. ) ;
#5932 = AXIS2_PLACEMENT_3D ( 'NONE', #2919, #2900, #68 ) ;
#5933 = ORIENTED_EDGE ( 'NONE', *, *, #4373, .F. ) ;
#5934 = DIRECTION ( 'NONE',  ( 0.0000000000000000000, 0.0000000000000000000, 1.000000000000000000 ) ) ;
#5935 = ORIENTED_EDGE ( 'NONE', *, *, #5001, .F. ) ;
#5936 = DIRECTION ( 'NONE',  ( 1.000000000000000000, 0.0000000000000000000, 0.0000000000000000000 ) ) ;
#5937 = VECTOR ( 'NONE', #1589, 1000.000000000000100 ) ;
#5938 = DIRECTION ( 'NONE',  ( 1.000000000000000000, -0.0000000000000000000, -0.0000000000000000000 ) ) ;
#5939 = CARTESIAN_POINT ( 'NONE',  ( 2.900000000000003500, 0.2500000000000000000, -2.250000000000000900 ) ) ;
#5940 = CARTESIAN_POINT ( 'NONE',  ( -1.375000000000001300, 0.9499999999999996200, 1.250000000000000900 ) ) ;
#5941 = DIRECTION ( 'NONE',  ( -0.0000000000000000000, -1.000000000000000000, -0.0000000000000000000 ) ) ;
#5942 = EDGE_CURVE ( 'NONE', #339, #1425, #4296, .T. ) ;
#5943 = EDGE_CURVE ( 'NONE', #4620, #1823, #4520, .T. ) ;
#5944 = ORIENTED_EDGE ( 'NONE', *, *, #3789, .F. ) ;
#5945 = PLANE ( 'NONE',  #2449 ) ;
#5946 = EDGE_LOOP ( 'NONE', ( #596, #1022, #3916, #807 ) ) ;
#5947 = CARTESIAN_POINT ( 'NONE',  ( -2.650000000000001200, 0.9499999999999995100, -0.09999999999999766000 ) ) ;
#5948 = EDGE_LOOP ( 'NONE', ( #131, #2089, #334, #4100 ) ) ;
#5949 = DIRECTION ( 'NONE',  ( 0.0000000000000000000, 0.0000000000000000000, -1.000000000000000000 ) ) ;
#5950 = EDGE_CURVE ( 'NONE', #5701, #3733, #4393, .T. ) ;
#5951 = CARTESIAN_POINT ( 'NONE',  ( -3.350000000000000500, 0.6600000000000000300, 2.750000000000002700 ) ) ;
#5952 = AXIS2_PLACEMENT_3D ( 'NONE', #4062, #3096, #3571 ) ;
#5953 = DIRECTION ( 'NONE',  ( 0.0000000000000000000, -1.000000000000000000, 0.0000000000000000000 ) ) ;
#5954 = VECTOR ( 'NONE', #4313, 1000.000000000000000 ) ;
#5955 = CARTESIAN_POINT ( 'NONE',  ( -0.3500000000000022000, 0.3499999999999999800, -1.599999999999999900 ) ) ;
#5956 = DIRECTION ( 'NONE',  ( 0.0000000000000000000, 1.000000000000000000, 0.0000000000000000000 ) ) ;
#5957 = VERTEX_POINT ( 'NONE', #973 ) ;
#5958 = LINE ( 'NONE', #4424, #5598 ) ;
#5959 = PLANE ( 'NONE',  #3498 ) ;
#5960 = AXIS2_PLACEMENT_3D ( 'NONE', #891, #3430, #2990 ) ;
#5961 = FACE_OUTER_BOUND ( 'NONE', #1026, .T. ) ;
#5962 = VERTEX_POINT ( 'NONE', #2450 ) ;
#5963 = LINE ( 'NONE', #523, #2243 ) ;
#5964 = CARTESIAN_POINT ( 'NONE',  ( -2.265000000000003200, 0.3499999999999999800, -0.8499999999999998700 ) ) ;
#5965 = AXIS2_PLACEMENT_3D ( 'NONE', #1932, #528, #5242 ) ;
#5966 = FACE_OUTER_BOUND ( 'NONE', #5161, .T. ) ;
#5967 = DIRECTION ( 'NONE',  ( 0.3133774542039050600, 0.0000000000000000000, -0.9496286491027318100 ) ) ;
#5968 = ORIENTED_EDGE ( 'NONE', *, *, #34, .T. ) ;
#5969 = VECTOR ( 'NONE', #4654, 1000.000000000000000 ) ;
#5970 = CARTESIAN_POINT ( 'NONE',  ( -1.650000000000002100, 0.5249999999999998000, 2.250000000000002200 ) ) ;
#5971 = LINE ( 'NONE', #3725, #4309 ) ;
#5972 = ORIENTED_EDGE ( 'NONE', *, *, #5760, .T. ) ;
#5973 = CARTESIAN_POINT ( 'NONE',  ( -4.899999999999999500, 2.449999999999999700, -2.249999999999997800 ) ) ;
#5974 = EDGE_CURVE ( 'NONE', #968, #2958, #8, .T. ) ;
#5975 = ORIENTED_EDGE ( 'NONE', *, *, #2894, .F. ) ;
#5976 = FACE_OUTER_BOUND ( 'NONE', #102, .T. ) ;
#5977 = ORIENTED_EDGE ( 'NONE', *, *, #4310, .F. ) ;
#5978 = LINE ( 'NONE', #5502, #3159 ) ;
#5979 = PLANE ( 'NONE',  #354 ) ;
#5980 = VECTOR ( 'NONE', #3686, 1000.000000000000000 ) ;
#5981 = ADVANCED_FACE ( 'NONE', ( #2240 ), #75, .F. ) ;
#5982 = ORIENTED_EDGE ( 'NONE', *, *, #1693, .F. ) ;
#5983 = EDGE_LOOP ( 'NONE', ( #3817, #671, #5606, #4661 ) ) ;
#5984 = LINE ( 'NONE', #5928, #806 ) ;
#5985 = VERTEX_POINT ( 'NONE', #3854 ) ;
#5986 =( NAMED_UNIT ( * ) SI_UNIT ( $, .STERADIAN. ) SOLID_ANGLE_UNIT ( ) );
#5987 = LINE ( 'NONE', #5271, #1757 ) ;
#5988 = ORIENTED_EDGE ( 'NONE', *, *, #2840, .F. ) ;
#5989 = ORIENTED_EDGE ( 'NONE', *, *, #3054, .F. ) ;
#5990 = VERTEX_POINT ( 'NONE', #123 ) ;
#5991 = EDGE_CURVE ( 'NONE', #941, #1969, #3108, .T. ) ;
#5992 = CARTESIAN_POINT ( 'NONE',  ( 2.700000000000002400, 2.250000000000000000, -1.450000000000000800 ) ) ;
#5993 = FACE_OUTER_BOUND ( 'NONE', #2499, .T. ) ;
#5994 = EDGE_CURVE ( 'NONE', #31, #321, #4434, .T. ) ;
#5995 = DIRECTION ( 'NONE',  ( 3.469446951953515100E-014, -1.000000000000000000, 0.0000000000000000000 ) ) ;
#5996 = ORIENTED_EDGE ( 'NONE', *, *, #1212, .T. ) ;
#5997 = CARTESIAN_POINT ( 'NONE',  ( 2.300000000000002000, 2.649999999999999900, 1.550000000000000500 ) ) ;
#5998 = LINE ( 'NONE', #3499, #1259 ) ;
#5999 = DIRECTION ( 'NONE',  ( 0.0000000000000000000, -0.0000000000000000000, -1.000000000000000000 ) ) ;
#6000 =( NAMED_UNIT ( * ) PLANE_ANGLE_UNIT ( ) SI_UNIT ( $, .RADIAN. ) );
#6001 = ORIENTED_EDGE ( 'NONE', *, *, #590, .T. ) ;
#6002 = DIRECTION ( 'NONE',  ( 0.0000000000000000000, -0.0000000000000000000, 1.000000000000000000 ) ) ;
#6003 = CARTESIAN_POINT ( 'NONE',  ( 2.700000000000002400, 0.1273895819931683500, 1.450000000000000800 ) ) ;
#6004 = ORIENTED_EDGE ( 'NONE', *, *, #1455, .F. ) ;
#6005 = CARTESIAN_POINT ( 'NONE',  ( 2.735000000000001200, 2.449999999999999700, -2.249999999999997800 ) ) ;
#6006 = EDGE_LOOP ( 'NONE', ( #4779, #4665, #161, #1999 ) ) ;
#6007 = DIRECTION ( 'NONE',  ( 0.0000000000000000000, 0.0000000000000000000, 1.000000000000000000 ) ) ;
#6008 = DIRECTION ( 'NONE',  ( -1.000000000000000000, -0.0000000000000000000, -0.0000000000000000000 ) ) ;
#6009 = CLOSED_SHELL ( 'NONE', ( #1553, #3309, #2594, #348, #5373, #1492, #4458, #492, #4216, #4611, #3252, #3593, #5864, #5718, #756 ) ) ;
#6010 = EDGE_CURVE ( 'NONE', #5758, #956, #2905, .T. ) ;
#6011 = PRESENTATION_LAYER_ASSIGNMENT (  '', '', ( #1637 ) ) ;
#6012 = CARTESIAN_POINT ( 'NONE',  ( -0.3750000000000014400, 0.0000000000000000000, -2.249999999999999600 ) ) ;
#6013 = FILL_AREA_STYLE ('',( #3714 ) ) ;
#6014 = ADVANCED_FACE ( 'NONE', ( #6025 ), #3867, .T. ) ;
#6015 = DIRECTION ( 'NONE',  ( 0.0000000000000000000, -1.000000000000000000, 0.0000000000000000000 ) ) ;
#6016 = EDGE_CURVE ( 'NONE', #5850, #2927, #4142, .T. ) ;
#6017 = CARTESIAN_POINT ( 'NONE',  ( 3.350000000000000500, 0.6600000000000000300, 2.399999999999999500 ) ) ;
#6018 = DIRECTION ( 'NONE',  ( 0.0000000000000000000, 1.000000000000000000, 0.0000000000000000000 ) ) ;
#6019 = EDGE_LOOP ( 'NONE', ( #3037, #4522, #4181, #3574 ) ) ;
#6020 = CARTESIAN_POINT ( 'NONE',  ( 0.6249999999999985600, 2.199999999999998800, -1.599999999999999900 ) ) ;
#6021 = ORIENTED_EDGE ( 'NONE', *, *, #4800, .F. ) ;
#6022 = EDGE_CURVE ( 'NONE', #3163, #5850, #1872, .T. ) ;
#6023 = CARTESIAN_POINT ( 'NONE',  ( -4.899999999999999500, 2.349999999999997400, 3.250000000000002700 ) ) ;
#6024 = DIRECTION ( 'NONE',  ( 0.0000000000000000000, 0.0000000000000000000, -1.000000000000000000 ) ) ;
#6025 = FACE_OUTER_BOUND ( 'NONE', #1531, .T. ) ;
#6026 = CARTESIAN_POINT ( 'NONE',  ( -2.700000000000002400, 0.0000000000000000000, 1.100000000000000800 ) ) ;
#6027 = VECTOR ( 'NONE', #2739, 1000.000000000000000 ) ;
#6028 = CARTESIAN_POINT ( 'NONE',  ( 0.7999999999999987100, 0.3499999999999999800, -2.250000000000000000 ) ) ;
#6029 = DIRECTION ( 'NONE',  ( -1.000000000000000000, -0.0000000000000000000, -0.0000000000000000000 ) ) ;
#6030 = CARTESIAN_POINT ( 'NONE',  ( -1.625000000000001300, 0.0000000000000000000, -2.249999999999999600 ) ) ;
#6031 = LINE ( 'NONE', #586, #1078 ) ;
#6032 = DIRECTION ( 'NONE',  ( 0.0000000000000000000, -0.0000000000000000000, 1.000000000000000000 ) ) ;
#6033 = LINE ( 'NONE', #1020, #2166 ) ;
#6034 = ORIENTED_EDGE ( 'NONE', *, *, #3851, .F. ) ;
#6035 = CARTESIAN_POINT ( 'NONE',  ( -4.899999999999999500, 2.449999999999999700, -2.249999999999997800 ) ) ;
#6036 = PLANE ( 'NONE',  #2520 ) ;
#6037 = AXIS2_PLACEMENT_3D ( 'NONE', #3056, #5311, #1155 ) ;
#6038 = DIRECTION ( 'NONE',  ( 0.0000000000000000000, 0.0000000000000000000, -1.000000000000000000 ) ) ;
#6039 = EDGE_CURVE ( 'NONE', #2653, #5028, #2457, .T. ) ;
#6040 = ADVANCED_FACE ( 'NONE', ( #3210 ), #5186, .F. ) ;
#6041 = LINE ( 'NONE', #4902, #1366 ) ;
ENDSEC;
END-ISO-10303-21;
