ISO-10303-21;
HEADER;
FILE_DESCRIPTION (( 'STEP AP214' ),
    '1' );
FILE_NAME ('User Library-B4B-ZR.STEP',
    '2022-02-28T08:10:34',
    ( '' ),
    ( '' ),
    'SwSTEP 2.0',
    'SolidWorks 2021',
    '' );
FILE_SCHEMA (( 'AUTOMOTIVE_DESIGN' ));
ENDSEC;

DATA;
#1 = DIRECTION ( 'NONE',  ( 1.000000000000000000, -0.0000000000000000000, 0.0000000000000000000 ) ) ;
#2 = DIRECTION ( 'NONE',  ( 0.0000000000000000000, 0.0000000000000000000, 1.000000000000000000 ) ) ;
#3 = SURFACE_STYLE_FILL_AREA ( #1335 ) ;
#4 = VERTEX_POINT ( 'NONE', #119 ) ;
#5 = EDGE_CURVE ( 'NONE', #1167, #140, #619, .T. ) ;
#6 = ORIENTED_EDGE ( 'NONE', *, *, #1563, .T. ) ;
#7 = LINE ( 'NONE', #600, #110 ) ;
#8 = ORIENTED_EDGE ( 'NONE', *, *, #1152, .T. ) ;
#9 = DIRECTION ( 'NONE',  ( -0.0000000000000000000, 0.0000000000000000000, 1.000000000000000000 ) ) ;
#10 = DIRECTION ( 'NONE',  ( 0.0000000000000000000, -1.000000000000000000, 0.0000000000000000000 ) ) ;
#11 = LINE ( 'NONE', #1903, #1664 ) ;
#12 = ORIENTED_EDGE ( 'NONE', *, *, #846, .T. ) ;
#13 = VECTOR ( 'NONE', #1233, 1000.000000000000000 ) ;
#14 = CARTESIAN_POINT ( 'NONE',  ( 3.250000000000000444, 1.699999999999997069, -0.4000000000000006328 ) ) ;
#15 = LINE ( 'NONE', #467, #1752 ) ;
#16 = ADVANCED_FACE ( 'NONE', ( #1808 ), #783, .F. ) ;
#17 = VERTEX_POINT ( 'NONE', #1206 ) ;
#18 = SURFACE_SIDE_STYLE ('',( #165 ) ) ;
#19 = ADVANCED_FACE ( 'NONE', ( #927 ), #1514, .F. ) ;
#20 = ORIENTED_EDGE ( 'NONE', *, *, #358, .F. ) ;
#21 = VECTOR ( 'NONE', #1899, 1000.000000000000000 ) ;
#22 = PRESENTATION_LAYER_ASSIGNMENT (  '', '', ( #1815 ) ) ;
#23 = PLANE ( 'NONE',  #265 ) ;
#24 = LINE ( 'NONE', #177, #360 ) ;
#25 = AXIS2_PLACEMENT_3D ( 'NONE', #179, #777, #1389 ) ;
#26 = CARTESIAN_POINT ( 'NONE',  ( -3.250000000000000444, 1.699999999999997069, -0.3999999999999998002 ) ) ;
#27 = CARTESIAN_POINT ( 'NONE',  ( -3.750000000000000000, 4.499999999999997335, -1.750000000000000000 ) ) ;
#28 = AXIS2_PLACEMENT_3D ( 'NONE', #219, #817, #657 ) ;
#29 = COLOUR_RGB ( '',0.0000000000000000000, 0.0000000000000000000, 0.6274509803921568540 ) ;
#30 = FILL_AREA_STYLE_COLOUR ( '', #361 ) ;
#31 = SURFACE_STYLE_USAGE ( .BOTH. , #147 ) ;
#32 = VERTEX_POINT ( 'NONE', #1377 ) ;
#33 = ADVANCED_FACE ( 'NONE', ( #1505 ), #170, .T. ) ;
#34 = CARTESIAN_POINT ( 'NONE',  ( -3.250000000000000444, 1.399999999999997469, -3.100000000000000977 ) ) ;
#35 =( NAMED_UNIT ( * ) SI_UNIT ( $, .STERADIAN. ) SOLID_ANGLE_UNIT ( ) );
#36 = DIRECTION ( 'NONE',  ( 0.0000000000000000000, 1.000000000000000000, 0.0000000000000000000 ) ) ;
#37 = ORIENTED_EDGE ( 'NONE', *, *, #680, .F. ) ;
#38 = CARTESIAN_POINT ( 'NONE',  ( 3.250000000000000444, 4.499999999999997335, -0.9500000000000000666 ) ) ;
#39 = ORIENTED_EDGE ( 'NONE', *, *, #358, .T. ) ;
#40 = ADVANCED_FACE ( 'NONE', ( #195 ), #792, .T. ) ;
#41 = LINE ( 'NONE', #631, #1477 ) ;
#42 =( NAMED_UNIT ( * ) SI_UNIT ( $, .STERADIAN. ) SOLID_ANGLE_UNIT ( ) );
#43 = CARTESIAN_POINT ( 'NONE',  ( -3.750000000000000000, 2.699999999999997069, -0.9500000000000001776 ) ) ;
#44 = ORIENTED_EDGE ( 'NONE', *, *, #1633, .T. ) ;
#45 = PLANE ( 'NONE',  #1569 ) ;
#46 = EDGE_LOOP ( 'NONE', ( #622, #691 ) ) ;
#47 = MECHANICAL_DESIGN_GEOMETRIC_PRESENTATION_REPRESENTATION (  '', ( #411 ), #106 ) ;
#48 = PRESENTATION_LAYER_ASSIGNMENT (  '', '', ( #1660 ) ) ;
#49 = AXIS2_PLACEMENT_3D ( 'NONE', #382, #241, #981 ) ;
#50 = DIRECTION ( 'NONE',  ( 0.0000000000000000000, -0.0000000000000000000, 1.000000000000000000 ) ) ;
#51 =( GEOMETRIC_REPRESENTATION_CONTEXT ( 3 ) GLOBAL_UNCERTAINTY_ASSIGNED_CONTEXT ( ( #1735 ) ) GLOBAL_UNIT_ASSIGNED_CONTEXT ( ( #703, #1141, #1737 ) ) REPRESENTATION_CONTEXT ( 'NONE', 'WORKASPACE' ) );
#52 = CARTESIAN_POINT ( 'NONE',  ( 0.7500000000000002220, -2.700000000000002842, -1.300000000000000266 ) ) ;
#53 = UNCERTAINTY_MEASURE_WITH_UNIT (LENGTH_MEASURE( 1.000000000000000082E-05 ), #1675, 'distance_accuracy_value', 'NONE');
#54 = FILL_AREA_STYLE_COLOUR ( '', #1686 ) ;
#55 = VECTOR ( 'NONE', #1368, 1000.000000000000000 ) ;
#56 = EDGE_CURVE ( 'NONE', #581, #1705, #506, .T. ) ;
#57 = AXIS2_PLACEMENT_3D ( 'NONE', #1118, #1579, #1402 ) ;
#58 = DIRECTION ( 'NONE',  ( -0.0000000000000000000, -1.000000000000000000, -0.0000000000000000000 ) ) ;
#59 = ORIENTED_EDGE ( 'NONE', *, *, #764, .T. ) ;
#60 = LINE ( 'NONE', #1559, #1600 ) ;
#61 = SURFACE_STYLE_FILL_AREA ( #318 ) ;
#62 = CARTESIAN_POINT ( 'NONE',  ( -3.750000000000000000, 4.499999999999997335, 0.0000000000000000000 ) ) ;
#63 =( LENGTH_UNIT ( ) NAMED_UNIT ( * ) SI_UNIT ( .MILLI., .METRE. ) );
#64 = DIRECTION ( 'NONE',  ( 0.0000000000000000000, -6.746146851020920861E-16, 1.000000000000000000 ) ) ;
#65 = CARTESIAN_POINT ( 'NONE',  ( 3.249999999999999556, 2.699999999999997069, -0.9500000000000001776 ) ) ;
#66 = VERTEX_POINT ( 'NONE', #1105 ) ;
#67 = EDGE_CURVE ( 'NONE', #1822, #639, #1134, .T. ) ;
#68 = CARTESIAN_POINT ( 'NONE',  ( -0.7499999999999997780, -4.336808689942017736E-16, -1.050000000000000044 ) ) ;
#69 = ORIENTED_EDGE ( 'NONE', *, *, #1838, .T. ) ;
#70 = CYLINDRICAL_SURFACE ( 'NONE', #1119, 0.2500000000000000000 ) ;
#71 = CARTESIAN_POINT ( 'NONE',  ( -2.250000000000000444, -2.700000000000002842, -1.300000000000000266 ) ) ;
#72 = DIRECTION ( 'NONE',  ( -1.000000000000000000, -0.0000000000000000000, -0.0000000000000000000 ) ) ;
#73 = UNCERTAINTY_MEASURE_WITH_UNIT (LENGTH_MEASURE( 1.000000000000000082E-05 ), #809, 'distance_accuracy_value', 'NONE');
#74 = ORIENTED_EDGE ( 'NONE', *, *, #665, .F. ) ;
#75 = DIRECTION ( 'NONE',  ( -0.0000000000000000000, -1.000000000000000000, -0.0000000000000000000 ) ) ;
#76 = SURFACE_SIDE_STYLE ('',( #61 ) ) ;
#77 = VECTOR ( 'NONE', #1220, 1000.000000000000000 ) ;
#78 = COLOUR_RGB ( '',0.7529411764705882248, 0.7529411764705882248, 0.7529411764705882248 ) ;
#79 = STYLED_ITEM ( 'NONE', ( #950 ), #40 ) ;
#80 = SURFACE_SIDE_STYLE ('',( #1126 ) ) ;
#81 = FACE_OUTER_BOUND ( 'NONE', #749, .T. ) ;
#82 = AXIS2_PLACEMENT_3D ( 'NONE', #752, #1626, #453 ) ;
#83 = CARTESIAN_POINT ( 'NONE',  ( -2.550000000000000266, 0.0000000000000000000, 0.0000000000000000000 ) ) ;
#84 = VECTOR ( 'NONE', #415, 1000.000000000000000 ) ;
#85 = ORIENTED_EDGE ( 'NONE', *, *, #516, .F. ) ;
#86 = DIRECTION ( 'NONE',  ( 0.0000000000000000000, 1.000000000000000000, 0.0000000000000000000 ) ) ;
#87 = DIRECTION ( 'NONE',  ( 0.0000000000000000000, 1.000000000000000000, 0.0000000000000000000 ) ) ;
#88 = ORIENTED_EDGE ( 'NONE', *, *, #908, .T. ) ;
#89 = AXIS2_PLACEMENT_3D ( 'NONE', #1007, #1260, #1576 ) ;
#90 = EDGE_CURVE ( 'NONE', #1803, #1099, #818, .T. ) ;
#91 =( LENGTH_UNIT ( ) NAMED_UNIT ( * ) SI_UNIT ( .MILLI., .METRE. ) );
#92 = UNCERTAINTY_MEASURE_WITH_UNIT (LENGTH_MEASURE( 1.000000000000000082E-05 ), #562, 'distance_accuracy_value', 'NONE');
#93 = EDGE_LOOP ( 'NONE', ( #595, #335, #8, #495 ) ) ;
#94 = CARTESIAN_POINT ( 'NONE',  ( 3.750000000000000000, 2.699999999999997069, 0.0000000000000000000 ) ) ;
#95 = DIRECTION ( 'NONE',  ( 0.0000000000000000000, 1.000000000000000000, 0.0000000000000000000 ) ) ;
#96 = ORIENTED_EDGE ( 'NONE', *, *, #320, .F. ) ;
#97 = ADVANCED_FACE ( 'NONE', ( #81 ), #670, .F. ) ;
#98 = CARTESIAN_POINT ( 'NONE',  ( 0.7500000000000002220, 1.399999999999996803, -1.300000000000000266 ) ) ;
#99 = DIRECTION ( 'NONE',  ( -0.0000000000000000000, -1.000000000000000000, -0.0000000000000000000 ) ) ;
#100 =( LENGTH_UNIT ( ) NAMED_UNIT ( * ) SI_UNIT ( .MILLI., .METRE. ) );
#101 = ORIENTED_EDGE ( 'NONE', *, *, #1015, .F. ) ;
#102 = PLANE ( 'NONE',  #258 ) ;
#103 = ORIENTED_EDGE ( 'NONE', *, *, #1577, .T. ) ;
#104 = FACE_OUTER_BOUND ( 'NONE', #304, .T. ) ;
#105 = DIRECTION ( 'NONE',  ( -0.0000000000000000000, -1.000000000000000000, -0.0000000000000000000 ) ) ;
#106 =( GEOMETRIC_REPRESENTATION_CONTEXT ( 3 ) GLOBAL_UNCERTAINTY_ASSIGNED_CONTEXT ( ( #1298 ) ) GLOBAL_UNIT_ASSIGNED_CONTEXT ( ( #597, #1906, #1487 ) ) REPRESENTATION_CONTEXT ( 'NONE', 'WORKASPACE' ) );
#107 = DIRECTION ( 'NONE',  ( 0.0000000000000000000, -0.0000000000000000000, 1.000000000000000000 ) ) ;
#108 = ORIENTED_EDGE ( 'NONE', *, *, #439, .F. ) ;
#109 = AXIS2_PLACEMENT_3D ( 'NONE', #256, #1032, #293 ) ;
#110 = VECTOR ( 'NONE', #457, 1000.000000000000000 ) ;
#111 = EDGE_CURVE ( 'NONE', #549, #1594, #202, .T. ) ;
#112 = STYLED_ITEM ( 'NONE', ( #913 ), #1286 ) ;
#113 = CARTESIAN_POINT ( 'NONE',  ( 3.750000000000000000, 4.499999999999997335, -1.750000000000000000 ) ) ;
#114 = EDGE_LOOP ( 'NONE', ( #1883, #1107, #1003, #103 ) ) ;
#115 =( GEOMETRIC_REPRESENTATION_CONTEXT ( 3 ) GLOBAL_UNCERTAINTY_ASSIGNED_CONTEXT ( ( #185 ) ) GLOBAL_UNIT_ASSIGNED_CONTEXT ( ( #63, #497, #35 ) ) REPRESENTATION_CONTEXT ( 'NONE', 'WORKASPACE' ) );
#116 = PRODUCT_DEFINITION_FORMATION_WITH_SPECIFIED_SOURCE ( 'ANY', '', #1647, .NOT_KNOWN. ) ;
#117 = DIRECTION ( 'NONE',  ( -0.0000000000000000000, 0.0000000000000000000, 1.000000000000000000 ) ) ;
#118 = CARTESIAN_POINT ( 'NONE',  ( 3.750000000000000000, 0.0000000000000000000, 0.0000000000000000000 ) ) ;
#119 = CARTESIAN_POINT ( 'NONE',  ( 2.250000000000001332, 1.399999999999996803, -1.550000000000000266 ) ) ;
#120 = FACE_OUTER_BOUND ( 'NONE', #1336, .T. ) ;
#121 = EDGE_CURVE ( 'NONE', #1056, #712, #1881, .T. ) ;
#122 = ORIENTED_EDGE ( 'NONE', *, *, #346, .T. ) ;
#123 = APPLICATION_PROTOCOL_DEFINITION ( 'draft international standard', 'automotive_design', 1998, #772 ) ;
#124 = DIRECTION ( 'NONE',  ( -0.0000000000000000000, 0.0000000000000000000, -1.000000000000000000 ) ) ;
#125 = DIRECTION ( 'NONE',  ( 0.0000000000000000000, 1.000000000000000000, 0.0000000000000000000 ) ) ;
#126 = DIRECTION ( 'NONE',  ( -0.0000000000000000000, -1.000000000000000000, -0.0000000000000000000 ) ) ;
#127 = CARTESIAN_POINT ( 'NONE',  ( 2.250000000000001332, -2.700000000000002842, -1.050000000000000044 ) ) ;
#128 = ORIENTED_EDGE ( 'NONE', *, *, #1741, .T. ) ;
#129 = CYLINDRICAL_SURFACE ( 'NONE', #357, 0.2500000000000000000 ) ;
#130 = DIRECTION ( 'NONE',  ( 1.000000000000000000, 0.0000000000000000000, 0.0000000000000000000 ) ) ;
#131 = ORIENTED_EDGE ( 'NONE', *, *, #67, .F. ) ;
#132 = EDGE_LOOP ( 'NONE', ( #504, #474, #1588, #946 ) ) ;
#133 = EDGE_CURVE ( 'NONE', #17, #475, #310, .T. ) ;
#134 = DIRECTION ( 'NONE',  ( 0.0000000000000000000, 0.0000000000000000000, 1.000000000000000000 ) ) ;
#135 =( LENGTH_UNIT ( ) NAMED_UNIT ( * ) SI_UNIT ( .MILLI., .METRE. ) );
#136 = DIRECTION ( 'NONE',  ( 0.0000000000000000000, 1.204669080539449344E-16, -1.000000000000000000 ) ) ;
#137 = PLANE ( 'NONE',  #1572 ) ;
#138 = MECHANICAL_DESIGN_GEOMETRIC_PRESENTATION_REPRESENTATION (  '', ( #1508 ), #1222 ) ;
#139 = CARTESIAN_POINT ( 'NONE',  ( -3.750000000000000000, 4.499999999999997335, -0.9499999999999998446 ) ) ;
#140 = VERTEX_POINT ( 'NONE', #1305 ) ;
#141 = AXIS2_PLACEMENT_3D ( 'NONE', #658, #537, #1252 ) ;
#142 = VECTOR ( 'NONE', #212, 1000.000000000000000 ) ;
#143 = CARTESIAN_POINT ( 'NONE',  ( -0.7499999999999997780, -2.700000000000002842, -1.300000000000000266 ) ) ;
#144 = FACE_OUTER_BOUND ( 'NONE', #405, .T. ) ;
#145 = AXIS2_PLACEMENT_3D ( 'NONE', #917, #324, #1512 ) ;
#146 = VERTEX_POINT ( 'NONE', #1313 ) ;
#147 = SURFACE_SIDE_STYLE ('',( #1816 ) ) ;
#148 = VECTOR ( 'NONE', #334, 1000.000000000000000 ) ;
#149 = CARTESIAN_POINT ( 'NONE',  ( 0.7500000000000002220, -2.700000000000002842, -1.050000000000000044 ) ) ;
#150 = DIRECTION ( 'NONE',  ( 0.0000000000000000000, 0.0000000000000000000, 1.000000000000000000 ) ) ;
#151 = EDGE_CURVE ( 'NONE', #1834, #887, #1173, .T. ) ;
#152 = CARTESIAN_POINT ( 'NONE',  ( 2.250000000000001332, 3.799999999999998046, -1.300000000000000266 ) ) ;
#153 = FACE_OUTER_BOUND ( 'NONE', #314, .T. ) ;
#154 = DIRECTION ( 'NONE',  ( -0.0000000000000000000, 1.000000000000000000, 1.807003620809173892E-16 ) ) ;
#155 = ORIENTED_EDGE ( 'NONE', *, *, #1227, .F. ) ;
#156 = CARTESIAN_POINT ( 'NONE',  ( 2.250000000000001332, -2.700000000000002842, -1.300000000000000266 ) ) ;
#157 = ORIENTED_EDGE ( 'NONE', *, *, #401, .T. ) ;
#158 = DIRECTION ( 'NONE',  ( -0.0000000000000000000, -1.000000000000000000, -0.0000000000000000000 ) ) ;
#159 = SURFACE_STYLE_USAGE ( .BOTH. , #309 ) ;
#160 = DIRECTION ( 'NONE',  ( -0.0000000000000000000, -1.000000000000000000, -0.0000000000000000000 ) ) ;
#161 = DIRECTION ( 'NONE',  ( 0.0000000000000000000, 1.000000000000000000, 0.0000000000000000000 ) ) ;
#162 = EDGE_LOOP ( 'NONE', ( #1886, #1358, #1627, #1718 ) ) ;
#163 = DIRECTION ( 'NONE',  ( 1.000000000000000000, 0.0000000000000000000, 0.0000000000000000000 ) ) ;
#164 = ORIENTED_EDGE ( 'NONE', *, *, #1819, .F. ) ;
#165 = SURFACE_STYLE_FILL_AREA ( #1180 ) ;
#166 = LINE ( 'NONE', #642, #1683 ) ;
#167 = SURFACE_SIDE_STYLE ('',( #477 ) ) ;
#168 = LINE ( 'NONE', #1326, #84 ) ;
#169 = UNCERTAINTY_MEASURE_WITH_UNIT (LENGTH_MEASURE( 1.000000000000000082E-05 ), #608, 'distance_accuracy_value', 'NONE');
#170 = CYLINDRICAL_SURFACE ( 'NONE', #1870, 0.2500000000000000000 ) ;
#171 = VERTEX_POINT ( 'NONE', #909 ) ;
#172 = ADVANCED_FACE ( 'NONE', ( #696 ), #1742, .F. ) ;
#173 = DIRECTION ( 'NONE',  ( 0.0000000000000000000, 0.0000000000000000000, 1.000000000000000000 ) ) ;
#174 = ORIENTED_EDGE ( 'NONE', *, *, #67, .T. ) ;
#175 = AXIS2_PLACEMENT_3D ( 'NONE', #524, #462, #1347 ) ;
#176 = PRESENTATION_LAYER_ASSIGNMENT (  '', '', ( #1147 ) ) ;
#177 = CARTESIAN_POINT ( 'NONE',  ( -3.750000000000000000, 4.499999999999997335, -1.750000000000000222 ) ) ;
#178 = VECTOR ( 'NONE', #548, 1000.000000000000000 ) ;
#179 = CARTESIAN_POINT ( 'NONE',  ( 0.7500000000000002220, -2.700000000000002842, -1.300000000000000266 ) ) ;
#180 = EDGE_CURVE ( 'NONE', #565, #371, #1733, .T. ) ;
#181 = FACE_OUTER_BOUND ( 'NONE', #93, .T. ) ;
#182 = ORIENTED_EDGE ( 'NONE', *, *, #536, .F. ) ;
#183 = FILL_AREA_STYLE ('',( #1524 ) ) ;
#184 =( NAMED_UNIT ( * ) PLANE_ANGLE_UNIT ( ) SI_UNIT ( $, .RADIAN. ) );
#185 = UNCERTAINTY_MEASURE_WITH_UNIT (LENGTH_MEASURE( 1.000000000000000082E-05 ), #63, 'distance_accuracy_value', 'NONE');
#186 =( NAMED_UNIT ( * ) PLANE_ANGLE_UNIT ( ) SI_UNIT ( $, .RADIAN. ) );
#187 = PLANE ( 'NONE',  #1382 ) ;
#188 = ORIENTED_EDGE ( 'NONE', *, *, #1518, .T. ) ;
#189 = DIRECTION ( 'NONE',  ( 0.0000000000000000000, 1.000000000000000000, -0.0000000000000000000 ) ) ;
#190 = ORIENTED_EDGE ( 'NONE', *, *, #1273, .F. ) ;
#191 = EDGE_CURVE ( 'NONE', #778, #1837, #1776, .T. ) ;
#192 = FACE_OUTER_BOUND ( 'NONE', #1787, .T. ) ;
#193 = EDGE_CURVE ( 'NONE', #1612, #770, #1890, .T. ) ;
#194 = PRESENTATION_STYLE_ASSIGNMENT (( #505 ) ) ;
#195 = FACE_OUTER_BOUND ( 'NONE', #577, .T. ) ;
#196 = DIRECTION ( 'NONE',  ( 0.0000000000000000000, 1.000000000000000000, 0.0000000000000000000 ) ) ;
#197 = ORIENTED_EDGE ( 'NONE', *, *, #1197, .T. ) ;
#198 = VECTOR ( 'NONE', #125, 1000.000000000000000 ) ;
#199 = DIRECTION ( 'NONE',  ( 0.0000000000000000000, 0.0000000000000000000, -1.000000000000000000 ) ) ;
#200 = ORIENTED_EDGE ( 'NONE', *, *, #1374, .F. ) ;
#201 = AXIS2_PLACEMENT_3D ( 'NONE', #563, #1483, #739 ) ;
#202 = CIRCLE ( 'NONE', #1289, 0.2500000000000000000 ) ;
#203 = STYLED_ITEM ( 'NONE', ( #1763 ), #431 ) ;
#204 = ADVANCED_FACE ( 'NONE', ( #554 ), #871, .F. ) ;
#205 = COLOUR_RGB ( '',0.7529411764705882248, 0.7529411764705882248, 0.7529411764705882248 ) ;
#206 = MECHANICAL_DESIGN_GEOMETRIC_PRESENTATION_REPRESENTATION (  '', ( #305 ), #423 ) ;
#207 = CARTESIAN_POINT ( 'NONE',  ( -2.250000000000000444, -2.700000000000002842, -1.550000000000000266 ) ) ;
#208 = EDGE_LOOP ( 'NONE', ( #1673, #421, #1271, #1006 ) ) ;
#209 = CYLINDRICAL_SURFACE ( 'NONE', #1199, 0.2500000000000000000 ) ;
#210 = ORIENTED_EDGE ( 'NONE', *, *, #90, .F. ) ;
#211 =( NAMED_UNIT ( * ) PLANE_ANGLE_UNIT ( ) SI_UNIT ( $, .RADIAN. ) );
#212 = DIRECTION ( 'NONE',  ( -0.0000000000000000000, -1.000000000000000000, 0.0000000000000000000 ) ) ;
#213 = FACE_OUTER_BOUND ( 'NONE', #162, .T. ) ;
#214 = ORIENTED_EDGE ( 'NONE', *, *, #1784, .F. ) ;
#215 = CARTESIAN_POINT ( 'NONE',  ( -2.549999999999999822, 2.699999999999997069, -3.501000000000003887 ) ) ;
#216 = PRESENTATION_STYLE_ASSIGNMENT (( #1560 ) ) ;
#217 = ORIENTED_EDGE ( 'NONE', *, *, #713, .F. ) ;
#218 =( NAMED_UNIT ( * ) PLANE_ANGLE_UNIT ( ) SI_UNIT ( $, .RADIAN. ) );
#219 = CARTESIAN_POINT ( 'NONE',  ( -2.250000000000000444, 1.399999999999996803, -1.300000000000000266 ) ) ;
#220 = DIRECTION ( 'NONE',  ( 0.0000000000000000000, 0.0000000000000000000, 1.000000000000000000 ) ) ;
#221 = CARTESIAN_POINT ( 'NONE',  ( -3.250000000000000444, 4.499999999999997335, 0.0000000000000000000 ) ) ;
#222 =( NAMED_UNIT ( * ) PLANE_ANGLE_UNIT ( ) SI_UNIT ( $, .RADIAN. ) );
#223 = EDGE_LOOP ( 'NONE', ( #1193, #719 ) ) ;
#224 = DIRECTION ( 'NONE',  ( 0.0000000000000000000, 0.7071067811865431318, 0.7071067811865517916 ) ) ;
#225 = CARTESIAN_POINT ( 'NONE',  ( 2.250000000000001332, -2.700000000000002842, -1.300000000000000266 ) ) ;
#226 = EDGE_CURVE ( 'NONE', #712, #1410, #882, .T. ) ;
#227 = EDGE_LOOP ( 'NONE', ( #588, #1826, #1562, #967 ) ) ;
#228 = STYLED_ITEM ( 'NONE', ( #819 ), #735 ) ;
#229 =( GEOMETRIC_REPRESENTATION_CONTEXT ( 3 ) GLOBAL_UNCERTAINTY_ASSIGNED_CONTEXT ( ( #73 ) ) GLOBAL_UNIT_ASSIGNED_CONTEXT ( ( #809, #849, #1430 ) ) REPRESENTATION_CONTEXT ( 'NONE', 'WORKASPACE' ) );
#230 = PRESENTATION_STYLE_ASSIGNMENT (( #1264 ) ) ;
#231 = CIRCLE ( 'NONE', #1788, 0.2500000000000000000 ) ;
#232 = AXIS2_PLACEMENT_3D ( 'NONE', #924, #1797, #471 ) ;
#233 = FILL_AREA_STYLE ('',( #1701 ) ) ;
#234 = MECHANICAL_DESIGN_GEOMETRIC_PRESENTATION_REPRESENTATION (  '', ( #1792 ), #801 ) ;
#235 = ORIENTED_EDGE ( 'NONE', *, *, #1419, .T. ) ;
#236 =( NAMED_UNIT ( * ) PLANE_ANGLE_UNIT ( ) SI_UNIT ( $, .RADIAN. ) );
#237 = DIRECTION ( 'NONE',  ( 0.0000000000000000000, 0.0000000000000000000, 1.000000000000000000 ) ) ;
#238 = ORIENTED_EDGE ( 'NONE', *, *, #1609, .F. ) ;
#239 = ADVANCED_FACE ( 'NONE', ( #403 ), #295, .F. ) ;
#240 =( LENGTH_UNIT ( ) NAMED_UNIT ( * ) SI_UNIT ( .MILLI., .METRE. ) );
#241 = DIRECTION ( 'NONE',  ( 0.0000000000000000000, 1.000000000000000000, 0.0000000000000000000 ) ) ;
#242 = CARTESIAN_POINT ( 'NONE',  ( -3.250000000000002665, 1.099999999999997646, -2.050000000000004707 ) ) ;
#243 = DIRECTION ( 'NONE',  ( -1.000000000000000000, -0.0000000000000000000, -0.0000000000000000000 ) ) ;
#244 = EDGE_LOOP ( 'NONE', ( #1849, #1427 ) ) ;
#245 = CARTESIAN_POINT ( 'NONE',  ( -3.250000000000000444, 4.499999999999997335, -1.750000000000000222 ) ) ;
#246 = ORIENTED_EDGE ( 'NONE', *, *, #526, .T. ) ;
#247 = EDGE_CURVE ( 'NONE', #1185, #1540, #166, .T. ) ;
#248 = DIRECTION ( 'NONE',  ( 1.000000000000000000, -0.0000000000000000000, 0.0000000000000000000 ) ) ;
#249 = CARTESIAN_POINT ( 'NONE',  ( -3.250000000000001776, 1.399999999999997247, -1.750000000000001110 ) ) ;
#250 = ADVANCED_FACE ( 'NONE', ( #1088 ), #496, .F. ) ;
#251 = DIRECTION ( 'NONE',  ( -0.0000000000000000000, 1.000000000000000000, 2.065146995210491351E-16 ) ) ;
#252 = ORIENTED_EDGE ( 'NONE', *, *, #1175, .T. ) ;
#253 = PLANE ( 'NONE',  #1868 ) ;
#254 = LINE ( 'NONE', #854, #1011 ) ;
#255 = ORIENTED_EDGE ( 'NONE', *, *, #570, .F. ) ;
#256 = CARTESIAN_POINT ( 'NONE',  ( 3.250000000000000444, 1.399999999999997469, -3.100000000000000977 ) ) ;
#257 = EDGE_CURVE ( 'NONE', #1208, #371, #624, .T. ) ;
#258 = AXIS2_PLACEMENT_3D ( 'NONE', #690, #1287, #1874 ) ;
#259 = SURFACE_SIDE_STYLE ('',( #1604 ) ) ;
#260 = PLANE ( 'NONE',  #1575 ) ;
#261 = ORIENTED_EDGE ( 'NONE', *, *, #191, .F. ) ;
#262 = STYLED_ITEM ( 'NONE', ( #216 ), #1067 ) ;
#263 = AXIS2_PLACEMENT_3D ( 'NONE', #754, #1507, #621 ) ;
#264 = DIRECTION ( 'NONE',  ( 0.0000000000000000000, 0.0000000000000000000, 1.000000000000000000 ) ) ;
#265 = AXIS2_PLACEMENT_3D ( 'NONE', #648, #1200, #1240 ) ;
#266 = CARTESIAN_POINT ( 'NONE',  ( -3.750000000000000000, 2.699999999999997069, -0.9500000000000000666 ) ) ;
#267 = ADVANCED_BREP_SHAPE_REPRESENTATION ( 'User Library-B4B-ZR', ( #1044, #89 ), #582 ) ;
#268 = EDGE_LOOP ( 'NONE', ( #252, #1319 ) ) ;
#269 = CIRCLE ( 'NONE', #1638, 0.2500000000000000000 ) ;
#270 = STYLED_ITEM ( 'NONE', ( #367 ), #1757 ) ;
#271 = AXIS2_PLACEMENT_3D ( 'NONE', #1265, #374, #1250 ) ;
#272 = SURFACE_SIDE_STYLE ('',( #1156 ) ) ;
#273 = CARTESIAN_POINT ( 'NONE',  ( 0.7500000000000002220, -2.700000000000002842, -1.300000000000000266 ) ) ;
#274 = CARTESIAN_POINT ( 'NONE',  ( -3.249999999999999556, 0.0000000000000000000, 0.0000000000000000000 ) ) ;
#275 = CARTESIAN_POINT ( 'NONE',  ( 2.250000000000001332, -4.336808689942017736E-16, -1.550000000000000266 ) ) ;
#276 = LINE ( 'NONE', #1484, #1725 ) ;
#277 = VERTEX_POINT ( 'NONE', #1058 ) ;
#278 = ADVANCED_FACE ( 'NONE', ( #1677 ), #1493, .F. ) ;
#279 = SURFACE_SIDE_STYLE ('',( #1610 ) ) ;
#280 = FACE_BOUND ( 'NONE', #1682, .T. ) ;
#281 = ORIENTED_EDGE ( 'NONE', *, *, #1211, .T. ) ;
#282 = PRESENTATION_STYLE_ASSIGNMENT (( #31 ) ) ;
#283 = VERTEX_POINT ( 'NONE', #1096 ) ;
#284 = CARTESIAN_POINT ( 'NONE',  ( 3.750000000000000000, 0.0000000000000000000, -3.500000000000002220 ) ) ;
#285 = CARTESIAN_POINT ( 'NONE',  ( 3.750000000000000000, 4.499999999999997335, 0.0000000000000000000 ) ) ;
#286 = DIRECTION ( 'NONE',  ( -1.000000000000000000, 0.0000000000000000000, -0.0000000000000000000 ) ) ;
#287 = DIRECTION ( 'NONE',  ( 0.0000000000000000000, 0.0000000000000000000, 1.000000000000000000 ) ) ;
#288 = ORIENTED_EDGE ( 'NONE', *, *, #908, .F. ) ;
#289 = SURFACE_STYLE_USAGE ( .BOTH. , #1460 ) ;
#290 = ORIENTED_EDGE ( 'NONE', *, *, #151, .F. ) ;
#291 = EDGE_CURVE ( 'NONE', #1812, #583, #41, .T. ) ;
#292 = FACE_OUTER_BOUND ( 'NONE', #244, .T. ) ;
#293 = DIRECTION ( 'NONE',  ( 0.0000000000000000000, 0.0000000000000000000, -1.000000000000000000 ) ) ;
#294 = CARTESIAN_POINT ( 'NONE',  ( 3.750000000000000000, 4.499999999999997335, -0.9499999999999998446 ) ) ;
#295 = PLANE ( 'NONE',  #446 ) ;
#296 = SURFACE_STYLE_USAGE ( .BOTH. , #1035 ) ;
#297 = CARTESIAN_POINT ( 'NONE',  ( 3.250000000000000444, 2.699999999999997069, -1.750000000000000222 ) ) ;
#298 = ORIENTED_EDGE ( 'NONE', *, *, #1030, .T. ) ;
#299 = VECTOR ( 'NONE', #126, 1000.000000000000000 ) ;
#300 = MECHANICAL_DESIGN_GEOMETRIC_PRESENTATION_REPRESENTATION (  '', ( #79 ), #229 ) ;
#301 = VECTOR ( 'NONE', #117, 1000.000000000000000 ) ;
#302 = EDGE_LOOP ( 'NONE', ( #1561, #200 ) ) ;
#303 = VECTOR ( 'NONE', #344, 1000.000000000000000 ) ;
#304 = EDGE_LOOP ( 'NONE', ( #1894, #1768, #255, #44, #682, #1433, #246, #852 ) ) ;
#305 = STYLED_ITEM ( 'NONE', ( #884 ), #1696 ) ;
#306 = EDGE_CURVE ( 'NONE', #1812, #1745, #476, .T. ) ;
#307 = VECTOR ( 'NONE', #1420, 1000.000000000000000 ) ;
#308 = CARTESIAN_POINT ( 'NONE',  ( -3.750000000000000000, 0.0000000000000000000, 0.0000000000000000000 ) ) ;
#309 = SURFACE_SIDE_STYLE ('',( #568 ) ) ;
#310 = LINE ( 'NONE', #445, #1437 ) ;
#311 = ADVANCED_FACE ( 'NONE', ( #192 ), #789, .F. ) ;
#312 = DIRECTION ( 'NONE',  ( 0.0000000000000000000, 1.000000000000000000, 0.0000000000000000000 ) ) ;
#313 = DIRECTION ( 'NONE',  ( 0.0000000000000000000, 1.000000000000000000, 0.0000000000000000000 ) ) ;
#314 = EDGE_LOOP ( 'NONE', ( #1381, #69, #1337, #217 ) ) ;
#315 = FILL_AREA_STYLE_COLOUR ( '', #545 ) ;
#316 = ORIENTED_EDGE ( 'NONE', *, *, #5, .F. ) ;
#317 = ORIENTED_EDGE ( 'NONE', *, *, #1227, .T. ) ;
#318 = FILL_AREA_STYLE ('',( #1565 ) ) ;
#319 = PLANE ( 'NONE',  #145 ) ;
#320 = EDGE_CURVE ( 'NONE', #1834, #32, #934, .T. ) ;
#321 = FILL_AREA_STYLE_COLOUR ( '', #666 ) ;
#322 =( NAMED_UNIT ( * ) PLANE_ANGLE_UNIT ( ) SI_UNIT ( $, .RADIAN. ) );
#323 = ORIENTED_EDGE ( 'NONE', *, *, #1633, .F. ) ;
#324 = DIRECTION ( 'NONE',  ( -1.000000000000000000, 0.0000000000000000000, 0.0000000000000000000 ) ) ;
#325 =( LENGTH_UNIT ( ) NAMED_UNIT ( * ) SI_UNIT ( .MILLI., .METRE. ) );
#326 = PLANE ( 'NONE',  #1117 ) ;
#327 = ADVANCED_FACE ( 'NONE', ( #1649 ), #319, .T. ) ;
#328 = CARTESIAN_POINT ( 'NONE',  ( 3.750000000000000000, 4.499999999999997335, -1.750000000000000222 ) ) ;
#329 = VERTEX_POINT ( 'NONE', #1372 ) ;
#330 = CARTESIAN_POINT ( 'NONE',  ( 3.250000000000000444, 1.099999999999997424, -2.050000000000004707 ) ) ;
#331 = ORIENTED_EDGE ( 'NONE', *, *, #1583, .F. ) ;
#332 = CIRCLE ( 'NONE', #579, 0.2500000000000000000 ) ;
#333 = DIRECTION ( 'NONE',  ( 0.0000000000000000000, -1.000000000000000000, -6.746146851020920861E-16 ) ) ;
#334 = DIRECTION ( 'NONE',  ( 0.0000000000000000000, 1.000000000000000000, 0.0000000000000000000 ) ) ;
#335 = ORIENTED_EDGE ( 'NONE', *, *, #1345, .T. ) ;
#336 = DIRECTION ( 'NONE',  ( -0.0000000000000000000, -1.000000000000000000, -0.0000000000000000000 ) ) ;
#337 = EDGE_CURVE ( 'NONE', #345, #1221, #949, .T. ) ;
#338 = ORIENTED_EDGE ( 'NONE', *, *, #442, .T. ) ;
#339 = DIRECTION ( 'NONE',  ( 1.000000000000000000, 0.0000000000000000000, -0.0000000000000000000 ) ) ;
#340 = CARTESIAN_POINT ( 'NONE',  ( 0.7500000000000002220, -2.700000000000002842, -1.300000000000000266 ) ) ;
#341 = LINE ( 'NONE', #1536, #771 ) ;
#342 = ORIENTED_EDGE ( 'NONE', *, *, #1577, .F. ) ;
#343 = LINE ( 'NONE', #786, #721 ) ;
#344 = DIRECTION ( 'NONE',  ( 0.0000000000000000000, 1.000000000000000000, 0.0000000000000000000 ) ) ;
#345 = VERTEX_POINT ( 'NONE', #1348 ) ;
#346 = EDGE_CURVE ( 'NONE', #1540, #407, #24, .T. ) ;
#347 = DIRECTION ( 'NONE',  ( -0.0000000000000000000, -0.0000000000000000000, -1.000000000000000000 ) ) ;
#348 = DIRECTION ( 'NONE',  ( 0.0000000000000000000, -0.0000000000000000000, 1.000000000000000000 ) ) ;
#349 = DIRECTION ( 'NONE',  ( 0.0000000000000000000, -0.0000000000000000000, 1.000000000000000000 ) ) ;
#350 = SURFACE_STYLE_USAGE ( .BOTH. , #1678 ) ;
#351 = LINE ( 'NONE', #1833, #1174 ) ;
#352 = ORIENTED_EDGE ( 'NONE', *, *, #665, .T. ) ;
#353 = AXIS2_PLACEMENT_3D ( 'NONE', #1499, #1654, #173 ) ;
#354 = DIRECTION ( 'NONE',  ( 0.0000000000000000000, 0.0000000000000000000, 1.000000000000000000 ) ) ;
#355 = CARTESIAN_POINT ( 'NONE',  ( -0.7499999999999997780, -4.336808689942017736E-16, -1.550000000000000266 ) ) ;
#356 = EDGE_LOOP ( 'NONE', ( #1406, #834 ) ) ;
#357 = AXIS2_PLACEMENT_3D ( 'NONE', #156, #1762, #438 ) ;
#358 = EDGE_CURVE ( 'NONE', #1745, #1302, #1359, .T. ) ;
#359 = COLOUR_RGB ( '',0.7529411764705882248, 0.7529411764705882248, 0.7529411764705882248 ) ;
#360 = VECTOR ( 'NONE', #773, 1000.000000000000000 ) ;
#361 = COLOUR_RGB ( '',0.7529411764705882248, 0.7529411764705882248, 0.7529411764705882248 ) ;
#362 = VECTOR ( 'NONE', #1351, 1000.000000000000000 ) ;
#363 = DIRECTION ( 'NONE',  ( 0.0000000000000000000, -0.0000000000000000000, 1.000000000000000000 ) ) ;
#364 = ORIENTED_EDGE ( 'NONE', *, *, #1462, .F. ) ;
#365 = DIRECTION ( 'NONE',  ( -1.000000000000000000, -0.0000000000000000000, -0.0000000000000000000 ) ) ;
#366 = ORIENTED_EDGE ( 'NONE', *, *, #888, .F. ) ;
#367 = PRESENTATION_STYLE_ASSIGNMENT (( #1568 ) ) ;
#368 = DIRECTION ( 'NONE',  ( 0.0000000000000000000, 1.000000000000000000, 0.0000000000000000000 ) ) ;
#369 = ADVANCED_FACE ( 'NONE', ( #1074 ), #1909, .T. ) ;
#370 = SURFACE_STYLE_USAGE ( .BOTH. , #1150 ) ;
#371 = VERTEX_POINT ( 'NONE', #613 ) ;
#372 = DIRECTION ( 'NONE',  ( -0.0000000000000000000, -1.000000000000000000, -0.0000000000000000000 ) ) ;
#373 = VERTEX_POINT ( 'NONE', #1209 ) ;
#374 = DIRECTION ( 'NONE',  ( 0.0000000000000000000, 1.000000000000000000, 0.0000000000000000000 ) ) ;
#375 = ORIENTED_EDGE ( 'NONE', *, *, #948, .F. ) ;
#376 = EDGE_CURVE ( 'NONE', #407, #953, #468, .T. ) ;
#377 = PLANE ( 'NONE',  #1841 ) ;
#378 = EDGE_LOOP ( 'NONE', ( #1063, #1608 ) ) ;
#379 =( LENGTH_UNIT ( ) NAMED_UNIT ( * ) SI_UNIT ( .MILLI., .METRE. ) );
#380 = AXIS2_PLACEMENT_3D ( 'NONE', #1191, #1205, #872 ) ;
#381 = VECTOR ( 'NONE', #1395, 1000.000000000000000 ) ;
#382 = CARTESIAN_POINT ( 'NONE',  ( -0.7499999999999997780, -2.700000000000002842, -1.300000000000000266 ) ) ;
#383 = AXIS2_PLACEMENT_3D ( 'NONE', #1013, #136, #862 ) ;
#384 = CARTESIAN_POINT ( 'NONE',  ( -3.250000000000000444, 1.399999999999997469, -0.3999999999999999112 ) ) ;
#385 =( GEOMETRIC_REPRESENTATION_CONTEXT ( 3 ) GLOBAL_UNCERTAINTY_ASSIGNED_CONTEXT ( ( #935 ) ) GLOBAL_UNIT_ASSIGNED_CONTEXT ( ( #1344, #732, #1800 ) ) REPRESENTATION_CONTEXT ( 'NONE', 'WORKASPACE' ) );
#386 = CARTESIAN_POINT ( 'NONE',  ( -3.750000000000000000, 4.499999999999997335, -0.9499999999999998446 ) ) ;
#387 = CARTESIAN_POINT ( 'NONE',  ( -3.750000000000000000, 2.699999999999997069, -0.9500000000000002887 ) ) ;
#388 = CIRCLE ( 'NONE', #25, 0.2500000000000000000 ) ;
#389 = ORIENTED_EDGE ( 'NONE', *, *, #596, .T. ) ;
#390 = PRESENTATION_LAYER_ASSIGNMENT (  '', '', ( #1263 ) ) ;
#391 = CARTESIAN_POINT ( 'NONE',  ( 3.250000000000000444, 4.499999999999997335, -3.100000000000000977 ) ) ;
#392 = LINE ( 'NONE', #1169, #1014 ) ;
#393 = VERTEX_POINT ( 'NONE', #1064 ) ;
#394 = SHAPE_DEFINITION_REPRESENTATION ( #1346, #267 ) ;
#395 = EDGE_CURVE ( 'NONE', #1907, #17, #1350, .T. ) ;
#396 = DIRECTION ( 'NONE',  ( -0.0000000000000000000, -1.000000000000000000, -0.0000000000000000000 ) ) ;
#397 = ORIENTED_EDGE ( 'NONE', *, *, #788, .T. ) ;
#398 = CARTESIAN_POINT ( 'NONE',  ( 3.750000000000000000, 1.699999999999997069, 0.0000000000000000000 ) ) ;
#399 = LINE ( 'NONE', #1417, #1790 ) ;
#400 = ORIENTED_EDGE ( 'NONE', *, *, #1819, .T. ) ;
#401 = EDGE_CURVE ( 'NONE', #565, #1812, #769, .T. ) ;
#402 = PLANE ( 'NONE',  #57 ) ;
#403 = FACE_OUTER_BOUND ( 'NONE', #559, .T. ) ;
#404 = FACE_OUTER_BOUND ( 'NONE', #1830, .T. ) ;
#405 = EDGE_LOOP ( 'NONE', ( #1415, #235, #744, #182 ) ) ;
#406 = CARTESIAN_POINT ( 'NONE',  ( -2.250000000000000444, -4.336808689942017736E-16, -1.550000000000000266 ) ) ;
#407 = VERTEX_POINT ( 'NONE', #433 ) ;
#408 = APPLICATION_PROTOCOL_DEFINITION ( 'draft international standard', 'automotive_design', 1998, #1727 ) ;
#409 = COLOUR_RGB ( '',0.7529411764705882248, 0.7529411764705882248, 0.7529411764705882248 ) ;
#410 = LINE ( 'NONE', #1465, #21 ) ;
#411 = STYLED_ITEM ( 'NONE', ( #578 ), #701 ) ;
#412 = DIRECTION ( 'NONE',  ( -0.0000000000000000000, 1.000000000000000000, 6.746146851020920861E-16 ) ) ;
#413 = MECHANICAL_DESIGN_GEOMETRIC_PRESENTATION_REPRESENTATION (  '', ( #1439 ), #1719 ) ;
#414 = PLANE ( 'NONE',  #1869 ) ;
#415 = DIRECTION ( 'NONE',  ( 0.0000000000000000000, 1.000000000000000000, -0.0000000000000000000 ) ) ;
#416 = ORIENTED_EDGE ( 'NONE', *, *, #1784, .T. ) ;
#417 = PRESENTATION_LAYER_ASSIGNMENT (  '', '', ( #112 ) ) ;
#418 = CYLINDRICAL_SURFACE ( 'NONE', #693, 0.2500000000000000000 ) ;
#419 = CIRCLE ( 'NONE', #668, 0.2500000000000000000 ) ;
#420 = DIRECTION ( 'NONE',  ( 0.0000000000000000000, 0.0000000000000000000, 1.000000000000000000 ) ) ;
#421 = ORIENTED_EDGE ( 'NONE', *, *, #1518, .F. ) ;
#422 = CIRCLE ( 'NONE', #1879, 0.2500000000000000000 ) ;
#423 =( GEOMETRIC_REPRESENTATION_CONTEXT ( 3 ) GLOBAL_UNCERTAINTY_ASSIGNED_CONTEXT ( ( #576 ) ) GLOBAL_UNIT_ASSIGNED_CONTEXT ( ( #1184, #1794, #42 ) ) REPRESENTATION_CONTEXT ( 'NONE', 'WORKASPACE' ) );
#424 = ORIENTED_EDGE ( 'NONE', *, *, #193, .F. ) ;
#425 = CIRCLE ( 'NONE', #1486, 0.2500000000000000000 ) ;
#426 =( NAMED_UNIT ( * ) SI_UNIT ( $, .STERADIAN. ) SOLID_ANGLE_UNIT ( ) );
#427 = DIRECTION ( 'NONE',  ( 0.0000000000000000000, 0.0000000000000000000, 1.000000000000000000 ) ) ;
#428 = CYLINDRICAL_SURFACE ( 'NONE', #201, 0.2500000000000000000 ) ;
#429 = FACE_OUTER_BOUND ( 'NONE', #356, .T. ) ;
#430 = ORIENTED_EDGE ( 'NONE', *, *, #247, .T. ) ;
#431 = ADVANCED_FACE ( 'NONE', ( #292 ), #1330, .F. ) ;
#432 = ORIENTED_EDGE ( 'NONE', *, *, #1223, .T. ) ;
#433 = CARTESIAN_POINT ( 'NONE',  ( -3.750000000000000000, 4.499999999999997335, -1.750000000000000222 ) ) ;
#434 = DIRECTION ( 'NONE',  ( 0.0000000000000000000, 0.0000000000000000000, 1.000000000000000000 ) ) ;
#435 = CARTESIAN_POINT ( 'NONE',  ( 3.750000000000000000, 4.499999999999997335, 0.0000000000000000000 ) ) ;
#436 = CARTESIAN_POINT ( 'NONE',  ( 3.250000000000000444, 4.499999999999997335, -3.100000000000000977 ) ) ;
#437 = ORIENTED_EDGE ( 'NONE', *, *, #121, .F. ) ;
#438 = DIRECTION ( 'NONE',  ( 0.0000000000000000000, 0.0000000000000000000, 1.000000000000000000 ) ) ;
#439 = EDGE_CURVE ( 'NONE', #1113, #845, #1628, .T. ) ;
#440 = ORIENTED_EDGE ( 'NONE', *, *, #850, .T. ) ;
#441 = DIRECTION ( 'NONE',  ( 0.0000000000000000000, 1.000000000000000000, 0.0000000000000000000 ) ) ;
#442 = EDGE_CURVE ( 'NONE', #1736, #885, #7, .T. ) ;
#443 = ORIENTED_EDGE ( 'NONE', *, *, #337, .T. ) ;
#444 = CARTESIAN_POINT ( 'NONE',  ( 3.750000000000000000, 1.699999999999997069, 0.0000000000000000000 ) ) ;
#445 = CARTESIAN_POINT ( 'NONE',  ( -0.7499999999999997780, -2.700000000000002842, -1.050000000000000044 ) ) ;
#446 = AXIS2_PLACEMENT_3D ( 'NONE', #942, #1804, #50 ) ;
#447 = CARTESIAN_POINT ( 'NONE',  ( -3.250000000000000444, 2.699999999999997069, -3.501000000000003887 ) ) ;
#448 = VECTOR ( 'NONE', #1230, 1000.000000000000000 ) ;
#449 = CARTESIAN_POINT ( 'NONE',  ( -2.550000000000000266, 1.699999999999997069, 0.0000000000000000000 ) ) ;
#450 = EDGE_LOOP ( 'NONE', ( #1553, #816, #238, #1472 ) ) ;
#451 = AXIS2_PLACEMENT_3D ( 'NONE', #285, #593, #716 ) ;
#452 =( NAMED_UNIT ( * ) SI_UNIT ( $, .STERADIAN. ) SOLID_ANGLE_UNIT ( ) );
#453 = DIRECTION ( 'NONE',  ( 0.0000000000000000000, 0.0000000000000000000, 1.000000000000000000 ) ) ;
#454 = VECTOR ( 'NONE', #1163, 1000.000000000000000 ) ;
#455 =( GEOMETRIC_REPRESENTATION_CONTEXT ( 3 ) GLOBAL_UNCERTAINTY_ASSIGNED_CONTEXT ( ( #1275 ) ) GLOBAL_UNIT_ASSIGNED_CONTEXT ( ( #1055, #1473, #1915 ) ) REPRESENTATION_CONTEXT ( 'NONE', 'WORKASPACE' ) );
#456 = EDGE_LOOP ( 'NONE', ( #1711, #1210, #1278, #938 ) ) ;
#457 = DIRECTION ( 'NONE',  ( 0.0000000000000000000, 1.000000000000000000, 0.0000000000000000000 ) ) ;
#458 = ORIENTED_EDGE ( 'NONE', *, *, #1829, .F. ) ;
#459 = AXIS2_PLACEMENT_3D ( 'NONE', #1049, #575, #1767 ) ;
#460 = EDGE_CURVE ( 'NONE', #1268, #1019, #1110, .T. ) ;
#461 =( GEOMETRIC_REPRESENTATION_CONTEXT ( 3 ) GLOBAL_UNCERTAINTY_ASSIGNED_CONTEXT ( ( #1712 ) ) GLOBAL_UNIT_ASSIGNED_CONTEXT ( ( #1414, #830, #1429 ) ) REPRESENTATION_CONTEXT ( 'NONE', 'WORKASPACE' ) );
#462 = DIRECTION ( 'NONE',  ( -0.0000000000000000000, -1.000000000000000000, -0.0000000000000000000 ) ) ;
#463 = CARTESIAN_POINT ( 'NONE',  ( 3.750000000000000000, 0.0000000000000000000, 0.0000000000000000000 ) ) ;
#464 = CARTESIAN_POINT ( 'NONE',  ( 2.250000000000001332, -4.336808689942017736E-16, -1.050000000000000044 ) ) ;
#465 = LINE ( 'NONE', #1640, #641 ) ;
#466 = SURFACE_STYLE_USAGE ( .BOTH. , #920 ) ;
#467 = CARTESIAN_POINT ( 'NONE',  ( -3.250000000000000444, 1.099999999999997646, -3.100000000000000977 ) ) ;
#468 = LINE ( 'NONE', #1644, #1873 ) ;
#469 = ORIENTED_EDGE ( 'NONE', *, *, #226, .T. ) ;
#470 = EDGE_CURVE ( 'NONE', #953, #171, #1383, .T. ) ;
#471 = DIRECTION ( 'NONE',  ( 0.0000000000000000000, -0.0000000000000000000, -1.000000000000000000 ) ) ;
#472 = DIRECTION ( 'NONE',  ( 0.0000000000000000000, -1.000000000000000000, 0.0000000000000000000 ) ) ;
#473 = DIRECTION ( 'NONE',  ( 0.0000000000000000000, 0.0000000000000000000, 1.000000000000000000 ) ) ;
#474 = ORIENTED_EDGE ( 'NONE', *, *, #1556, .T. ) ;
#475 = VERTEX_POINT ( 'NONE', #509 ) ;
#476 = LINE ( 'NONE', #601, #692 ) ;
#477 = SURFACE_STYLE_FILL_AREA ( #918 ) ;
#478 = CYLINDRICAL_SURFACE ( 'NONE', #1694, 0.2500000000000000000 ) ;
#479 = EDGE_CURVE ( 'NONE', #975, #549, #1538, .T. ) ;
#480 = DIRECTION ( 'NONE',  ( 0.0000000000000000000, 0.0000000000000000000, 1.000000000000000000 ) ) ;
#481 = PRESENTATION_LAYER_ASSIGNMENT (  '', '', ( #926 ) ) ;
#482 = SURFACE_STYLE_FILL_AREA ( #1810 ) ;
#483 = VECTOR ( 'NONE', #560, 1000.000000000000000 ) ;
#484 = VECTOR ( 'NONE', #1692, 1000.000000000000000 ) ;
#485 = EDGE_LOOP ( 'NONE', ( #877, #787, #397, #430, #122, #1738, #1187, #630 ) ) ;
#486 = VECTOR ( 'NONE', #1665, 1000.000000000000000 ) ;
#487 = CARTESIAN_POINT ( 'NONE',  ( -3.250000000000000444, 4.499999999999997335, -3.100000000000000977 ) ) ;
#488 = CARTESIAN_POINT ( 'NONE',  ( -2.550000000000000266, 2.699999999999997069, 0.0000000000000000000 ) ) ;
#489 = STYLED_ITEM ( 'NONE', ( #1443 ), #1912 ) ;
#490 = CARTESIAN_POINT ( 'NONE',  ( -3.250000000000000444, 4.499999999999997335, -1.750000000000000000 ) ) ;
#491 = ORIENTED_EDGE ( 'NONE', *, *, #939, .T. ) ;
#492 = EDGE_CURVE ( 'NONE', #539, #1178, #647, .T. ) ;
#493 = SURFACE_SIDE_STYLE ('',( #482 ) ) ;
#494 = CARTESIAN_POINT ( 'NONE',  ( 2.549999999999999822, 1.699999999999997069, 0.0000000000000000000 ) ) ;
#495 = ORIENTED_EDGE ( 'NONE', *, *, #1390, .T. ) ;
#496 = PLANE ( 'NONE',  #856 ) ;
#497 =( NAMED_UNIT ( * ) PLANE_ANGLE_UNIT ( ) SI_UNIT ( $, .RADIAN. ) );
#498 = DIRECTION ( 'NONE',  ( 0.0000000000000000000, 0.0000000000000000000, 1.000000000000000000 ) ) ;
#499 = CARTESIAN_POINT ( 'NONE',  ( -0.7499999999999997780, -4.336808689942017736E-16, -1.300000000000000266 ) ) ;
#500 = EDGE_LOOP ( 'NONE', ( #39, #785, #922, #288 ) ) ;
#501 = EDGE_CURVE ( 'NONE', #887, #733, #662, .T. ) ;
#502 = CARTESIAN_POINT ( 'NONE',  ( 2.250000000000001332, -2.700000000000002842, -1.050000000000000044 ) ) ;
#503 = LINE ( 'NONE', #958, #517 ) ;
#504 = ORIENTED_EDGE ( 'NONE', *, *, #1772, .T. ) ;
#505 = SURFACE_STYLE_USAGE ( .BOTH. , #1807 ) ;
#506 = LINE ( 'NONE', #681, #1046 ) ;
#507 = DIRECTION ( 'NONE',  ( -0.0000000000000000000, -1.000000000000000000, -1.204669080539449344E-16 ) ) ;
#508 = ORIENTED_EDGE ( 'NONE', *, *, #1531, .F. ) ;
#509 = CARTESIAN_POINT ( 'NONE',  ( -0.7499999999999997780, 3.799999999999998046, -1.050000000000000044 ) ) ;
#510 = SURFACE_STYLE_FILL_AREA ( #1836 ) ;
#511 = VECTOR ( 'NONE', #1700, 1000.000000000000000 ) ;
#512 = ORIENTED_EDGE ( 'NONE', *, *, #1684, .F. ) ;
#513 = MECHANICAL_DESIGN_GEOMETRIC_PRESENTATION_REPRESENTATION (  '', ( #228 ), #1404 ) ;
#514 = MECHANICAL_DESIGN_GEOMETRIC_PRESENTATION_REPRESENTATION (  '', ( #1047 ), #610 ) ;
#515 = VECTOR ( 'NONE', #75, 1000.000000000000000 ) ;
#516 = EDGE_CURVE ( 'NONE', #805, #845, #766, .T. ) ;
#517 = VECTOR ( 'NONE', #1552, 1000.000000000000000 ) ;
#518 = LINE ( 'NONE', #1698, #985 ) ;
#519 = VECTOR ( 'NONE', #36, 1000.000000000000000 ) ;
#520 = DIRECTION ( 'NONE',  ( 0.0000000000000000000, -0.0000000000000000000, -1.000000000000000000 ) ) ;
#521 = ORIENTED_EDGE ( 'NONE', *, *, #460, .F. ) ;
#522 = STYLED_ITEM ( 'NONE', ( #1878 ), #267 ) ;
#523 = PLANE ( 'NONE',  #893 ) ;
#524 = CARTESIAN_POINT ( 'NONE',  ( -0.7499999999999997780, 3.799999999999998046, -1.300000000000000266 ) ) ;
#525 = ORIENTED_EDGE ( 'NONE', *, *, #479, .T. ) ;
#526 = EDGE_CURVE ( 'NONE', #712, #953, #60, .T. ) ;
#527 = DIRECTION ( 'NONE',  ( 0.0000000000000000000, 1.000000000000000000, 0.0000000000000000000 ) ) ;
#528 =( LENGTH_UNIT ( ) NAMED_UNIT ( * ) SI_UNIT ( .MILLI., .METRE. ) );
#529 = ORIENTED_EDGE ( 'NONE', *, *, #1419, .F. ) ;
#530 = FILL_AREA_STYLE_COLOUR ( '', #1542 ) ;
#531 = CARTESIAN_POINT ( 'NONE',  ( -0.7499999999999997780, -2.700000000000002842, -1.300000000000000266 ) ) ;
#532 = ORIENTED_EDGE ( 'NONE', *, *, #395, .F. ) ;
#533 =( NAMED_UNIT ( * ) SI_UNIT ( $, .STERADIAN. ) SOLID_ANGLE_UNIT ( ) );
#534 = LINE ( 'NONE', #685, #1659 ) ;
#535 = CARTESIAN_POINT ( 'NONE',  ( -0.7499999999999997780, -2.700000000000002842, -1.300000000000000266 ) ) ;
#536 = EDGE_CURVE ( 'NONE', #628, #842, #1669, .T. ) ;
#537 = DIRECTION ( 'NONE',  ( -0.0000000000000000000, -1.000000000000000000, -0.0000000000000000000 ) ) ;
#538 = FACE_OUTER_BOUND ( 'NONE', #1170, .T. ) ;
#539 = VERTEX_POINT ( 'NONE', #1529 ) ;
#540 = ADVANCED_FACE ( 'NONE', ( #1657 ), #45, .F. ) ;
#541 = DIRECTION ( 'NONE',  ( 0.0000000000000000000, -0.0000000000000000000, 1.000000000000000000 ) ) ;
#542 = VERTEX_POINT ( 'NONE', #38 ) ;
#543 = PRODUCT_CONTEXT ( 'NONE', #1727, 'mechanical' ) ;
#544 = VECTOR ( 'NONE', #1269, 1000.000000000000000 ) ;
#545 = COLOUR_RGB ( '',0.7529411764705882248, 0.7529411764705882248, 0.7529411764705882248 ) ;
#546 = MECHANICAL_DESIGN_GEOMETRIC_PRESENTATION_REPRESENTATION (  '', ( #1815 ), #797 ) ;
#547 = DIRECTION ( 'NONE',  ( 0.0000000000000000000, 0.0000000000000000000, 1.000000000000000000 ) ) ;
#548 = DIRECTION ( 'NONE',  ( 0.0000000000000000000, 1.000000000000000000, 0.0000000000000000000 ) ) ;
#549 = VERTEX_POINT ( 'NONE', #1239 ) ;
#550 = FACE_OUTER_BOUND ( 'NONE', #1897, .T. ) ;
#551 = CARTESIAN_POINT ( 'NONE',  ( -0.7499999999999997780, 1.399999999999996803, -1.300000000000000266 ) ) ;
#552 = EDGE_CURVE ( 'NONE', #583, #1159, #343, .T. ) ;
#553 = ORIENTED_EDGE ( 'NONE', *, *, #526, .F. ) ;
#554 = FACE_OUTER_BOUND ( 'NONE', #1621, .T. ) ;
#555 = LINE ( 'NONE', #841, #1544 ) ;
#556 = ORIENTED_EDGE ( 'NONE', *, *, #1462, .T. ) ;
#557 = SURFACE_SIDE_STYLE ('',( #835 ) ) ;
#558 = DIRECTION ( 'NONE',  ( 0.0000000000000000000, 1.000000000000000000, 0.0000000000000000000 ) ) ;
#559 = EDGE_LOOP ( 'NONE', ( #945, #1761 ) ) ;
#560 = DIRECTION ( 'NONE',  ( 0.0000000000000000000, 1.000000000000000000, 0.0000000000000000000 ) ) ;
#561 = CARTESIAN_POINT ( 'NONE',  ( 3.250000000000000444, 1.099999999999997424, -2.050000000000004707 ) ) ;
#562 =( LENGTH_UNIT ( ) NAMED_UNIT ( * ) SI_UNIT ( .MILLI., .METRE. ) );
#563 = CARTESIAN_POINT ( 'NONE',  ( -2.250000000000000444, -2.700000000000002842, -1.300000000000000266 ) ) ;
#564 = SURFACE_STYLE_FILL_AREA ( #233 ) ;
#565 = VERTEX_POINT ( 'NONE', #1398 ) ;
#566 = CARTESIAN_POINT ( 'NONE',  ( 3.750000000000000000, 4.499999999999997335, 0.0000000000000000000 ) ) ;
#567 = FACE_OUTER_BOUND ( 'NONE', #500, .T. ) ;
#568 = SURFACE_STYLE_FILL_AREA ( #1775 ) ;
#569 = UNCERTAINTY_MEASURE_WITH_UNIT (LENGTH_MEASURE( 1.000000000000000082E-05 ), #1089, 'distance_accuracy_value', 'NONE');
#570 = EDGE_CURVE ( 'NONE', #649, #371, #636, .T. ) ;
#571 = DIRECTION ( 'NONE',  ( 0.0000000000000000000, -1.000000000000000000, -1.807003620809173892E-16 ) ) ;
#572 = AXIS2_PLACEMENT_3D ( 'NONE', #1125, #1584, #1293 ) ;
#573 = AXIS2_PLACEMENT_3D ( 'NONE', #626, #64, #333 ) ;
#574 = CARTESIAN_POINT ( 'NONE',  ( 3.250000000000000444, 2.699999999999997069, -3.501000000000003887 ) ) ;
#575 = DIRECTION ( 'NONE',  ( -0.0000000000000000000, -1.000000000000000000, -0.0000000000000000000 ) ) ;
#576 = UNCERTAINTY_MEASURE_WITH_UNIT (LENGTH_MEASURE( 1.000000000000000082E-05 ), #1184, 'distance_accuracy_value', 'NONE');
#577 = EDGE_LOOP ( 'NONE', ( #6, #1181, #389, #155 ) ) ;
#578 = PRESENTATION_STYLE_ASSIGNMENT (( #466 ) ) ;
#579 = AXIS2_PLACEMENT_3D ( 'NONE', #1616, #1606, #919 ) ;
#580 = CARTESIAN_POINT ( 'NONE',  ( -3.250000000000000444, 1.399999999999997469, -0.3999999999999998002 ) ) ;
#581 = VERTEX_POINT ( 'NONE', #1092 ) ;
#582 =( GEOMETRIC_REPRESENTATION_CONTEXT ( 3 ) GLOBAL_UNCERTAINTY_ASSIGNED_CONTEXT ( ( #1232 ) ) GLOBAL_UNIT_ASSIGNED_CONTEXT ( ( #379, #1887, #533 ) ) REPRESENTATION_CONTEXT ( 'NONE', 'WORKASPACE' ) );
#583 = VERTEX_POINT ( 'NONE', #330 ) ;
#584 = SURFACE_STYLE_USAGE ( .BOTH. , #272 ) ;
#585 = DIRECTION ( 'NONE',  ( 0.0000000000000000000, 1.000000000000000000, 0.0000000000000000000 ) ) ;
#586 = EDGE_CURVE ( 'NONE', #32, #733, #931, .T. ) ;
#587 = SURFACE_STYLE_FILL_AREA ( #1913 ) ;
#588 = ORIENTED_EDGE ( 'NONE', *, *, #1796, .T. ) ;
#589 = ORIENTED_EDGE ( 'NONE', *, *, #516, .T. ) ;
#590 =( NAMED_UNIT ( * ) SI_UNIT ( $, .STERADIAN. ) SOLID_ANGLE_UNIT ( ) );
#591 = ORIENTED_EDGE ( 'NONE', *, *, #442, .F. ) ;
#592 = DIRECTION ( 'NONE',  ( -1.000000000000000000, 0.0000000000000000000, -0.0000000000000000000 ) ) ;
#593 = DIRECTION ( 'NONE',  ( -1.000000000000000000, 0.0000000000000000000, 0.0000000000000000000 ) ) ;
#594 = PLANE ( 'NONE',  #380 ) ;
#595 = ORIENTED_EDGE ( 'NONE', *, *, #803, .F. ) ;
#596 = EDGE_CURVE ( 'NONE', #845, #805, #661, .T. ) ;
#597 =( LENGTH_UNIT ( ) NAMED_UNIT ( * ) SI_UNIT ( .MILLI., .METRE. ) );
#598 = ORIENTED_EDGE ( 'NONE', *, *, #552, .T. ) ;
#599 = ADVANCED_FACE ( 'NONE', ( #181 ), #209, .T. ) ;
#600 = CARTESIAN_POINT ( 'NONE',  ( 3.250000000000000444, 0.0000000000000000000, 0.0000000000000000000 ) ) ;
#601 = CARTESIAN_POINT ( 'NONE',  ( -3.250000000000003553, 1.099999999999997424, -2.050000000000004707 ) ) ;
#602 = VECTOR ( 'NONE', #1190, 1000.000000000000000 ) ;
#603 = DIRECTION ( 'NONE',  ( 0.0000000000000000000, 1.000000000000000000, 0.0000000000000000000 ) ) ;
#604 = CARTESIAN_POINT ( 'NONE',  ( 3.750000000000000000, 0.0000000000000000000, 0.0000000000000000000 ) ) ;
#605 = ORIENTED_EDGE ( 'NONE', *, *, #401, .F. ) ;
#606 = MECHANICAL_DESIGN_GEOMETRIC_PRESENTATION_REPRESENTATION (  '', ( #926 ), #1108 ) ;
#607 = VECTOR ( 'NONE', #1799, 1000.000000000000000 ) ;
#608 =( LENGTH_UNIT ( ) NAMED_UNIT ( * ) SI_UNIT ( .MILLI., .METRE. ) );
#609 = LINE ( 'NONE', #1618, #1408 ) ;
#610 =( GEOMETRIC_REPRESENTATION_CONTEXT ( 3 ) GLOBAL_UNCERTAINTY_ASSIGNED_CONTEXT ( ( #1663 ) ) GLOBAL_UNIT_ASSIGNED_CONTEXT ( ( #1075, #184, #1525 ) ) REPRESENTATION_CONTEXT ( 'NONE', 'WORKASPACE' ) );
#611 = AXIS2_PLACEMENT_3D ( 'NONE', #1246, #1835, #354 ) ;
#612 = ORIENTED_EDGE ( 'NONE', *, *, #1531, .T. ) ;
#613 = CARTESIAN_POINT ( 'NONE',  ( -3.250000000000000444, 4.499999999999997335, -3.100000000000000977 ) ) ;
#614 = ORIENTED_EDGE ( 'NONE', *, *, #1138, .F. ) ;
#615 = AXIS2_PLACEMENT_3D ( 'NONE', #937, #963, #1120 ) ;
#616 = CARTESIAN_POINT ( 'NONE',  ( -2.250000000000000444, 3.799999999999998046, -1.550000000000000266 ) ) ;
#617 = SURFACE_STYLE_USAGE ( .BOTH. , #167 ) ;
#618 = SURFACE_STYLE_FILL_AREA ( #1823 ) ;
#619 = LINE ( 'NONE', #1360, #607 ) ;
#620 = ORIENTED_EDGE ( 'NONE', *, *, #1609, .T. ) ;
#621 = DIRECTION ( 'NONE',  ( 0.0000000000000000000, -0.0000000000000000000, 1.000000000000000000 ) ) ;
#622 = ORIENTED_EDGE ( 'NONE', *, *, #1667, .F. ) ;
#623 = EDGE_CURVE ( 'NONE', #885, #1803, #1855, .T. ) ;
#624 = LINE ( 'NONE', #487, #13 ) ;
#625 = PRESENTATION_STYLE_ASSIGNMENT (( #296 ) ) ;
#626 = CARTESIAN_POINT ( 'NONE',  ( 3.750000000000000000, 0.0000000000000000000, -3.500000000000003109 ) ) ;
#627 = LINE ( 'NONE', #65, #486 ) ;
#628 = VERTEX_POINT ( 'NONE', #702 ) ;
#629 = DIRECTION ( 'NONE',  ( 0.0000000000000000000, 0.0000000000000000000, -1.000000000000000000 ) ) ;
#630 = ORIENTED_EDGE ( 'NONE', *, *, #1040, .T. ) ;
#631 = CARTESIAN_POINT ( 'NONE',  ( 3.250000000000000444, 1.099999999999997424, -2.050000000000004707 ) ) ;
#632 = EDGE_CURVE ( 'NONE', #1837, #1641, #1884, .T. ) ;
#633 =( NAMED_UNIT ( * ) SI_UNIT ( $, .STERADIAN. ) SOLID_ANGLE_UNIT ( ) );
#634 = LINE ( 'NONE', #1809, #1442 ) ;
#635 = ORIENTED_EDGE ( 'NONE', *, *, #1481, .T. ) ;
#636 = LINE ( 'NONE', #1072, #77 ) ;
#637 = CIRCLE ( 'NONE', #956, 0.2500000000000000000 ) ;
#638 = AXIS2_PLACEMENT_3D ( 'NONE', #1671, #1791, #1066 ) ;
#639 = VERTEX_POINT ( 'NONE', #867 ) ;
#640 = AXIS2_PLACEMENT_3D ( 'NONE', #798, #1123, #1646 ) ;
#641 = VECTOR ( 'NONE', #1778, 1000.000000000000000 ) ;
#642 = CARTESIAN_POINT ( 'NONE',  ( -3.750000000000000000, 2.699999999999997069, 0.0000000000000000000 ) ) ;
#643 = FILL_AREA_STYLE ('',( #1535 ) ) ;
#644 = ADVANCED_FACE ( 'NONE', ( #1564 ), #253, .T. ) ;
#645 = LINE ( 'NONE', #1098, #519 ) ;
#646 = VERTEX_POINT ( 'NONE', #1720 ) ;
#647 = LINE ( 'NONE', #1674, #515 ) ;
#648 = CARTESIAN_POINT ( 'NONE',  ( 2.549999999999999822, 2.699999999999997069, -3.501000000000003887 ) ) ;
#649 = VERTEX_POINT ( 'NONE', #391 ) ;
#650 = UNCERTAINTY_MEASURE_WITH_UNIT (LENGTH_MEASURE( 1.000000000000000082E-05 ), #240, 'distance_accuracy_value', 'NONE');
#651 = FILL_AREA_STYLE_COLOUR ( '', #1086 ) ;
#652 = FACE_OUTER_BOUND ( 'NONE', #1795, .T. ) ;
#653 = DIRECTION ( 'NONE',  ( 1.000000000000000000, -0.0000000000000000000, 0.0000000000000000000 ) ) ;
#654 = CYLINDRICAL_SURFACE ( 'NONE', #1550, 0.2500000000000000000 ) ;
#655 = EDGE_CURVE ( 'NONE', #1113, #1598, #1685, .T. ) ;
#656 = EDGE_LOOP ( 'NONE', ( #1091, #614, #364, #1783 ) ) ;
#657 = DIRECTION ( 'NONE',  ( 0.0000000000000000000, 0.0000000000000000000, 1.000000000000000000 ) ) ;
#658 = CARTESIAN_POINT ( 'NONE',  ( -0.7499999999999997780, -4.336808689942017736E-16, -1.300000000000000266 ) ) ;
#659 = PLANE ( 'NONE',  #829 ) ;
#660 = ORIENTED_EDGE ( 'NONE', *, *, #552, .F. ) ;
#661 = CIRCLE ( 'NONE', #1811, 0.2500000000000000000 ) ;
#662 = LINE ( 'NONE', #1362, #1441 ) ;
#663 = PLANE ( 'NONE',  #640 ) ;
#664 = ORIENTED_EDGE ( 'NONE', *, *, #501, .F. ) ;
#665 = EDGE_CURVE ( 'NONE', #842, #1128, #1375, .T. ) ;
#666 = COLOUR_RGB ( '',0.7529411764705882248, 0.7529411764705882248, 0.7529411764705882248 ) ;
#667 = MECHANICAL_DESIGN_GEOMETRIC_PRESENTATION_REPRESENTATION (  '', ( #112 ), #385 ) ;
#668 = AXIS2_PLACEMENT_3D ( 'NONE', #897, #161, #287 ) ;
#669 = DIRECTION ( 'NONE',  ( 0.0000000000000000000, 0.0000000000000000000, 1.000000000000000000 ) ) ;
#670 = PLANE ( 'NONE',  #451 ) ;
#671 = PRESENTATION_LAYER_ASSIGNMENT (  '', '', ( #270 ) ) ;
#672 = DIRECTION ( 'NONE',  ( 0.0000000000000000000, 1.000000000000000000, 0.0000000000000000000 ) ) ;
#673 = UNCERTAINTY_MEASURE_WITH_UNIT (LENGTH_MEASURE( 1.000000000000000082E-05 ), #1463, 'distance_accuracy_value', 'NONE');
#674 = ORIENTED_EDGE ( 'NONE', *, *, #1838, .F. ) ;
#675 =( GEOMETRIC_REPRESENTATION_CONTEXT ( 3 ) GLOBAL_UNCERTAINTY_ASSIGNED_CONTEXT ( ( #1065 ) ) GLOBAL_UNIT_ASSIGNED_CONTEXT ( ( #135, #1024, #1172 ) ) REPRESENTATION_CONTEXT ( 'NONE', 'WORKASPACE' ) );
#676 = CARTESIAN_POINT ( 'NONE',  ( -2.250000000000000444, 3.799999999999998046, -1.300000000000000266 ) ) ;
#677 = EDGE_LOOP ( 'NONE', ( #85, #1854 ) ) ;
#678 = ADVANCED_FACE ( 'NONE', ( #120 ), #523, .T. ) ;
#679 = FACE_OUTER_BOUND ( 'NONE', #1774, .T. ) ;
#680 = EDGE_CURVE ( 'NONE', #1221, #345, #859, .T. ) ;
#681 = CARTESIAN_POINT ( 'NONE',  ( -2.549999999999999822, 2.699999999999997069, -3.501000000000003887 ) ) ;
#682 = ORIENTED_EDGE ( 'NONE', *, *, #1591, .T. ) ;
#683 = FILL_AREA_STYLE ('',( #530 ) ) ;
#684 = ORIENTED_EDGE ( 'NONE', *, *, #1325, .F. ) ;
#685 = CARTESIAN_POINT ( 'NONE',  ( 3.250000000000000444, 1.399999999999997247, -1.750000000000001110 ) ) ;
#686 = ADVANCED_FACE ( 'NONE', ( #970 ), #102, .F. ) ;
#687 =( NAMED_UNIT ( * ) PLANE_ANGLE_UNIT ( ) SI_UNIT ( $, .RADIAN. ) );
#688 = DIRECTION ( 'NONE',  ( 0.0000000000000000000, 0.0000000000000000000, 1.000000000000000000 ) ) ;
#689 = EDGE_LOOP ( 'NONE', ( #1693, #556, #620, #323, #12, #660, #458, #1143, #821, #874, #338, #440, #807, #1085 ) ) ;
#690 = CARTESIAN_POINT ( 'NONE',  ( -3.250000000000000444, 1.399999999999997469, -0.3999999999999999112 ) ) ;
#691 = ORIENTED_EDGE ( 'NONE', *, *, #1421, .F. ) ;
#692 = VECTOR ( 'NONE', #1532, 1000.000000000000114 ) ;
#693 = AXIS2_PLACEMENT_3D ( 'NONE', #71, #1274, #547 ) ;
#694 = PRESENTATION_LAYER_ASSIGNMENT (  '', '', ( #826 ) ) ;
#695 = AXIS2_PLACEMENT_3D ( 'NONE', #1773, #441, #1041 ) ;
#696 = FACE_OUTER_BOUND ( 'NONE', #1590, .T. ) ;
#697 = CIRCLE ( 'NONE', #1323, 0.2500000000000000000 ) ;
#698 = DIRECTION ( 'NONE',  ( 0.0000000000000000000, -1.000000000000000000, -1.807003620809173892E-16 ) ) ;
#699 = VECTOR ( 'NONE', #1166, 1000.000000000000000 ) ;
#700 = EDGE_LOOP ( 'NONE', ( #1121, #37 ) ) ;
#701 = ADVANCED_FACE ( 'NONE', ( #550 ), #129, .T. ) ;
#702 = CARTESIAN_POINT ( 'NONE',  ( -2.250000000000000444, 1.399999999999996803, -1.050000000000000044 ) ) ;
#703 =( LENGTH_UNIT ( ) NAMED_UNIT ( * ) SI_UNIT ( .MILLI., .METRE. ) );
#704 = VERTEX_POINT ( 'NONE', #1497 ) ;
#705 = CARTESIAN_POINT ( 'NONE',  ( 3.250000000000000444, 1.399999999999997469, -3.100000000000000977 ) ) ;
#706 = DIRECTION ( 'NONE',  ( 0.0000000000000000000, -0.0000000000000000000, -1.000000000000000000 ) ) ;
#707 = CARTESIAN_POINT ( 'NONE',  ( -3.750000000000000000, 4.499999999999997335, -0.9499999999999998446 ) ) ;
#708 = LINE ( 'NONE', #387, #1818 ) ;
#709 = ORIENTED_EDGE ( 'NONE', *, *, #1805, .F. ) ;
#710 = DIRECTION ( 'NONE',  ( 0.0000000000000000000, 0.0000000000000000000, 1.000000000000000000 ) ) ;
#711 = SURFACE_STYLE_USAGE ( .BOTH. , #1270 ) ;
#712 = VERTEX_POINT ( 'NONE', #1317 ) ;
#713 = EDGE_CURVE ( 'NONE', #915, #704, #1782, .T. ) ;
#714 = LINE ( 'NONE', #1622, #760 ) ;
#715 = CARTESIAN_POINT ( 'NONE',  ( 2.250000000000001332, 1.399999999999996803, -1.300000000000000266 ) ) ;
#716 = DIRECTION ( 'NONE',  ( 0.0000000000000000000, 0.0000000000000000000, 1.000000000000000000 ) ) ;
#717 = DIRECTION ( 'NONE',  ( 0.0000000000000000000, -0.0000000000000000000, 1.000000000000000000 ) ) ;
#718 = ORIENTED_EDGE ( 'NONE', *, *, #1476, .F. ) ;
#719 = ORIENTED_EDGE ( 'NONE', *, *, #1211, .F. ) ;
#720 = ADVANCED_FACE ( 'NONE', ( #1343 ), #742, .T. ) ;
#721 = VECTOR ( 'NONE', #629, 1000.000000000000000 ) ;
#722 = CYLINDRICAL_SURFACE ( 'NONE', #1695, 0.2500000000000000000 ) ;
#723 = STYLED_ITEM ( 'NONE', ( #863 ), #828 ) ;
#724 = DIRECTION ( 'NONE',  ( -0.0000000000000000000, -1.000000000000000000, -0.0000000000000000000 ) ) ;
#725 = AXIS2_PLACEMENT_3D ( 'NONE', #1502, #1661, #755 ) ;
#726 = FILL_AREA_STYLE_COLOUR ( '', #979 ) ;
#727 = LINE ( 'NONE', #604, #699 ) ;
#728 = UNCERTAINTY_MEASURE_WITH_UNIT (LENGTH_MEASURE( 1.000000000000000082E-05 ), #1446, 'distance_accuracy_value', 'NONE');
#729 = ORIENTED_EDGE ( 'NONE', *, *, #1262, .T. ) ;
#730 = CIRCLE ( 'NONE', #82, 0.2500000000000000000 ) ;
#731 = AXIS2_PLACEMENT_3D ( 'NONE', #1284, #974, #688 ) ;
#732 =( NAMED_UNIT ( * ) PLANE_ANGLE_UNIT ( ) SI_UNIT ( $, .RADIAN. ) );
#733 = VERTEX_POINT ( 'NONE', #566 ) ;
#734 = EDGE_LOOP ( 'NONE', ( #941, #1656, #128, #214 ) ) ;
#735 = ADVANCED_FACE ( 'NONE', ( #1459 ), #418, .T. ) ;
#736 = CARTESIAN_POINT ( 'NONE',  ( -3.750000000000000000, 4.499999999999997335, -3.500000000000000000 ) ) ;
#737 = DIRECTION ( 'NONE',  ( -0.0000000000000000000, -0.7071067811865431318, -0.7071067811865517916 ) ) ;
#738 = ADVANCED_FACE ( 'NONE', ( #1149 ), #1135, .T. ) ;
#739 = DIRECTION ( 'NONE',  ( 0.0000000000000000000, 0.0000000000000000000, 1.000000000000000000 ) ) ;
#740 = PLANE ( 'NONE',  #1578 ) ;
#741 = ORIENTED_EDGE ( 'NONE', *, *, #961, .F. ) ;
#742 = CYLINDRICAL_SURFACE ( 'NONE', #757, 0.2500000000000000000 ) ;
#743 = ORIENTED_EDGE ( 'NONE', *, *, #977, .T. ) ;
#744 = ORIENTED_EDGE ( 'NONE', *, *, #991, .T. ) ;
#745 = FACE_OUTER_BOUND ( 'NONE', #1401, .T. ) ;
#746 = DIRECTION ( 'NONE',  ( 1.000000000000000000, 0.0000000000000000000, 0.0000000000000000000 ) ) ;
#747 = CARTESIAN_POINT ( 'NONE',  ( -2.250000000000000444, -2.700000000000002842, -1.550000000000000266 ) ) ;
#748 = CARTESIAN_POINT ( 'NONE',  ( -3.250000000000000444, 4.499999999999997335, -0.9499999999999998446 ) ) ;
#749 = EDGE_LOOP ( 'NONE', ( #131, #964, #990, #331, #1523, #469, #375, #190 ) ) ;
#750 = EDGE_CURVE ( 'NONE', #1612, #1019, #1859, .T. ) ;
#751 = SURFACE_SIDE_STYLE ('',( #1062 ) ) ;
#752 = CARTESIAN_POINT ( 'NONE',  ( 0.7500000000000002220, -4.336808689942017736E-16, -1.300000000000000266 ) ) ;
#753 = EDGE_LOOP ( 'NONE', ( #1327, #591, #674, #210 ) ) ;
#754 = CARTESIAN_POINT ( 'NONE',  ( -2.250000000000000444, 3.799999999999997602, -1.300000000000000266 ) ) ;
#755 = DIRECTION ( 'NONE',  ( 0.0000000000000000000, 0.0000000000000000000, 1.000000000000000000 ) ) ;
#756 = DIRECTION ( 'NONE',  ( 0.0000000000000000000, 1.000000000000000000, 0.0000000000000000000 ) ) ;
#757 = AXIS2_PLACEMENT_3D ( 'NONE', #143, #1769, #1895 ) ;
#758 = CARTESIAN_POINT ( 'NONE',  ( -0.7499999999999997780, -2.700000000000002842, -1.550000000000000266 ) ) ;
#759 = SURFACE_STYLE_FILL_AREA ( #643 ) ;
#760 = VECTOR ( 'NONE', #860, 1000.000000000000000 ) ;
#761 = CLOSED_SHELL ( 'NONE', ( #828, #929, #1545, #40, #701, #33, #1155, #1286, #16, #327, #1730, #97, #1506, #1216, #172, #19, #1521, #1366, #1898, #204, #1116, #599, #720, #1706, #1494, #250, #540, #278, #311, #813, #1127, #1449, #1028, #822, #738, #1708, #431, #890, #239, #686, #678, #1186, #1067, #1912, #1757, #735, #1696, #876, #644, #369 ) ) ;
#762 =( NAMED_UNIT ( * ) PLANE_ANGLE_UNIT ( ) SI_UNIT ( $, .RADIAN. ) );
#763 = LINE ( 'NONE', #1053, #1817 ) ;
#764 = EDGE_CURVE ( 'NONE', #1095, #1131, #1905, .T. ) ;
#765 = VECTOR ( 'NONE', #124, 1000.000000000000000 ) ;
#766 = CIRCLE ( 'NONE', #611, 0.2500000000000000000 ) ;
#767 = ORIENTED_EDGE ( 'NONE', *, *, #1620, .T. ) ;
#768 = AXIS2_PLACEMENT_3D ( 'NONE', #1863, #87, #1436 ) ;
#769 = LINE ( 'NONE', #1356, #1048 ) ;
#770 = VERTEX_POINT ( 'NONE', #386 ) ;
#771 = VECTOR ( 'NONE', #196, 1000.000000000000000 ) ;
#772 = APPLICATION_CONTEXT ( 'automotive_design' ) ;
#773 = DIRECTION ( 'NONE',  ( 0.0000000000000000000, 1.000000000000000000, -0.0000000000000000000 ) ) ;
#774 = CIRCLE ( 'NONE', #1087, 0.2500000000000000000 ) ;
#775 = CARTESIAN_POINT ( 'NONE',  ( -2.250000000000000444, -4.336808689942017736E-16, -1.300000000000000266 ) ) ;
#776 = DIRECTION ( 'NONE',  ( 0.0000000000000000000, 0.0000000000000000000, 1.000000000000000000 ) ) ;
#777 = DIRECTION ( 'NONE',  ( 0.0000000000000000000, 1.000000000000000000, 0.0000000000000000000 ) ) ;
#778 = VERTEX_POINT ( 'NONE', #984 ) ;
#779 = FILL_AREA_STYLE_COLOUR ( '', #409 ) ;
#780 = EDGE_LOOP ( 'NONE', ( #1458, #261, #741, #508 ) ) ;
#781 = EDGE_CURVE ( 'NONE', #146, #915, #555, .T. ) ;
#782 = CARTESIAN_POINT ( 'NONE',  ( 0.7500000000000002220, 3.799999999999997602, -1.300000000000000266 ) ) ;
#783 = PLANE ( 'NONE',  #573 ) ;
#784 = DIRECTION ( 'NONE',  ( 0.0000000000000000000, 1.000000000000000000, 0.0000000000000000000 ) ) ;
#785 = ORIENTED_EDGE ( 'NONE', *, *, #1805, .T. ) ;
#786 = CARTESIAN_POINT ( 'NONE',  ( 3.250000000000000444, 1.099999999999997424, -3.100000000000000977 ) ) ;
#787 = ORIENTED_EDGE ( 'NONE', *, *, #1282, .T. ) ;
#788 = EDGE_CURVE ( 'NONE', #770, #1185, #851, .T. ) ;
#789 = PLANE ( 'NONE',  #638 ) ;
#790 = UNCERTAINTY_MEASURE_WITH_UNIT (LENGTH_MEASURE( 1.000000000000000082E-05 ), #91, 'distance_accuracy_value', 'NONE');
#791 = EDGE_CURVE ( 'NONE', #283, #1540, #1891, .T. ) ;
#792 = CYLINDRICAL_SURFACE ( 'NONE', #1224, 0.2500000000000000000 ) ;
#793 =( GEOMETRIC_REPRESENTATION_CONTEXT ( 3 ) GLOBAL_UNCERTAINTY_ASSIGNED_CONTEXT ( ( #1650 ) ) GLOBAL_UNIT_ASSIGNED_CONTEXT ( ( #1309, #236, #1435 ) ) REPRESENTATION_CONTEXT ( 'NONE', 'WORKASPACE' ) );
#794 = DIRECTION ( 'NONE',  ( 0.0000000000000000000, 0.0000000000000000000, 1.000000000000000000 ) ) ;
#795 = VERTEX_POINT ( 'NONE', #1793 ) ;
#796 = PRESENTATION_LAYER_ASSIGNMENT (  '', '', ( #411 ) ) ;
#797 =( GEOMETRIC_REPRESENTATION_CONTEXT ( 3 ) GLOBAL_UNCERTAINTY_ASSIGNED_CONTEXT ( ( #673 ) ) GLOBAL_UNIT_ASSIGNED_CONTEXT ( ( #1463, #322, #590 ) ) REPRESENTATION_CONTEXT ( 'NONE', 'WORKASPACE' ) );
#798 = CARTESIAN_POINT ( 'NONE',  ( -3.750000000000000000, 4.499999999999997335, -1.750000000000000000 ) ) ;
#799 = ORIENTED_EDGE ( 'NONE', *, *, #1238, .T. ) ;
#800 = CIRCLE ( 'NONE', #615, 0.2500000000000000000 ) ;
#801 =( GEOMETRIC_REPRESENTATION_CONTEXT ( 3 ) GLOBAL_UNCERTAINTY_ASSIGNED_CONTEXT ( ( #1002 ) ) GLOBAL_UNIT_ASSIGNED_CONTEXT ( ( #528, #1307, #864 ) ) REPRESENTATION_CONTEXT ( 'NONE', 'WORKASPACE' ) );
#802 = MECHANICAL_DESIGN_GEOMETRIC_PRESENTATION_REPRESENTATION (  '', ( #489 ), #675 ) ;
#803 = EDGE_CURVE ( 'NONE', #1670, #1215, #1183, .T. ) ;
#804 = SURFACE_STYLE_FILL_AREA ( #1106 ) ;
#805 = VERTEX_POINT ( 'NONE', #464 ) ;
#806 = FACE_OUTER_BOUND ( 'NONE', #1464, .T. ) ;
#807 = ORIENTED_EDGE ( 'NONE', *, *, #492, .F. ) ;
#808 = FILL_AREA_STYLE ('',( #1697 ) ) ;
#809 =( LENGTH_UNIT ( ) NAMED_UNIT ( * ) SI_UNIT ( .MILLI., .METRE. ) );
#810 = DIRECTION ( 'NONE',  ( -1.334402673828313339E-16, 0.0000000000000000000, -1.000000000000000000 ) ) ;
#811 = UNCERTAINTY_MEASURE_WITH_UNIT (LENGTH_MEASURE( 1.000000000000000082E-05 ), #1824, 'distance_accuracy_value', 'NONE');
#812 = ORIENTED_EDGE ( 'NONE', *, *, #90, .T. ) ;
#813 = ADVANCED_FACE ( 'NONE', ( #1743 ), #414, .F. ) ;
#814 = DIRECTION ( 'NONE',  ( 1.000000000000000000, -0.0000000000000000000, 0.0000000000000000000 ) ) ;
#815 =( NAMED_UNIT ( * ) PLANE_ANGLE_UNIT ( ) SI_UNIT ( $, .RADIAN. ) );
#816 = ORIENTED_EDGE ( 'NONE', *, *, #1591, .F. ) ;
#817 = DIRECTION ( 'NONE',  ( -0.0000000000000000000, -1.000000000000000000, -0.0000000000000000000 ) ) ;
#818 = LINE ( 'NONE', #1403, #381 ) ;
#819 = PRESENTATION_STYLE_ASSIGNMENT (( #1852 ) ) ;
#820 = CARTESIAN_POINT ( 'NONE',  ( 0.7500000000000002220, -2.700000000000002842, -1.300000000000000266 ) ) ;
#821 = ORIENTED_EDGE ( 'NONE', *, *, #838, .F. ) ;
#822 = ADVANCED_FACE ( 'NONE', ( #153 ), #594, .F. ) ;
#823 = CARTESIAN_POINT ( 'NONE',  ( 2.250000000000001332, -2.700000000000002842, -1.300000000000000266 ) ) ;
#824 = VECTOR ( 'NONE', #1405, 1000.000000000000000 ) ;
#825 = ORIENTED_EDGE ( 'NONE', *, *, #750, .T. ) ;
#826 = STYLED_ITEM ( 'NONE', ( #625 ), #876 ) ;
#827 = MECHANICAL_DESIGN_GEOMETRIC_PRESENTATION_REPRESENTATION (  '', ( #203 ), #455 ) ;
#828 = ADVANCED_FACE ( 'NONE', ( #1495 ), #428, .T. ) ;
#829 = AXIS2_PLACEMENT_3D ( 'NONE', #1672, #810, #1253 ) ;
#830 =( NAMED_UNIT ( * ) PLANE_ANGLE_UNIT ( ) SI_UNIT ( $, .RADIAN. ) );
#831 =( NAMED_UNIT ( * ) SI_UNIT ( $, .STERADIAN. ) SOLID_ANGLE_UNIT ( ) );
#832 = AXIS2_PLACEMENT_3D ( 'NONE', #881, #1454, #706 ) ;
#833 = FACE_BOUND ( 'NONE', #302, .T. ) ;
#834 = ORIENTED_EDGE ( 'NONE', *, *, #1400, .F. ) ;
#835 = SURFACE_STYLE_FILL_AREA ( #683 ) ;
#836 = DIRECTION ( 'NONE',  ( -1.000000000000000000, 0.0000000000000000000, -0.0000000000000000000 ) ) ;
#837 = EDGE_LOOP ( 'NONE', ( #1729, #1630 ) ) ;
#838 = EDGE_CURVE ( 'NONE', #704, #1318, #1766, .T. ) ;
#839 = FACE_OUTER_BOUND ( 'NONE', #132, .T. ) ;
#840 = CARTESIAN_POINT ( 'NONE',  ( 2.250000000000001332, 1.399999999999996803, -1.300000000000000266 ) ) ;
#841 = CARTESIAN_POINT ( 'NONE',  ( 2.549999999999999822, 2.699999999999997069, -0.4000000000000010214 ) ) ;
#842 = VERTEX_POINT ( 'NONE', #1165 ) ;
#843 = CARTESIAN_POINT ( 'NONE',  ( -2.250000000000000444, -2.700000000000002842, -1.300000000000000266 ) ) ;
#844 = CARTESIAN_POINT ( 'NONE',  ( 3.250000000000000444, 1.099999999999997646, -3.100000000000000977 ) ) ;
#845 = VERTEX_POINT ( 'NONE', #275 ) ;
#846 = EDGE_CURVE ( 'NONE', #649, #1159, #1456, .T. ) ;
#847 = CARTESIAN_POINT ( 'NONE',  ( 2.549999999999999378, 1.699999999999997069, -0.4000000000000008549 ) ) ;
#848 = FILL_AREA_STYLE_COLOUR ( '', #1516 ) ;
#849 =( NAMED_UNIT ( * ) PLANE_ANGLE_UNIT ( ) SI_UNIT ( $, .RADIAN. ) );
#850 = EDGE_CURVE ( 'NONE', #885, #1178, #1902, .T. ) ;
#851 = LINE ( 'NONE', #1842, #511 ) ;
#852 = ORIENTED_EDGE ( 'NONE', *, *, #376, .F. ) ;
#853 = DIRECTION ( 'NONE',  ( 0.0000000000000000000, 1.000000000000000000, 0.0000000000000000000 ) ) ;
#854 = CARTESIAN_POINT ( 'NONE',  ( 2.250000000000001332, -2.700000000000002842, -1.050000000000000044 ) ) ;
#855 = ORIENTED_EDGE ( 'NONE', *, *, #1490, .T. ) ;
#856 = AXIS2_PLACEMENT_3D ( 'NONE', #1212, #10, #1365 ) ;
#857 = SURFACE_STYLE_FILL_AREA ( #1303 ) ;
#858 = AXIS2_PLACEMENT_3D ( 'NONE', #823, #853, #264 ) ;
#859 = CIRCLE ( 'NONE', #1595, 0.2500000000000000000 ) ;
#860 = DIRECTION ( 'NONE',  ( -0.0000000000000000000, -0.0000000000000000000, -1.000000000000000000 ) ) ;
#861 = PRESENTATION_LAYER_ASSIGNMENT (  '', '', ( #1283 ) ) ;
#862 = DIRECTION ( 'NONE',  ( 0.0000000000000000000, 1.000000000000000000, 1.204669080539449344E-16 ) ) ;
#863 = PRESENTATION_STYLE_ASSIGNMENT (( #1758 ) ) ;
#864 =( NAMED_UNIT ( * ) SI_UNIT ( $, .STERADIAN. ) SOLID_ANGLE_UNIT ( ) );
#865 = ORIENTED_EDGE ( 'NONE', *, *, #1431, .F. ) ;
#866 = EDGE_CURVE ( 'NONE', #539, #542, #883, .T. ) ;
#867 = CARTESIAN_POINT ( 'NONE',  ( 3.750000000000000000, 2.699999999999997069, -0.9500000000000000666 ) ) ;
#868 = FACE_BOUND ( 'NONE', #1071, .T. ) ;
#869 = ORIENTED_EDGE ( 'NONE', *, *, #1829, .T. ) ;
#870 = PLANE ( 'NONE',  #832 ) ;
#871 = PLANE ( 'NONE',  #1145 ) ;
#872 = DIRECTION ( 'NONE',  ( 0.0000000000000000000, -0.0000000000000000000, -1.000000000000000000 ) ) ;
#873 = LINE ( 'NONE', #758, #1691 ) ;
#874 = ORIENTED_EDGE ( 'NONE', *, *, #1195, .F. ) ;
#875 = DIRECTION ( 'NONE',  ( 0.0000000000000000000, 0.0000000000000000000, 1.000000000000000000 ) ) ;
#876 = ADVANCED_FACE ( 'NONE', ( #1025 ), #137, .T. ) ;
#877 = ORIENTED_EDGE ( 'NONE', *, *, #151, .T. ) ;
#878 = FILL_AREA_STYLE_COLOUR ( '', #1432 ) ;
#879 = VERTEX_POINT ( 'NONE', #26 ) ;
#880 = CARTESIAN_POINT ( 'NONE',  ( -2.250000000000000444, 1.399999999999996803, -1.300000000000000266 ) ) ;
#881 = CARTESIAN_POINT ( 'NONE',  ( -3.750000000000000000, 2.699999999999997069, -0.9500000000000001776 ) ) ;
#882 = LINE ( 'NONE', #435, #301 ) ;
#883 = LINE ( 'NONE', #1176, #1349 ) ;
#884 = PRESENTATION_STYLE_ASSIGNMENT (( #910 ) ) ;
#885 = VERTEX_POINT ( 'NONE', #925 ) ;
#886 = CARTESIAN_POINT ( 'NONE',  ( -2.250000000000000444, -2.700000000000002842, -1.300000000000000266 ) ) ;
#887 = VERTEX_POINT ( 'NONE', #62 ) ;
#888 = EDGE_CURVE ( 'NONE', #1215, #1489, #1749, .T. ) ;
#889 = ORIENTED_EDGE ( 'NONE', *, *, #1094, .T. ) ;
#890 = ADVANCED_FACE ( 'NONE', ( #1543 ), #1806, .F. ) ;
#891 = LINE ( 'NONE', #1764, #1547 ) ;
#892 = LINE ( 'NONE', #561, #1522 ) ;
#893 = AXIS2_PLACEMENT_3D ( 'NONE', #1122, #1581, #224 ) ;
#894 =( NAMED_UNIT ( * ) SI_UNIT ( $, .STERADIAN. ) SOLID_ANGLE_UNIT ( ) );
#895 = COLOUR_RGB ( '',0.7529411764705882248, 0.7529411764705882248, 0.7529411764705882248 ) ;
#896 = COLOUR_RGB ( '',0.7529411764705882248, 0.7529411764705882248, 0.7529411764705882248 ) ;
#897 = CARTESIAN_POINT ( 'NONE',  ( 2.250000000000001332, -2.700000000000002842, -1.300000000000000266 ) ) ;
#898 = ORIENTED_EDGE ( 'NONE', *, *, #781, .F. ) ;
#899 = AXIS2_PLACEMENT_3D ( 'NONE', #886, #1070, #473 ) ;
#900 = SURFACE_STYLE_FILL_AREA ( #912 ) ;
#901 = COLOUR_RGB ( '',0.7529411764705882248, 0.7529411764705882248, 0.7529411764705882248 ) ;
#902 = ORIENTED_EDGE ( 'NONE', *, *, #1858, .F. ) ;
#903 = PRESENTATION_LAYER_ASSIGNMENT (  '', '', ( #1445 ) ) ;
#904 = CARTESIAN_POINT ( 'NONE',  ( 2.250000000000001332, -2.700000000000002842, -1.550000000000000266 ) ) ;
#905 = ORIENTED_EDGE ( 'NONE', *, *, #56, .T. ) ;
#906 = LINE ( 'NONE', #705, #765 ) ;
#907 = CARTESIAN_POINT ( 'NONE',  ( -3.250000000000000444, 1.699999999999997069, 0.0000000000000000000 ) ) ;
#908 = EDGE_CURVE ( 'NONE', #1745, #66, #534, .T. ) ;
#909 = CARTESIAN_POINT ( 'NONE',  ( -3.750000000000000000, 0.0000000000000000000, -3.500000000000002220 ) ) ;
#910 = SURFACE_STYLE_USAGE ( .BOTH. , #1060 ) ;
#911 = ORIENTED_EDGE ( 'NONE', *, *, #1272, .T. ) ;
#912 = FILL_AREA_STYLE ('',( #1038 ) ) ;
#913 = PRESENTATION_STYLE_ASSIGNMENT (( #289 ) ) ;
#914 = ORIENTED_EDGE ( 'NONE', *, *, #713, .T. ) ;
#915 = VERTEX_POINT ( 'NONE', #847 ) ;
#916 = CARTESIAN_POINT ( 'NONE',  ( -3.750000000000000000, 2.699999999999997069, -1.750000000000000444 ) ) ;
#917 = CARTESIAN_POINT ( 'NONE',  ( -3.750000000000000000, 4.499999999999997335, 0.0000000000000000000 ) ) ;
#918 = FILL_AREA_STYLE ('',( #321 ) ) ;
#919 = DIRECTION ( 'NONE',  ( 0.0000000000000000000, 0.0000000000000000000, 1.000000000000000000 ) ) ;
#920 = SURFACE_SIDE_STYLE ('',( #900 ) ) ;
#921 = CARTESIAN_POINT ( 'NONE',  ( 2.549999999999999822, 1.699999999999997069, -3.501000000000003887 ) ) ;
#922 = ORIENTED_EDGE ( 'NONE', *, *, #947, .T. ) ;
#923 = ORIENTED_EDGE ( 'NONE', *, *, #791, .F. ) ;
#924 = CARTESIAN_POINT ( 'NONE',  ( -3.250000000000000444, 1.699999999999997069, -3.501000000000003887 ) ) ;
#925 = CARTESIAN_POINT ( 'NONE',  ( 3.250000000000000444, 2.699999999999996625, 0.0000000000000000000 ) ) ;
#926 = STYLED_ITEM ( 'NONE', ( #1470 ), #720 ) ;
#927 = FACE_OUTER_BOUND ( 'NONE', #208, .T. ) ;
#928 = VECTOR ( 'NONE', #1310, 1000.000000000000000 ) ;
#929 = ADVANCED_FACE ( 'NONE', ( #839 ), #1567, .T. ) ;
#930 = VECTOR ( 'NONE', #1744, 1000.000000000000000 ) ;
#931 = LINE ( 'NONE', #1551, #448 ) ;
#932 = ORIENTED_EDGE ( 'NONE', *, *, #191, .T. ) ;
#933 = AXIS2_PLACEMENT_3D ( 'NONE', #968, #527, #972 ) ;
#934 = LINE ( 'NONE', #463, #1781 ) ;
#935 = UNCERTAINTY_MEASURE_WITH_UNIT (LENGTH_MEASURE( 1.000000000000000082E-05 ), #1344, 'distance_accuracy_value', 'NONE');
#936 = DIRECTION ( 'NONE',  ( 0.0000000000000000000, -0.0000000000000000000, -1.000000000000000000 ) ) ;
#937 = CARTESIAN_POINT ( 'NONE',  ( -2.250000000000000444, -2.700000000000002842, -1.300000000000000266 ) ) ;
#938 = ORIENTED_EDGE ( 'NONE', *, *, #977, .F. ) ;
#939 = EDGE_CURVE ( 'NONE', #1751, #329, #1291, .T. ) ;
#940 = PRESENTATION_STYLE_ASSIGNMENT (( #1084 ) ) ;
#941 = ORIENTED_EDGE ( 'NONE', *, *, #1355, .F. ) ;
#942 = CARTESIAN_POINT ( 'NONE',  ( 2.250000000000001332, -2.700000000000002842, -1.300000000000000266 ) ) ;
#943 = DIRECTION ( 'NONE',  ( 0.0000000000000000000, 1.000000000000000000, 0.0000000000000000000 ) ) ;
#944 = LINE ( 'NONE', #1557, #55 ) ;
#945 = ORIENTED_EDGE ( 'NONE', *, *, #1563, .F. ) ;
#946 = ORIENTED_EDGE ( 'NONE', *, *, #1490, .F. ) ;
#947 = EDGE_CURVE ( 'NONE', #1318, #66, #906, .T. ) ;
#948 = EDGE_CURVE ( 'NONE', #277, #1410, #1889, .T. ) ;
#949 = CIRCLE ( 'NONE', #725, 0.2500000000000000000 ) ;
#950 = PRESENTATION_STYLE_ASSIGNMENT (( #350 ) ) ;
#951 = STYLED_ITEM ( 'NONE', ( #1004 ), #644 ) ;
#952 = FILL_AREA_STYLE_COLOUR ( '', #205 ) ;
#953 = VERTEX_POINT ( 'NONE', #736 ) ;
#954 = VECTOR ( 'NONE', #312, 1000.000000000000000 ) ;
#955 = DIRECTION ( 'NONE',  ( 0.0000000000000000000, -1.000000000000000000, -6.746146851020920861E-16 ) ) ;
#956 = AXIS2_PLACEMENT_3D ( 'NONE', #880, #1634, #1304 ) ;
#957 = VECTOR ( 'NONE', #1338, 1000.000000000000000 ) ;
#958 = CARTESIAN_POINT ( 'NONE',  ( -2.250000000000000444, -2.700000000000002842, -1.050000000000000044 ) ) ;
#959 = ORIENTED_EDGE ( 'NONE', *, *, #492, .T. ) ;
#960 = VECTOR ( 'NONE', #1315, 1000.000000000000000 ) ;
#961 = EDGE_CURVE ( 'NONE', #1705, #778, #891, .T. ) ;
#962 = COLOUR_RGB ( '',0.7529411764705882248, 0.7529411764705882248, 0.7529411764705882248 ) ;
#963 = DIRECTION ( 'NONE',  ( 0.0000000000000000000, 1.000000000000000000, 0.0000000000000000000 ) ) ;
#964 = ORIENTED_EDGE ( 'NONE', *, *, #1888, .T. ) ;
#965 = CARTESIAN_POINT ( 'NONE',  ( -3.750000000000000000, 0.0000000000000000000, -3.500000000000003109 ) ) ;
#966 = LINE ( 'NONE', #1681, #1146 ) ;
#967 = ORIENTED_EDGE ( 'NONE', *, *, #1152, .F. ) ;
#968 = CARTESIAN_POINT ( 'NONE',  ( -2.250000000000000444, -2.700000000000002842, -1.300000000000000266 ) ) ;
#969 = ORIENTED_EDGE ( 'NONE', *, *, #1431, .T. ) ;
#970 = FACE_OUTER_BOUND ( 'NONE', #1771, .T. ) ;
#971 = ORIENTED_EDGE ( 'NONE', *, *, #1355, .T. ) ;
#972 = DIRECTION ( 'NONE',  ( 0.0000000000000000000, 0.0000000000000000000, 1.000000000000000000 ) ) ;
#973 =( LENGTH_UNIT ( ) NAMED_UNIT ( * ) SI_UNIT ( .MILLI., .METRE. ) );
#974 = DIRECTION ( 'NONE',  ( 0.0000000000000000000, 1.000000000000000000, 0.0000000000000000000 ) ) ;
#975 = VERTEX_POINT ( 'NONE', #1491 ) ;
#976 = CARTESIAN_POINT ( 'NONE',  ( -0.7499999999999997780, 3.799999999999998046, -1.300000000000000266 ) ) ;
#977 = EDGE_CURVE ( 'NONE', #1751, #345, #1043, .T. ) ;
#978 = ORIENTED_EDGE ( 'NONE', *, *, #1481, .F. ) ;
#979 = COLOUR_RGB ( '',0.7529411764705882248, 0.7529411764705882248, 0.7529411764705882248 ) ;
#980 = COLOUR_RGB ( '',0.7529411764705882248, 0.7529411764705882248, 0.7529411764705882248 ) ;
#981 = DIRECTION ( 'NONE',  ( 0.0000000000000000000, 0.0000000000000000000, 1.000000000000000000 ) ) ;
#982 = DIRECTION ( 'NONE',  ( 1.000000000000000000, 0.0000000000000000000, -1.751403509399660857E-16 ) ) ;
#983 = CIRCLE ( 'NONE', #28, 0.2500000000000000000 ) ;
#984 = CARTESIAN_POINT ( 'NONE',  ( -3.250000000000000444, 2.699999999999997069, 0.0000000000000000000 ) ) ;
#985 = VECTOR ( 'NONE', #1851, 1000.000000000000000 ) ;
#986 =( NAMED_UNIT ( * ) SI_UNIT ( $, .STERADIAN. ) SOLID_ANGLE_UNIT ( ) );
#987 = ORIENTED_EDGE ( 'NONE', *, *, #1412, .T. ) ;
#988 = DIRECTION ( 'NONE',  ( 0.0000000000000000000, 0.0000000000000000000, 1.000000000000000000 ) ) ;
#989 = DIRECTION ( 'NONE',  ( 0.0000000000000000000, 0.0000000000000000000, -1.000000000000000000 ) ) ;
#990 = ORIENTED_EDGE ( 'NONE', *, *, #586, .F. ) ;
#991 = EDGE_CURVE ( 'NONE', #1128, #842, #231, .T. ) ;
#992 = DIRECTION ( 'NONE',  ( 0.0000000000000000000, -0.0000000000000000000, 1.000000000000000000 ) ) ;
#993 = DIRECTION ( 'NONE',  ( 0.0000000000000000000, -2.065146995210491351E-16, 1.000000000000000000 ) ) ;
#994 = ORIENTED_EDGE ( 'NONE', *, *, #1648, .F. ) ;
#995 = DIRECTION ( 'NONE',  ( -0.0000000000000000000, -0.0000000000000000000, -1.000000000000000000 ) ) ;
#996 = ORIENTED_EDGE ( 'NONE', *, *, #1583, .T. ) ;
#997 = SURFACE_STYLE_USAGE ( .BOTH. , #1440 ) ;
#998 = CARTESIAN_POINT ( 'NONE',  ( 3.250000000000000444, 1.699999999999997069, 0.0000000000000000000 ) ) ;
#999 = EDGE_CURVE ( 'NONE', #628, #373, #637, .T. ) ;
#1000 = FILL_AREA_STYLE_COLOUR ( '', #1378 ) ;
#1001 = SURFACE_STYLE_USAGE ( .BOTH. , #1853 ) ;
#1002 = UNCERTAINTY_MEASURE_WITH_UNIT (LENGTH_MEASURE( 1.000000000000000082E-05 ), #528, 'distance_accuracy_value', 'NONE');
#1003 = ORIENTED_EDGE ( 'NONE', *, *, #5, .T. ) ;
#1004 = PRESENTATION_STYLE_ASSIGNMENT (( #1709 ) ) ;
#1005 = DIRECTION ( 'NONE',  ( 0.0000000000000000000, 1.000000000000000000, 0.0000000000000000000 ) ) ;
#1006 = ORIENTED_EDGE ( 'NONE', *, *, #791, .T. ) ;
#1007 = CARTESIAN_POINT ( 'NONE',  ( 0.0000000000000000000, 0.0000000000000000000, 0.0000000000000000000 ) ) ;
#1008 = PRESENTATION_LAYER_ASSIGNMENT (  '', '', ( #723 ) ) ;
#1009 = MECHANICAL_DESIGN_GEOMETRIC_PRESENTATION_REPRESENTATION (  '', ( #826 ), #1407 ) ;
#1010 = DIRECTION ( 'NONE',  ( 0.0000000000000000000, 0.0000000000000000000, 1.000000000000000000 ) ) ;
#1011 = VECTOR ( 'NONE', #1005, 1000.000000000000000 ) ;
#1012 = FILL_AREA_STYLE_COLOUR ( '', #962 ) ;
#1013 = CARTESIAN_POINT ( 'NONE',  ( -3.750000000000000000, 4.499999999999997335, -1.750000000000000000 ) ) ;
#1014 = VECTOR ( 'NONE', #989, 1000.000000000000000 ) ;
#1015 = EDGE_CURVE ( 'NONE', #1803, #146, #714, .T. ) ;
#1016 = FILL_AREA_STYLE ('',( #1059 ) ) ;
#1017 = LINE ( 'NONE', #436, #960 ) ;
#1018 = CIRCLE ( 'NONE', #1261, 0.2500000000000000000 ) ;
#1019 = VERTEX_POINT ( 'NONE', #1188 ) ;
#1020 = FILL_AREA_STYLE ('',( #315 ) ) ;
#1021 = PLANE ( 'NONE',  #768 ) ;
#1022 = ORIENTED_EDGE ( 'NONE', *, *, #1102, .T. ) ;
#1023 = PRESENTATION_LAYER_ASSIGNMENT (  '', '', ( #489 ) ) ;
#1024 =( NAMED_UNIT ( * ) PLANE_ANGLE_UNIT ( ) SI_UNIT ( $, .RADIAN. ) );
#1025 = FACE_OUTER_BOUND ( 'NONE', #700, .T. ) ;
#1026 = DIRECTION ( 'NONE',  ( 0.0000000000000000000, 1.000000000000000000, 0.0000000000000000000 ) ) ;
#1027 = VERTEX_POINT ( 'NONE', #1739 ) ;
#1028 = ADVANCED_FACE ( 'NONE', ( #1322 ), #1311, .F. ) ;
#1029 = ORIENTED_EDGE ( 'NONE', *, *, #56, .F. ) ;
#1030 = EDGE_CURVE ( 'NONE', #171, #1056, #410, .T. ) ;
#1031 = DIRECTION ( 'NONE',  ( 0.0000000000000000000, 0.0000000000000000000, 1.000000000000000000 ) ) ;
#1032 = DIRECTION ( 'NONE',  ( 1.000000000000000000, -0.0000000000000000000, 0.0000000000000000000 ) ) ;
#1033 = CARTESIAN_POINT ( 'NONE',  ( -3.750000000000000000, 0.0000000000000000000, 0.0000000000000000000 ) ) ;
#1034 = CARTESIAN_POINT ( 'NONE',  ( -3.750000000000000000, 4.499999999999997335, 0.0000000000000000000 ) ) ;
#1035 = SURFACE_SIDE_STYLE ('',( #587 ) ) ;
#1036 = LINE ( 'NONE', #139, #362 ) ;
#1037 = ORIENTED_EDGE ( 'NONE', *, *, #999, .F. ) ;
#1038 = FILL_AREA_STYLE_COLOUR ( '', #1839 ) ;
#1039 = ORIENTED_EDGE ( 'NONE', *, *, #655, .T. ) ;
#1040 = EDGE_CURVE ( 'NONE', #171, #1834, #1613, .T. ) ;
#1041 = DIRECTION ( 'NONE',  ( 0.0000000000000000000, -0.0000000000000000000, 1.000000000000000000 ) ) ;
#1042 = MECHANICAL_DESIGN_GEOMETRIC_PRESENTATION_REPRESENTATION (  '', ( #1283 ), #1111 ) ;
#1043 = LINE ( 'NONE', #149, #483 ) ;
#1044 = MANIFOLD_SOLID_BREP ( 'NONE', #761 ) ;
#1045 = CARTESIAN_POINT ( 'NONE',  ( -3.250000000000000444, 2.699999999999997069, -0.3999999999999997446 ) ) ;
#1046 = VECTOR ( 'NONE', #1422, 1000.000000000000000 ) ;
#1047 = STYLED_ITEM ( 'NONE', ( #1213 ), #890 ) ;
#1048 = VECTOR ( 'NONE', #1031, 1000.000000000000000 ) ;
#1049 = CARTESIAN_POINT ( 'NONE',  ( 0.7500000000000002220, -4.336808689942017736E-16, -1.300000000000000266 ) ) ;
#1050 = ORIENTED_EDGE ( 'NONE', *, *, #1223, .F. ) ;
#1051 = VECTOR ( 'NONE', #1093, 1000.000000000000000 ) ;
#1052 = PRESENTATION_LAYER_ASSIGNMENT (  '', '', ( #305 ) ) ;
#1053 = CARTESIAN_POINT ( 'NONE',  ( 3.750000000000000000, 2.699999999999997069, 0.0000000000000000000 ) ) ;
#1054 = ORIENTED_EDGE ( 'NONE', *, *, #1400, .T. ) ;
#1055 =( LENGTH_UNIT ( ) NAMED_UNIT ( * ) SI_UNIT ( .MILLI., .METRE. ) );
#1056 = VERTEX_POINT ( 'NONE', #284 ) ;
#1057 = DIRECTION ( 'NONE',  ( 0.0000000000000000000, 0.0000000000000000000, 1.000000000000000000 ) ) ;
#1058 = CARTESIAN_POINT ( 'NONE',  ( 3.750000000000000000, 2.699999999999997069, -1.750000000000000222 ) ) ;
#1059 = FILL_AREA_STYLE_COLOUR ( '', #1510 ) ;
#1060 = SURFACE_SIDE_STYLE ('',( #3 ) ) ;
#1061 = CARTESIAN_POINT ( 'NONE',  ( -3.750000000000000000, 2.699999999999997069, -0.9500000000000001776 ) ) ;
#1062 = SURFACE_STYLE_FILL_AREA ( #1168 ) ;
#1063 = ORIENTED_EDGE ( 'NONE', *, *, #1796, .F. ) ;
#1064 = CARTESIAN_POINT ( 'NONE',  ( -3.250000000000000444, 2.699999999999997069, -0.9500000000000000666 ) ) ;
#1065 = UNCERTAINTY_MEASURE_WITH_UNIT (LENGTH_MEASURE( 1.000000000000000082E-05 ), #135, 'distance_accuracy_value', 'NONE');
#1066 = DIRECTION ( 'NONE',  ( 0.0000000000000000000, 0.0000000000000000000, 1.000000000000000000 ) ) ;
#1067 = ADVANCED_FACE ( 'NONE', ( #745 ), #1848, .T. ) ;
#1068 = UNCERTAINTY_MEASURE_WITH_UNIT (LENGTH_MEASURE( 1.000000000000000082E-05 ), #973, 'distance_accuracy_value', 'NONE');
#1069 = SURFACE_SIDE_STYLE ('',( #759 ) ) ;
#1070 = DIRECTION ( 'NONE',  ( 0.0000000000000000000, 1.000000000000000000, 0.0000000000000000000 ) ) ;
#1071 = EDGE_LOOP ( 'NONE', ( #491, #1424 ) ) ;
#1072 = CARTESIAN_POINT ( 'NONE',  ( 3.750000000000000000, 4.499999999999997335, -3.100000000000000977 ) ) ;
#1073 = EDGE_LOOP ( 'NONE', ( #342, #1530 ) ) ;
#1074 = FACE_OUTER_BOUND ( 'NONE', #1082, .T. ) ;
#1075 =( LENGTH_UNIT ( ) NAMED_UNIT ( * ) SI_UNIT ( .MILLI., .METRE. ) );
#1076 = COLOUR_RGB ( '',0.7529411764705882248, 0.7529411764705882248, 0.7529411764705882248 ) ;
#1077 = SURFACE_STYLE_USAGE ( .BOTH. , #1069 ) ;
#1078 = EDGE_CURVE ( 'NONE', #475, #1876, #1352, .T. ) ;
#1079 =( GEOMETRIC_REPRESENTATION_CONTEXT ( 3 ) GLOBAL_UNCERTAINTY_ASSIGNED_CONTEXT ( ( #790 ) ) GLOBAL_UNIT_ASSIGNED_CONTEXT ( ( #91, #218, #1713 ) ) REPRESENTATION_CONTEXT ( 'NONE', 'WORKASPACE' ) );
#1080 = LINE ( 'NONE', #1243, #1635 ) ;
#1081 = CIRCLE ( 'NONE', #1114, 0.2500000000000000000 ) ;
#1082 = EDGE_LOOP ( 'NONE', ( #74, #1244 ) ) ;
#1083 = PRESENTATION_LAYER_ASSIGNMENT (  '', '', ( #1792 ) ) ;
#1084 = SURFACE_STYLE_USAGE ( .BOTH. , #493 ) ;
#1085 = ORIENTED_EDGE ( 'NONE', *, *, #866, .T. ) ;
#1086 = COLOUR_RGB ( '',0.7529411764705882248, 0.7529411764705882248, 0.7529411764705882248 ) ;
#1087 = AXIS2_PLACEMENT_3D ( 'NONE', #715, #1740, #150 ) ;
#1088 = FACE_OUTER_BOUND ( 'NONE', #1219, .T. ) ;
#1089 =( LENGTH_UNIT ( ) NAMED_UNIT ( * ) SI_UNIT ( .MILLI., .METRE. ) );
#1090 = CARTESIAN_POINT ( 'NONE',  ( -2.250000000000000444, -4.336808689942017736E-16, -1.050000000000000044 ) ) ;
#1091 = ORIENTED_EDGE ( 'NONE', *, *, #1273, .T. ) ;
#1092 = CARTESIAN_POINT ( 'NONE',  ( -2.549999999999999822, 2.699999999999997069, -0.3999999999999998002 ) ) ;
#1093 = DIRECTION ( 'NONE',  ( 1.000000000000000000, 0.0000000000000000000, 0.0000000000000000000 ) ) ;
#1094 = EDGE_CURVE ( 'NONE', #1161, #1027, #1399, .T. ) ;
#1095 = VERTEX_POINT ( 'NONE', #68 ) ;
#1096 = CARTESIAN_POINT ( 'NONE',  ( -3.250000000000000444, 2.699999999999997069, -1.750000000000000222 ) ) ;
#1097 = SURFACE_STYLE_FILL_AREA ( #1235 ) ;
#1098 = CARTESIAN_POINT ( 'NONE',  ( -2.549999999999999822, 2.699999999999997069, -0.3999999999999997446 ) ) ;
#1099 = VERTEX_POINT ( 'NONE', #494 ) ;
#1100 = DIRECTION ( 'NONE',  ( 0.0000000000000000000, 1.000000000000000000, 0.0000000000000000000 ) ) ;
#1101 = VERTEX_POINT ( 'NONE', #1539 ) ;
#1102 = EDGE_CURVE ( 'NONE', #283, #393, #966, .T. ) ;
#1103 = CARTESIAN_POINT ( 'NONE',  ( 2.250000000000001332, 3.799999999999997602, -1.300000000000000266 ) ) ;
#1104 = PRESENTATION_LAYER_ASSIGNMENT (  '', '', ( #951 ) ) ;
#1105 = CARTESIAN_POINT ( 'NONE',  ( 3.250000000000000444, 1.399999999999997247, -1.750000000000000888 ) ) ;
#1106 = FILL_AREA_STYLE ('',( #952 ) ) ;
#1107 = ORIENTED_EDGE ( 'NONE', *, *, #1421, .T. ) ;
#1108 =( GEOMETRIC_REPRESENTATION_CONTEXT ( 3 ) GLOBAL_UNCERTAINTY_ASSIGNED_CONTEXT ( ( #169 ) ) GLOBAL_UNIT_ASSIGNED_CONTEXT ( ( #608, #762, #452 ) ) REPRESENTATION_CONTEXT ( 'NONE', 'WORKASPACE' ) );
#1109 = MECHANICAL_DESIGN_GEOMETRIC_PRESENTATION_REPRESENTATION (  '', ( #1660 ), #1750 ) ;
#1110 = LINE ( 'NONE', #1680, #1321 ) ;
#1111 =( GEOMETRIC_REPRESENTATION_CONTEXT ( 3 ) GLOBAL_UNCERTAINTY_ASSIGNED_CONTEXT ( ( #92 ) ) GLOBAL_UNIT_ASSIGNED_CONTEXT ( ( #562, #1614, #894 ) ) REPRESENTATION_CONTEXT ( 'NONE', 'WORKASPACE' ) );
#1112 = CARTESIAN_POINT ( 'NONE',  ( 2.250000000000001332, -2.700000000000002842, -1.550000000000000266 ) ) ;
#1113 = VERTEX_POINT ( 'NONE', #1112 ) ;
#1114 = AXIS2_PLACEMENT_3D ( 'NONE', #531, #95, #237 ) ;
#1115 = AXIS2_PLACEMENT_3D ( 'NONE', #499, #1527, #794 ) ;
#1116 = ADVANCED_FACE ( 'NONE', ( #1257 ), #663, .F. ) ;
#1117 = AXIS2_PLACEMENT_3D ( 'NONE', #1585, #1148, #992 ) ;
#1118 = CARTESIAN_POINT ( 'NONE',  ( 3.750000000000000000, 4.499999999999997335, 0.0000000000000000000 ) ) ;
#1119 = AXIS2_PLACEMENT_3D ( 'NONE', #535, #1726, #669 ) ;
#1120 = DIRECTION ( 'NONE',  ( 0.0000000000000000000, 0.0000000000000000000, 1.000000000000000000 ) ) ;
#1121 = ORIENTED_EDGE ( 'NONE', *, *, #337, .F. ) ;
#1122 = CARTESIAN_POINT ( 'NONE',  ( 3.250000000000000444, 1.099999999999997424, -2.050000000000004707 ) ) ;
#1123 = DIRECTION ( 'NONE',  ( 0.0000000000000000000, 1.204669080539449344E-16, -1.000000000000000000 ) ) ;
#1124 = EDGE_LOOP ( 'NONE', ( #529, #1037, #1448, #352 ) ) ;
#1125 = CARTESIAN_POINT ( 'NONE',  ( 0.7500000000000002220, -2.700000000000002842, -1.300000000000000266 ) ) ;
#1126 = SURFACE_STYLE_FILL_AREA ( #1857 ) ;
#1127 = ADVANCED_FACE ( 'NONE', ( #1704 ), #23, .F. ) ;
#1128 = VERTEX_POINT ( 'NONE', #616 ) ;
#1129 = DIRECTION ( 'NONE',  ( -1.000000000000000000, 0.0000000000000000000, -0.0000000000000000000 ) ) ;
#1130 = DIRECTION ( 'NONE',  ( 0.0000000000000000000, 0.0000000000000000000, 1.000000000000000000 ) ) ;
#1131 = VERTEX_POINT ( 'NONE', #355 ) ;
#1132 = SURFACE_STYLE_FILL_AREA ( #808 ) ;
#1133 = CARTESIAN_POINT ( 'NONE',  ( 2.549999999999999822, 2.699999999999997069, 0.0000000000000000000 ) ) ;
#1134 = LINE ( 'NONE', #1555, #142 ) ;
#1135 = PLANE ( 'NONE',  #1715 ) ;
#1136 = FACE_OUTER_BOUND ( 'NONE', #1617, .T. ) ;
#1137 = ORIENTED_EDGE ( 'NONE', *, *, #111, .T. ) ;
#1138 = EDGE_CURVE ( 'NONE', #1580, #277, #1828, .T. ) ;
#1139 = PRESENTATION_LAYER_ASSIGNMENT (  '', '', ( #1508 ) ) ;
#1140 = DIRECTION ( 'NONE',  ( 0.0000000000000000000, 1.000000000000000000, 0.0000000000000000000 ) ) ;
#1141 =( NAMED_UNIT ( * ) PLANE_ANGLE_UNIT ( ) SI_UNIT ( $, .RADIAN. ) );
#1142 = VECTOR ( 'NONE', #160, 1000.000000000000000 ) ;
#1143 = ORIENTED_EDGE ( 'NONE', *, *, #947, .F. ) ;
#1144 = MECHANICAL_DESIGN_GEOMETRIC_PRESENTATION_REPRESENTATION (  '', ( #262 ), #1292 ) ;
#1145 = AXIS2_PLACEMENT_3D ( 'NONE', #1158, #1334, #571 ) ;
#1146 = VECTOR ( 'NONE', #9, 1000.000000000000000 ) ;
#1147 = STYLED_ITEM ( 'NONE', ( #1717 ), #1545 ) ;
#1148 = DIRECTION ( 'NONE',  ( 0.0000000000000000000, 1.000000000000000000, 0.0000000000000000000 ) ) ;
#1149 = FACE_OUTER_BOUND ( 'NONE', #1248, .T. ) ;
#1150 = SURFACE_SIDE_STYLE ('',( #564 ) ) ;
#1151 = EDGE_LOOP ( 'NONE', ( #905, #1469, #432, #1285 ) ) ;
#1152 = EDGE_CURVE ( 'NONE', #1299, #1489, #503, .T. ) ;
#1153 = DIRECTION ( 'NONE',  ( 0.0000000000000000000, 0.0000000000000000000, -1.000000000000000000 ) ) ;
#1154 = EDGE_LOOP ( 'NONE', ( #1452, #1914, #664, #290 ) ) ;
#1155 = ADVANCED_FACE ( 'NONE', ( #806 ), #654, .T. ) ;
#1156 = SURFACE_STYLE_FILL_AREA ( #1340 ) ;
#1157 = CARTESIAN_POINT ( 'NONE',  ( 0.7500000000000002220, 1.399999999999996803, -1.050000000000000044 ) ) ;
#1158 = CARTESIAN_POINT ( 'NONE',  ( -3.750000000000000000, 4.499999999999997335, -0.9499999999999998446 ) ) ;
#1159 = VERTEX_POINT ( 'NONE', #844 ) ;
#1160 = FACE_BOUND ( 'NONE', #780, .T. ) ;
#1161 = VERTEX_POINT ( 'NONE', #1596 ) ;
#1162 = EDGE_CURVE ( 'NONE', #1872, #795, #1081, .T. ) ;
#1163 = DIRECTION ( 'NONE',  ( 0.0000000000000000000, 1.000000000000000000, -0.0000000000000000000 ) ) ;
#1164 = LINE ( 'NONE', #1765, #1668 ) ;
#1165 = CARTESIAN_POINT ( 'NONE',  ( -2.250000000000000444, 3.799999999999998046, -1.050000000000000044 ) ) ;
#1166 = DIRECTION ( 'NONE',  ( 0.0000000000000000000, 0.0000000000000000000, 1.000000000000000000 ) ) ;
#1167 = VERTEX_POINT ( 'NONE', #1885 ) ;
#1168 = FILL_AREA_STYLE ('',( #1651 ) ) ;
#1169 = CARTESIAN_POINT ( 'NONE',  ( 3.250000000000000444, 1.699999999999997069, -3.100000000000000977 ) ) ;
#1170 = EDGE_LOOP ( 'NONE', ( #1864, #889, #799, #316 ) ) ;
#1171 = AXIS2_PLACEMENT_3D ( 'NONE', #676, #1450, #988 ) ;
#1172 =( NAMED_UNIT ( * ) SI_UNIT ( $, .STERADIAN. ) SOLID_ANGLE_UNIT ( ) );
#1173 = LINE ( 'NONE', #1034, #602 ) ;
#1174 = VECTOR ( 'NONE', #784, 1000.000000000000000 ) ;
#1175 = EDGE_CURVE ( 'NONE', #17, #1907, #1844, .T. ) ;
#1176 = CARTESIAN_POINT ( 'NONE',  ( 3.250000000000000444, 4.499999999999997335, 0.0000000000000000000 ) ) ;
#1177 = FILL_AREA_STYLE_COLOUR ( '', #901 ) ;
#1178 = VERTEX_POINT ( 'NONE', #1896 ) ;
#1179 = CARTESIAN_POINT ( 'NONE',  ( -3.250000000000000444, 2.699999999999997069, -0.3999999999999998002 ) ) ;
#1180 = FILL_AREA_STYLE ('',( #878 ) ) ;
#1181 = ORIENTED_EDGE ( 'NONE', *, *, #439, .T. ) ;
#1182 =( LENGTH_UNIT ( ) NAMED_UNIT ( * ) SI_UNIT ( .MILLI., .METRE. ) );
#1183 = LINE ( 'NONE', #747, #954 ) ;
#1184 =( LENGTH_UNIT ( ) NAMED_UNIT ( * ) SI_UNIT ( .MILLI., .METRE. ) );
#1185 = VERTEX_POINT ( 'NONE', #266 ) ;
#1186 = ADVANCED_FACE ( 'NONE', ( #567, #280, #868, #1409, #1611 ), #1021, .T. ) ;
#1187 = ORIENTED_EDGE ( 'NONE', *, *, #470, .T. ) ;
#1188 = CARTESIAN_POINT ( 'NONE',  ( -3.250000000000000444, 4.499999999999997335, -0.3999999999999998557 ) ) ;
#1189 = DIRECTION ( 'NONE',  ( -0.0000000000000000000, 0.0000000000000000000, 1.000000000000000000 ) ) ;
#1190 = DIRECTION ( 'NONE',  ( 0.0000000000000000000, 1.000000000000000000, -0.0000000000000000000 ) ) ;
#1191 = CARTESIAN_POINT ( 'NONE',  ( 3.250000000000000444, 1.699999999999997069, -3.501000000000003887 ) ) ;
#1192 = LINE ( 'NONE', #1625, #930 ) ;
#1193 = ORIENTED_EDGE ( 'NONE', *, *, #1078, .F. ) ;
#1194 = DIRECTION ( 'NONE',  ( -0.0000000000000000000, -0.0000000000000000000, -1.000000000000000000 ) ) ;
#1195 = EDGE_CURVE ( 'NONE', #1736, #704, #392, .T. ) ;
#1196 = EDGE_LOOP ( 'NONE', ( #1438, #1316, #855, #59 ) ) ;
#1197 = EDGE_CURVE ( 'NONE', #1208, #407, #1710, .T. ) ;
#1198 = ORIENTED_EDGE ( 'NONE', *, *, #1684, .T. ) ;
#1199 = AXIS2_PLACEMENT_3D ( 'NONE', #843, #86, #710 ) ;
#1200 = DIRECTION ( 'NONE',  ( -1.000000000000000000, 0.0000000000000000000, 0.0000000000000000000 ) ) ;
#1201 = MECHANICAL_DESIGN_GEOMETRIC_PRESENTATION_REPRESENTATION (  '', ( #723 ), #1474 ) ;
#1202 = VECTOR ( 'NONE', #412, 1000.000000000000000 ) ;
#1203 = VECTOR ( 'NONE', #134, 1000.000000000000000 ) ;
#1204 = VECTOR ( 'NONE', #955, 1000.000000000000000 ) ;
#1205 = DIRECTION ( 'NONE',  ( 0.0000000000000000000, -1.000000000000000000, 0.0000000000000000000 ) ) ;
#1206 = CARTESIAN_POINT ( 'NONE',  ( -0.7499999999999997780, 1.399999999999996803, -1.050000000000000044 ) ) ;
#1207 = LINE ( 'NONE', #921, #1479 ) ;
#1208 = VERTEX_POINT ( 'NONE', #245 ) ;
#1209 = CARTESIAN_POINT ( 'NONE',  ( -2.250000000000000444, 1.399999999999996803, -1.550000000000000266 ) ) ;
#1210 = ORIENTED_EDGE ( 'NONE', *, *, #1476, .T. ) ;
#1211 = EDGE_CURVE ( 'NONE', #1876, #475, #697, .T. ) ;
#1212 = CARTESIAN_POINT ( 'NONE',  ( 3.750000000000000000, 4.499999999999997335, 0.0000000000000000000 ) ) ;
#1213 = PRESENTATION_STYLE_ASSIGNMENT (( #617 ) ) ;
#1214 = SURFACE_STYLE_FILL_AREA ( #1770 ) ;
#1215 = VERTEX_POINT ( 'NONE', #406 ) ;
#1216 = ADVANCED_FACE ( 'NONE', ( #1451, #1160, #1426 ), #377, .F. ) ;
#1217 = DIRECTION ( 'NONE',  ( 0.0000000000000000000, -0.0000000000000000000, 1.000000000000000000 ) ) ;
#1218 = LINE ( 'NONE', #207, #148 ) ;
#1219 = EDGE_LOOP ( 'NONE', ( #1290, #1666, #1371, #1645, #1276, #1643, #1231, #1485 ) ) ;
#1220 = DIRECTION ( 'NONE',  ( -1.000000000000000000, -0.0000000000000000000, -0.0000000000000000000 ) ) ;
#1221 = VERTEX_POINT ( 'NONE', #1728 ) ;
#1222 =( GEOMETRIC_REPRESENTATION_CONTEXT ( 3 ) GLOBAL_UNCERTAINTY_ASSIGNED_CONTEXT ( ( #1534 ) ) GLOBAL_UNIT_ASSIGNED_CONTEXT ( ( #1827, #1391, #1416 ) ) REPRESENTATION_CONTEXT ( 'NONE', 'WORKASPACE' ) );
#1223 = EDGE_CURVE ( 'NONE', #778, #1268, #399, .T. ) ;
#1224 = AXIS2_PLACEMENT_3D ( 'NONE', #1699, #368, #220 ) ;
#1225 = DIRECTION ( 'NONE',  ( 0.0000000000000000000, 1.000000000000000000, 0.0000000000000000000 ) ) ;
#1226 = MECHANICAL_DESIGN_GEOMETRIC_PRESENTATION_REPRESENTATION (  '', ( #1599 ), #1079 ) ;
#1227 = EDGE_CURVE ( 'NONE', #1598, #805, #254, .T. ) ;
#1228 = DIRECTION ( 'NONE',  ( 0.0000000000000000000, 1.000000000000000000, 0.0000000000000000000 ) ) ;
#1229 =( GEOMETRIC_REPRESENTATION_CONTEXT ( 3 ) GLOBAL_UNCERTAINTY_ASSIGNED_CONTEXT ( ( #1893 ) ) GLOBAL_UNIT_ASSIGNED_CONTEXT ( ( #100, #222, #986 ) ) REPRESENTATION_CONTEXT ( 'NONE', 'WORKASPACE' ) );
#1230 = DIRECTION ( 'NONE',  ( 0.0000000000000000000, 1.000000000000000000, -0.0000000000000000000 ) ) ;
#1231 = ORIENTED_EDGE ( 'NONE', *, *, #501, .T. ) ;
#1232 = UNCERTAINTY_MEASURE_WITH_UNIT (LENGTH_MEASURE( 1.000000000000000082E-05 ), #379, 'distance_accuracy_value', 'NONE');
#1233 = DIRECTION ( 'NONE',  ( -0.0000000000000000000, -0.0000000000000000000, -1.000000000000000000 ) ) ;
#1234 =( NAMED_UNIT ( * ) PLANE_ANGLE_UNIT ( ) SI_UNIT ( $, .RADIAN. ) );
#1235 = FILL_AREA_STYLE ('',( #54 ) ) ;
#1236 = CARTESIAN_POINT ( 'NONE',  ( 3.250000000000000444, 2.699999999999997069, -3.501000000000003887 ) ) ;
#1237 = ORIENTED_EDGE ( 'NONE', *, *, #1858, .T. ) ;
#1238 = EDGE_CURVE ( 'NONE', #1027, #140, #730, .T. ) ;
#1239 = CARTESIAN_POINT ( 'NONE',  ( 2.250000000000001332, 3.799999999999998046, -1.050000000000000044 ) ) ;
#1240 = DIRECTION ( 'NONE',  ( 0.0000000000000000000, 0.0000000000000000000, 1.000000000000000000 ) ) ;
#1241 = EDGE_LOOP ( 'NONE', ( #101, #812, #1393, #898 ) ) ;
#1242 = DIRECTION ( 'NONE',  ( 0.0000000000000000000, 0.0000000000000000000, 1.000000000000000000 ) ) ;
#1243 = CARTESIAN_POINT ( 'NONE',  ( 3.250000000000000444, 2.699999999999997069, -0.4000000000000010214 ) ) ;
#1244 = ORIENTED_EDGE ( 'NONE', *, *, #991, .F. ) ;
#1245 = PRODUCT_RELATED_PRODUCT_CATEGORY ( 'part', '', ( #1647 ) ) ;
#1246 = CARTESIAN_POINT ( 'NONE',  ( 2.250000000000001332, -4.336808689942017736E-16, -1.300000000000000266 ) ) ;
#1247 = FILL_AREA_STYLE_COLOUR ( '', #1908 ) ;
#1248 = EDGE_LOOP ( 'NONE', ( #598, #729, #157, #1780 ) ) ;
#1249 = SURFACE_SIDE_STYLE ('',( #1132 ) ) ;
#1250 = DIRECTION ( 'NONE',  ( 0.0000000000000000000, 0.0000000000000000000, 1.000000000000000000 ) ) ;
#1251 = PRESENTATION_LAYER_ASSIGNMENT (  '', '', ( #228 ) ) ;
#1252 = DIRECTION ( 'NONE',  ( 0.0000000000000000000, 0.0000000000000000000, 1.000000000000000000 ) ) ;
#1253 = DIRECTION ( 'NONE',  ( -1.000000000000000000, 0.0000000000000000000, 1.334402673828313339E-16 ) ) ;
#1254 = ORIENTED_EDGE ( 'NONE', *, *, #1648, .T. ) ;
#1255 = PRESENTATION_LAYER_ASSIGNMENT (  '', '', ( #1599 ) ) ;
#1256 = VECTOR ( 'NONE', #1655, 1000.000000000000000 ) ;
#1257 = FACE_OUTER_BOUND ( 'NONE', #450, .T. ) ;
#1258 = ORIENTED_EDGE ( 'NONE', *, *, #257, .F. ) ;
#1259 = AXIS2_PLACEMENT_3D ( 'NONE', #820, #1267, #1341 ) ;
#1260 = DIRECTION ( 'NONE',  ( 0.0000000000000000000, 0.0000000000000000000, 1.000000000000000000 ) ) ;
#1261 = AXIS2_PLACEMENT_3D ( 'NONE', #1396, #1688, #480 ) ;
#1262 = EDGE_CURVE ( 'NONE', #1159, #565, #15, .T. ) ;
#1263 = STYLED_ITEM ( 'NONE', ( #194 ), #1706 ) ;
#1264 = SURFACE_STYLE_USAGE ( .BOTH. , #1249 ) ;
#1265 = CARTESIAN_POINT ( 'NONE',  ( -0.7499999999999997780, -2.700000000000002842, -1.300000000000000266 ) ) ;
#1266 = CIRCLE ( 'NONE', #933, 0.2500000000000000000 ) ;
#1267 = DIRECTION ( 'NONE',  ( 0.0000000000000000000, 1.000000000000000000, 0.0000000000000000000 ) ) ;
#1268 = VERTEX_POINT ( 'NONE', #1179 ) ;
#1269 = DIRECTION ( 'NONE',  ( 1.000000000000000000, -0.0000000000000000000, 0.0000000000000000000 ) ) ;
#1270 = SURFACE_SIDE_STYLE ('',( #510 ) ) ;
#1271 = ORIENTED_EDGE ( 'NONE', *, *, #1102, .F. ) ;
#1272 = EDGE_CURVE ( 'NONE', #1019, #539, #609, .T. ) ;
#1273 = EDGE_CURVE ( 'NONE', #639, #277, #763, .T. ) ;
#1274 = DIRECTION ( 'NONE',  ( 0.0000000000000000000, 1.000000000000000000, 0.0000000000000000000 ) ) ;
#1275 = UNCERTAINTY_MEASURE_WITH_UNIT (LENGTH_MEASURE( 1.000000000000000082E-05 ), #1055, 'distance_accuracy_value', 'NONE');
#1276 = ORIENTED_EDGE ( 'NONE', *, *, #193, .T. ) ;
#1277 = DIRECTION ( 'NONE',  ( -0.0000000000000000000, -1.000000000000000000, -0.0000000000000000000 ) ) ;
#1278 = ORIENTED_EDGE ( 'NONE', *, *, #680, .T. ) ;
#1279 = FILL_AREA_STYLE_COLOUR ( '', #29 ) ;
#1280 = DIRECTION ( 'NONE',  ( -0.0000000000000000000, -1.000000000000000000, -0.0000000000000000000 ) ) ;
#1281 = CARTESIAN_POINT ( 'NONE',  ( 3.250000000000000444, 4.499999999999997335, -1.750000000000000000 ) ) ;
#1282 = EDGE_CURVE ( 'NONE', #887, #770, #1471, .T. ) ;
#1283 = STYLED_ITEM ( 'NONE', ( #1756 ), #239 ) ;
#1284 = CARTESIAN_POINT ( 'NONE',  ( 2.250000000000001332, -2.700000000000002842, -1.300000000000000266 ) ) ;
#1285 = ORIENTED_EDGE ( 'NONE', *, *, #1877, .F. ) ;
#1286 = ADVANCED_FACE ( 'NONE', ( #144 ), #1498, .T. ) ;
#1287 = DIRECTION ( 'NONE',  ( 1.751403509399660857E-16, -0.0000000000000000000, 1.000000000000000000 ) ) ;
#1288 = CARTESIAN_POINT ( 'NONE',  ( 3.750000000000000000, 0.0000000000000000000, 0.0000000000000000000 ) ) ;
#1289 = AXIS2_PLACEMENT_3D ( 'NONE', #152, #105, #2 ) ;
#1290 = ORIENTED_EDGE ( 'NONE', *, *, #1573, .T. ) ;
#1291 = CIRCLE ( 'NONE', #1320, 0.2500000000000000000 ) ;
#1292 =( GEOMETRIC_REPRESENTATION_CONTEXT ( 3 ) GLOBAL_UNCERTAINTY_ASSIGNED_CONTEXT ( ( #53 ) ) GLOBAL_UNIT_ASSIGNED_CONTEXT ( ( #1675, #815, #1501 ) ) REPRESENTATION_CONTEXT ( 'NONE', 'WORKASPACE' ) );
#1293 = DIRECTION ( 'NONE',  ( 0.0000000000000000000, -0.0000000000000000000, 1.000000000000000000 ) ) ;
#1294 = LINE ( 'NONE', #1867, #307 ) ;
#1295 = DIRECTION ( 'NONE',  ( -1.000000000000000000, -0.0000000000000000000, -0.0000000000000000000 ) ) ;
#1296 = COLOUR_RGB ( '',0.7529411764705882248, 0.7529411764705882248, 0.7529411764705882248 ) ;
#1297 = CARTESIAN_POINT ( 'NONE',  ( 3.250000000000000444, 1.099999999999997646, -3.100000000000000977 ) ) ;
#1298 = UNCERTAINTY_MEASURE_WITH_UNIT (LENGTH_MEASURE( 1.000000000000000082E-05 ), #597, 'distance_accuracy_value', 'NONE');
#1299 = VERTEX_POINT ( 'NONE', #1652 ) ;
#1300 = PRESENTATION_STYLE_ASSIGNMENT (( #711 ) ) ;
#1301 = EDGE_CURVE ( 'NONE', #915, #1099, #1207, .T. ) ;
#1302 = VERTEX_POINT ( 'NONE', #580 ) ;
#1303 = FILL_AREA_STYLE ('',( #1279 ) ) ;
#1304 = DIRECTION ( 'NONE',  ( 0.0000000000000000000, 0.0000000000000000000, 1.000000000000000000 ) ) ;
#1305 = CARTESIAN_POINT ( 'NONE',  ( 0.7500000000000002220, -4.336808689942017736E-16, -1.050000000000000044 ) ) ;
#1306 = CARTESIAN_POINT ( 'NONE',  ( 3.250000000000000444, 1.399999999999997469, -0.4000000000000010214 ) ) ;
#1307 =( NAMED_UNIT ( * ) PLANE_ANGLE_UNIT ( ) SI_UNIT ( $, .RADIAN. ) );
#1308 = ORIENTED_EDGE ( 'NONE', *, *, #133, .F. ) ;
#1309 =( LENGTH_UNIT ( ) NAMED_UNIT ( * ) SI_UNIT ( .MILLI., .METRE. ) );
#1310 = DIRECTION ( 'NONE',  ( -1.000000000000000000, -0.0000000000000000000, -0.0000000000000000000 ) ) ;
#1311 = PLANE ( 'NONE',  #109 ) ;
#1312 = LINE ( 'NONE', #1045, #1605 ) ;
#1313 = CARTESIAN_POINT ( 'NONE',  ( 2.549999999999999378, 2.699999999999997069, -0.4000000000000010214 ) ) ;
#1314 = CARTESIAN_POINT ( 'NONE',  ( 3.250000000000000444, 1.399999999999997469, -3.100000000000001421 ) ) ;
#1315 = DIRECTION ( 'NONE',  ( -0.0000000000000000000, -0.0000000000000000000, 1.000000000000000000 ) ) ;
#1316 = ORIENTED_EDGE ( 'NONE', *, *, #1162, .T. ) ;
#1317 = CARTESIAN_POINT ( 'NONE',  ( 3.750000000000000000, 4.499999999999997335, -3.500000000000000000 ) ) ;
#1318 = VERTEX_POINT ( 'NONE', #1379 ) ;
#1319 = ORIENTED_EDGE ( 'NONE', *, *, #395, .T. ) ;
#1320 = AXIS2_PLACEMENT_3D ( 'NONE', #98, #1280, #1866 ) ;
#1321 = VECTOR ( 'NONE', #189, 1000.000000000000000 ) ;
#1322 = FACE_OUTER_BOUND ( 'NONE', #689, .T. ) ;
#1323 = AXIS2_PLACEMENT_3D ( 'NONE', #976, #1589, #1130 ) ;
#1324 = LINE ( 'NONE', #444, #1357 ) ;
#1325 = EDGE_CURVE ( 'NONE', #1178, #146, #1080, .T. ) ;
#1326 = CARTESIAN_POINT ( 'NONE',  ( -3.250000000000000444, 1.399999999999997469, -0.3999999999999997446 ) ) ;
#1327 = ORIENTED_EDGE ( 'NONE', *, *, #623, .F. ) ;
#1328 =( GEOMETRIC_REPRESENTATION_CONTEXT ( 3 ) GLOBAL_UNCERTAINTY_ASSIGNED_CONTEXT ( ( #650 ) ) GLOBAL_UNIT_ASSIGNED_CONTEXT ( ( #240, #1413, #1428 ) ) REPRESENTATION_CONTEXT ( 'NONE', 'WORKASPACE' ) );
#1329 = ORIENTED_EDGE ( 'NONE', *, *, #1877, .T. ) ;
#1330 = PLANE ( 'NONE',  #695 ) ;
#1331 = ORIENTED_EDGE ( 'NONE', *, *, #1325, .T. ) ;
#1332 = CARTESIAN_POINT ( 'NONE',  ( -2.250000000000000444, 3.799999999999998046, -1.300000000000000266 ) ) ;
#1333 = FACE_OUTER_BOUND ( 'NONE', #656, .T. ) ;
#1334 = DIRECTION ( 'NONE',  ( 0.0000000000000000000, -1.807003620809173892E-16, 1.000000000000000000 ) ) ;
#1335 = FILL_AREA_STYLE ('',( #1177 ) ) ;
#1336 = EDGE_LOOP ( 'NONE', ( #869, #1537, #1582, #88 ) ) ;
#1337 = ORIENTED_EDGE ( 'NONE', *, *, #1195, .T. ) ;
#1338 = DIRECTION ( 'NONE',  ( 0.0000000000000000000, 1.000000000000000000, 0.0000000000000000000 ) ) ;
#1339 = ORIENTED_EDGE ( 'NONE', *, *, #788, .F. ) ;
#1340 = FILL_AREA_STYLE ('',( #1602 ) ) ;
#1341 = DIRECTION ( 'NONE',  ( 0.0000000000000000000, 0.0000000000000000000, 1.000000000000000000 ) ) ;
#1342 = EDGE_LOOP ( 'NONE', ( #718, #1509, #743, #443 ) ) ;
#1343 = FACE_OUTER_BOUND ( 'NONE', #1196, .T. ) ;
#1344 =( LENGTH_UNIT ( ) NAMED_UNIT ( * ) SI_UNIT ( .MILLI., .METRE. ) );
#1345 = EDGE_CURVE ( 'NONE', #1670, #1299, #800, .T. ) ;
#1346 = PRODUCT_DEFINITION_SHAPE ( 'NONE', 'NONE',  #1388 ) ;
#1347 = DIRECTION ( 'NONE',  ( 0.0000000000000000000, 0.0000000000000000000, 1.000000000000000000 ) ) ;
#1348 = CARTESIAN_POINT ( 'NONE',  ( 0.7500000000000002220, 3.799999999999998046, -1.050000000000000044 ) ) ;
#1349 = VECTOR ( 'NONE', #1467, 1000.000000000000000 ) ;
#1350 = CIRCLE ( 'NONE', #353, 0.2500000000000000000 ) ;
#1351 = DIRECTION ( 'NONE',  ( -1.000000000000000000, -0.0000000000000000000, -0.0000000000000000000 ) ) ;
#1352 = CIRCLE ( 'NONE', #175, 0.2500000000000000000 ) ;
#1353 = CARTESIAN_POINT ( 'NONE',  ( -3.750000000000000000, 4.499999999999997335, 0.0000000000000000000 ) ) ;
#1354 = MECHANICAL_DESIGN_GEOMETRIC_PRESENTATION_REPRESENTATION (  '', ( #1445 ), #1519 ) ;
#1355 = EDGE_CURVE ( 'NONE', #1837, #879, #634, .T. ) ;
#1356 = CARTESIAN_POINT ( 'NONE',  ( -3.250000000000000444, 1.099999999999997646, -3.100000000000000977 ) ) ;
#1357 = VECTOR ( 'NONE', #1, 1000.000000000000000 ) ;
#1358 = ORIENTED_EDGE ( 'NONE', *, *, #1262, .F. ) ;
#1359 = LINE ( 'NONE', #34, #1632 ) ;
#1360 = CARTESIAN_POINT ( 'NONE',  ( 0.7500000000000002220, -2.700000000000002842, -1.050000000000000044 ) ) ;
#1361 = DIRECTION ( 'NONE',  ( 0.0000000000000000000, 0.0000000000000000000, 1.000000000000000000 ) ) ;
#1362 = CARTESIAN_POINT ( 'NONE',  ( 3.750000000000000000, 4.499999999999997335, 0.0000000000000000000 ) ) ;
#1363 = ORIENTED_EDGE ( 'NONE', *, *, #850, .F. ) ;
#1364 = EDGE_CURVE ( 'NONE', #542, #646, #944, .T. ) ;
#1365 = DIRECTION ( 'NONE',  ( 0.0000000000000000000, -0.0000000000000000000, -1.000000000000000000 ) ) ;
#1366 = ADVANCED_FACE ( 'NONE', ( #213 ), #659, .F. ) ;
#1367 = PRESENTATION_STYLE_ASSIGNMENT (( #1798 ) ) ;
#1368 = DIRECTION ( 'NONE',  ( 0.0000000000000000000, -1.000000000000000000, -1.807003620809173892E-16 ) ) ;
#1369 = ORIENTED_EDGE ( 'NONE', *, *, #460, .T. ) ;
#1370 = DIRECTION ( 'NONE',  ( 0.0000000000000000000, 1.000000000000000000, 0.0000000000000000000 ) ) ;
#1371 = ORIENTED_EDGE ( 'NONE', *, *, #1272, .F. ) ;
#1372 = CARTESIAN_POINT ( 'NONE',  ( 0.7500000000000002220, 1.399999999999996803, -1.550000000000000266 ) ) ;
#1373 = VECTOR ( 'NONE', #1129, 1000.000000000000000 ) ;
#1374 = EDGE_CURVE ( 'NONE', #1131, #1095, #1411, .T. ) ;
#1375 = CIRCLE ( 'NONE', #1171, 0.2500000000000000000 ) ;
#1376 = SURFACE_SIDE_STYLE ('',( #1526 ) ) ;
#1377 = CARTESIAN_POINT ( 'NONE',  ( 3.750000000000000000, 0.0000000000000000000, 0.0000000000000000000 ) ) ;
#1378 = COLOUR_RGB ( '',0.7529411764705882248, 0.7529411764705882248, 0.7529411764705882248 ) ;
#1379 = CARTESIAN_POINT ( 'NONE',  ( 3.250000000000000444, 1.399999999999997469, -0.4000000000000004108 ) ) ;
#1380 = AXIS2_PLACEMENT_3D ( 'NONE', #225, #1100, #1057 ) ;
#1381 = ORIENTED_EDGE ( 'NONE', *, *, #1301, .T. ) ;
#1382 = AXIS2_PLACEMENT_3D ( 'NONE', #1236, #1228, #363 ) ;
#1383 = LINE ( 'NONE', #965, #1204 ) ;
#1384 = ORIENTED_EDGE ( 'NONE', *, *, #479, .F. ) ;
#1385 = MECHANICAL_DESIGN_GEOMETRIC_PRESENTATION_REPRESENTATION (  '', ( #1263 ), #115 ) ;
#1386 = PRESENTATION_LAYER_ASSIGNMENT (  '', '', ( #522 ) ) ;
#1387 = FILL_AREA_STYLE ('',( #1687 ) ) ;
#1388 = PRODUCT_DEFINITION ( 'UNKNOWN', '', #116, #1831 ) ;
#1389 = DIRECTION ( 'NONE',  ( 0.0000000000000000000, 0.0000000000000000000, 1.000000000000000000 ) ) ;
#1390 = EDGE_CURVE ( 'NONE', #1489, #1215, #269, .T. ) ;
#1391 =( NAMED_UNIT ( * ) PLANE_ANGLE_UNIT ( ) SI_UNIT ( $, .RADIAN. ) );
#1392 = CARTESIAN_POINT ( 'NONE',  ( 0.7500000000000002220, -2.700000000000002842, -1.550000000000000266 ) ) ;
#1393 = ORIENTED_EDGE ( 'NONE', *, *, #1301, .F. ) ;
#1394 =( NAMED_UNIT ( * ) SI_UNIT ( $, .STERADIAN. ) SOLID_ANGLE_UNIT ( ) );
#1395 = DIRECTION ( 'NONE',  ( -0.0000000000000000000, -1.000000000000000000, -0.0000000000000000000 ) ) ;
#1396 = CARTESIAN_POINT ( 'NONE',  ( 2.250000000000001332, 3.799999999999998046, -1.300000000000000266 ) ) ;
#1397 = ORIENTED_EDGE ( 'NONE', *, *, #1364, .F. ) ;
#1398 = CARTESIAN_POINT ( 'NONE',  ( -3.250000000000000444, 1.099999999999997646, -3.100000000000000977 ) ) ;
#1399 = LINE ( 'NONE', #1392, #303 ) ;
#1400 = EDGE_CURVE ( 'NONE', #1594, #549, #1018, .T. ) ;
#1401 = EDGE_LOOP ( 'NONE', ( #1658, #164, #525, #1137 ) ) ;
#1402 = DIRECTION ( 'NONE',  ( 0.0000000000000000000, -0.0000000000000000000, -1.000000000000000000 ) ) ;
#1403 = CARTESIAN_POINT ( 'NONE',  ( 2.549999999999999822, 0.0000000000000000000, 0.0000000000000000000 ) ) ;
#1404 =( GEOMETRIC_REPRESENTATION_CONTEXT ( 3 ) GLOBAL_UNCERTAINTY_ASSIGNED_CONTEXT ( ( #1068 ) ) GLOBAL_UNIT_ASSIGNED_CONTEXT ( ( #973, #687, #831 ) ) REPRESENTATION_CONTEXT ( 'NONE', 'WORKASPACE' ) );
#1405 = DIRECTION ( 'NONE',  ( -0.0000000000000000000, 0.0000000000000000000, 1.000000000000000000 ) ) ;
#1406 = ORIENTED_EDGE ( 'NONE', *, *, #111, .F. ) ;
#1407 =( GEOMETRIC_REPRESENTATION_CONTEXT ( 3 ) GLOBAL_UNCERTAINTY_ASSIGNED_CONTEXT ( ( #1607 ) ) GLOBAL_UNIT_ASSIGNED_CONTEXT ( ( #325, #1234, #1503 ) ) REPRESENTATION_CONTEXT ( 'NONE', 'WORKASPACE' ) );
#1408 = VECTOR ( 'NONE', #130, 1000.000000000000000 ) ;
#1409 = FACE_BOUND ( 'NONE', #268, .T. ) ;
#1410 = VERTEX_POINT ( 'NONE', #328 ) ;
#1411 = CIRCLE ( 'NONE', #1115, 0.2500000000000000000 ) ;
#1412 = EDGE_CURVE ( 'NONE', #639, #646, #1517, .T. ) ;
#1413 =( NAMED_UNIT ( * ) PLANE_ANGLE_UNIT ( ) SI_UNIT ( $, .RADIAN. ) );
#1414 =( LENGTH_UNIT ( ) NAMED_UNIT ( * ) SI_UNIT ( .MILLI., .METRE. ) );
#1415 = ORIENTED_EDGE ( 'NONE', *, *, #1723, .F. ) ;
#1416 =( NAMED_UNIT ( * ) SI_UNIT ( $, .STERADIAN. ) SOLID_ANGLE_UNIT ( ) );
#1417 = CARTESIAN_POINT ( 'NONE',  ( -3.250000000000000444, 2.699999999999997069, -3.100000000000000977 ) ) ;
#1418 = ORIENTED_EDGE ( 'NONE', *, *, #623, .T. ) ;
#1419 = EDGE_CURVE ( 'NONE', #373, #1128, #1218, .T. ) ;
#1420 = DIRECTION ( 'NONE',  ( 0.0000000000000000000, 0.0000000000000000000, -1.000000000000000000 ) ) ;
#1421 = EDGE_CURVE ( 'NONE', #1161, #1167, #388, .T. ) ;
#1422 = DIRECTION ( 'NONE',  ( -0.0000000000000000000, -0.0000000000000000000, 1.000000000000000000 ) ) ;
#1423 = FACE_BOUND ( 'NONE', #677, .T. ) ;
#1424 = ORIENTED_EDGE ( 'NONE', *, *, #1731, .T. ) ;
#1425 = DIRECTION ( 'NONE',  ( 0.0000000000000000000, 0.0000000000000000000, 1.000000000000000000 ) ) ;
#1426 = FACE_BOUND ( 'NONE', #753, .T. ) ;
#1427 = ORIENTED_EDGE ( 'NONE', *, *, #1162, .F. ) ;
#1428 =( NAMED_UNIT ( * ) SI_UNIT ( $, .STERADIAN. ) SOLID_ANGLE_UNIT ( ) );
#1429 =( NAMED_UNIT ( * ) SI_UNIT ( $, .STERADIAN. ) SOLID_ANGLE_UNIT ( ) );
#1430 =( NAMED_UNIT ( * ) SI_UNIT ( $, .STERADIAN. ) SOLID_ANGLE_UNIT ( ) );
#1431 = EDGE_CURVE ( 'NONE', #1101, #581, #645, .T. ) ;
#1432 = COLOUR_RGB ( '',0.7529411764705882248, 0.7529411764705882248, 0.7529411764705882248 ) ;
#1433 = ORIENTED_EDGE ( 'NONE', *, *, #226, .F. ) ;
#1434 = MECHANICAL_DESIGN_GEOMETRIC_PRESENTATION_REPRESENTATION (  '', ( #951 ), #793 ) ;
#1435 =( NAMED_UNIT ( * ) SI_UNIT ( $, .STERADIAN. ) SOLID_ANGLE_UNIT ( ) );
#1436 = DIRECTION ( 'NONE',  ( 0.0000000000000000000, -0.0000000000000000000, 1.000000000000000000 ) ) ;
#1437 = VECTOR ( 'NONE', #1637, 1000.000000000000000 ) ;
#1438 = ORIENTED_EDGE ( 'NONE', *, *, #1556, .F. ) ;
#1439 = STYLED_ITEM ( 'NONE', ( #1478 ), #1044 ) ;
#1440 = SURFACE_SIDE_STYLE ('',( #857 ) ) ;
#1441 = VECTOR ( 'NONE', #653, 1000.000000000000000 ) ;
#1442 = VECTOR ( 'NONE', #520, 1000.000000000000000 ) ;
#1443 = PRESENTATION_STYLE_ASSIGNMENT (( #159 ) ) ;
#1444 = SURFACE_STYLE_USAGE ( .BOTH. , #1901 ) ;
#1445 = STYLED_ITEM ( 'NONE', ( #1367 ), #1708 ) ;
#1446 =( LENGTH_UNIT ( ) NAMED_UNIT ( * ) SI_UNIT ( .MILLI., .METRE. ) );
#1447 = FACE_BOUND ( 'NONE', #1571, .T. ) ;
#1448 = ORIENTED_EDGE ( 'NONE', *, *, #536, .T. ) ;
#1449 = ADVANCED_FACE ( 'NONE', ( #652 ), #187, .F. ) ;
#1450 = DIRECTION ( 'NONE',  ( -0.0000000000000000000, -1.000000000000000000, -0.0000000000000000000 ) ) ;
#1451 = FACE_OUTER_BOUND ( 'NONE', #1154, .T. ) ;
#1452 = ORIENTED_EDGE ( 'NONE', *, *, #320, .T. ) ;
#1453 = CARTESIAN_POINT ( 'NONE',  ( 3.750000000000000000, 4.499999999999997335, -1.750000000000000222 ) ) ;
#1454 = DIRECTION ( 'NONE',  ( 0.0000000000000000000, -1.000000000000000000, 0.0000000000000000000 ) ) ;
#1455 = FILL_AREA_STYLE ('',( #1000 ) ) ;
#1456 = LINE ( 'NONE', #1314, #299 ) ;
#1457 = CARTESIAN_POINT ( 'NONE',  ( -2.250000000000000444, -2.700000000000002842, -1.550000000000000266 ) ) ;
#1458 = ORIENTED_EDGE ( 'NONE', *, *, #632, .F. ) ;
#1459 = FACE_OUTER_BOUND ( 'NONE', #1124, .T. ) ;
#1460 = SURFACE_SIDE_STYLE ('',( #1214 ) ) ;
#1461 = ORIENTED_EDGE ( 'NONE', *, *, #1040, .F. ) ;
#1462 = EDGE_CURVE ( 'NONE', #646, #1580, #627, .T. ) ;
#1463 =( LENGTH_UNIT ( ) NAMED_UNIT ( * ) SI_UNIT ( .MILLI., .METRE. ) );
#1464 = EDGE_LOOP ( 'NONE', ( #532, #1198, #281, #1308 ) ) ;
#1465 = CARTESIAN_POINT ( 'NONE',  ( 3.750000000000000000, 0.0000000000000000000, -3.500000000000003109 ) ) ;
#1466 = CARTESIAN_POINT ( 'NONE',  ( -0.7499999999999997780, 1.399999999999996803, -1.550000000000000266 ) ) ;
#1467 = DIRECTION ( 'NONE',  ( 0.0000000000000000000, -0.0000000000000000000, -1.000000000000000000 ) ) ;
#1468 = DIRECTION ( 'NONE',  ( 1.000000000000000000, -0.0000000000000000000, 0.0000000000000000000 ) ) ;
#1469 = ORIENTED_EDGE ( 'NONE', *, *, #961, .T. ) ;
#1470 = PRESENTATION_STYLE_ASSIGNMENT (( #1747 ) ) ;
#1471 = LINE ( 'NONE', #1353, #1256 ) ;
#1472 = ORIENTED_EDGE ( 'NONE', *, *, #1138, .T. ) ;
#1473 =( NAMED_UNIT ( * ) PLANE_ANGLE_UNIT ( ) SI_UNIT ( $, .RADIAN. ) );
#1474 =( GEOMETRIC_REPRESENTATION_CONTEXT ( 3 ) GLOBAL_UNCERTAINTY_ASSIGNED_CONTEXT ( ( #728 ) ) GLOBAL_UNIT_ASSIGNED_CONTEXT ( ( #1446, #1639, #1615 ) ) REPRESENTATION_CONTEXT ( 'NONE', 'WORKASPACE' ) );
#1475 = ORIENTED_EDGE ( 'NONE', *, *, #1573, .F. ) ;
#1476 = EDGE_CURVE ( 'NONE', #329, #1221, #351, .T. ) ;
#1477 = VECTOR ( 'NONE', #746, 1000.000000000000000 ) ;
#1478 = PRESENTATION_STYLE_ASSIGNMENT (( #584 ) ) ;
#1479 = VECTOR ( 'NONE', #875, 1000.000000000000000 ) ;
#1480 = CARTESIAN_POINT ( 'NONE',  ( -0.7499999999999997780, 3.799999999999998046, -1.550000000000000266 ) ) ;
#1481 = EDGE_CURVE ( 'NONE', #1208, #283, #1820, .T. ) ;
#1482 = CIRCLE ( 'NONE', #459, 0.2500000000000000000 ) ;
#1483 = DIRECTION ( 'NONE',  ( 0.0000000000000000000, 1.000000000000000000, 0.0000000000000000000 ) ) ;
#1484 = CARTESIAN_POINT ( 'NONE',  ( -3.250000000000000444, 4.499999999999997335, -0.9499999999999998446 ) ) ;
#1485 = ORIENTED_EDGE ( 'NONE', *, *, #1888, .F. ) ;
#1486 = AXIS2_PLACEMENT_3D ( 'NONE', #840, #99, #427 ) ;
#1487 =( NAMED_UNIT ( * ) SI_UNIT ( $, .STERADIAN. ) SOLID_ANGLE_UNIT ( ) );
#1488 = DIRECTION ( 'NONE',  ( -1.000000000000000000, 0.0000000000000000000, 1.334402673828313339E-16 ) ) ;
#1489 = VERTEX_POINT ( 'NONE', #1090 ) ;
#1490 = EDGE_CURVE ( 'NONE', #795, #1095, #341, .T. ) ;
#1491 = CARTESIAN_POINT ( 'NONE',  ( 2.250000000000001332, 1.399999999999996803, -1.050000000000000044 ) ) ;
#1492 = CARTESIAN_POINT ( 'NONE',  ( -0.7499999999999997780, -2.700000000000002842, -1.550000000000000266 ) ) ;
#1493 = PLANE ( 'NONE',  #232 ) ;
#1494 = ADVANCED_FACE ( 'NONE', ( #1825 ), #1679, .T. ) ;
#1495 = FACE_OUTER_BOUND ( 'NONE', #227, .T. ) ;
#1496 = EDGE_LOOP ( 'NONE', ( #553, #437, #1566, #1653 ) ) ;
#1497 = CARTESIAN_POINT ( 'NONE',  ( 3.250000000000000444, 1.699999999999997069, -0.4000000000000008549 ) ) ;
#1498 = CYLINDRICAL_SURFACE ( 'NONE', #899, 0.2500000000000000000 ) ;
#1499 = CARTESIAN_POINT ( 'NONE',  ( -0.7499999999999997780, 1.399999999999996803, -1.300000000000000266 ) ) ;
#1500 = ORIENTED_EDGE ( 'NONE', *, *, #1741, .F. ) ;
#1501 =( NAMED_UNIT ( * ) SI_UNIT ( $, .STERADIAN. ) SOLID_ANGLE_UNIT ( ) );
#1502 = CARTESIAN_POINT ( 'NONE',  ( 0.7500000000000002220, 3.799999999999998046, -1.300000000000000266 ) ) ;
#1503 =( NAMED_UNIT ( * ) SI_UNIT ( $, .STERADIAN. ) SOLID_ANGLE_UNIT ( ) );
#1504 = CARTESIAN_POINT ( 'NONE',  ( 2.250000000000001332, 3.799999999999998046, -1.550000000000000266 ) ) ;
#1505 = FACE_OUTER_BOUND ( 'NONE', #456, .T. ) ;
#1506 = ADVANCED_FACE ( 'NONE', ( #404, #1447, #833, #1570, #1423 ), #260, .F. ) ;
#1507 = DIRECTION ( 'NONE',  ( 0.0000000000000000000, 1.000000000000000000, 0.0000000000000000000 ) ) ;
#1508 = STYLED_ITEM ( 'NONE', ( #940 ), #599 ) ;
#1509 = ORIENTED_EDGE ( 'NONE', *, *, #939, .F. ) ;
#1510 = COLOUR_RGB ( '',0.7529411764705882248, 0.7529411764705882248, 0.7529411764705882248 ) ;
#1511 = PRESENTATION_LAYER_ASSIGNMENT (  '', '', ( #262 ) ) ;
#1512 = DIRECTION ( 'NONE',  ( 0.0000000000000000000, 0.0000000000000000000, 1.000000000000000000 ) ) ;
#1513 = AXIS2_PLACEMENT_3D ( 'NONE', #551, #1277, #1722 ) ;
#1514 = PLANE ( 'NONE',  #1813 ) ;
#1515 = VECTOR ( 'NONE', #72, 1000.000000000000000 ) ;
#1516 = COLOUR_RGB ( '',0.7529411764705882248, 0.7529411764705882248, 0.7529411764705882248 ) ;
#1517 = LINE ( 'NONE', #43, #1515 ) ;
#1518 = EDGE_CURVE ( 'NONE', #393, #1185, #708, .T. ) ;
#1519 =( GEOMETRIC_REPRESENTATION_CONTEXT ( 3 ) GLOBAL_UNCERTAINTY_ASSIGNED_CONTEXT ( ( #569 ) ) GLOBAL_UNIT_ASSIGNED_CONTEXT ( ( #1089, #211, #1394 ) ) REPRESENTATION_CONTEXT ( 'NONE', 'WORKASPACE' ) );
#1520 = DIRECTION ( 'NONE',  ( 0.0000000000000000000, 0.0000000000000000000, 1.000000000000000000 ) ) ;
#1521 = ADVANCED_FACE ( 'NONE', ( #1136 ), #1593, .F. ) ;
#1522 = VECTOR ( 'NONE', #737, 1000.000000000000114 ) ;
#1523 = ORIENTED_EDGE ( 'NONE', *, *, #121, .T. ) ;
#1524 = FILL_AREA_STYLE_COLOUR ( '', #896 ) ;
#1525 =( NAMED_UNIT ( * ) SI_UNIT ( $, .STERADIAN. ) SOLID_ANGLE_UNIT ( ) );
#1526 = SURFACE_STYLE_FILL_AREA ( #1387 ) ;
#1527 = DIRECTION ( 'NONE',  ( -0.0000000000000000000, -1.000000000000000000, -0.0000000000000000000 ) ) ;
#1528 = EDGE_LOOP ( 'NONE', ( #108, #1039, #317, #589 ) ) ;
#1529 = CARTESIAN_POINT ( 'NONE',  ( 3.250000000000000444, 4.499999999999997335, -0.4000000000000007994 ) ) ;
#1530 = ORIENTED_EDGE ( 'NONE', *, *, #1238, .F. ) ;
#1531 = EDGE_CURVE ( 'NONE', #1641, #1705, #1882, .T. ) ;
#1532 = DIRECTION ( 'NONE',  ( 0.0000000000000000000, 0.7071067811865431318, 0.7071067811865517916 ) ) ;
#1533 = DIRECTION ( 'NONE',  ( 0.0000000000000000000, 1.000000000000000000, 0.0000000000000000000 ) ) ;
#1534 = UNCERTAINTY_MEASURE_WITH_UNIT (LENGTH_MEASURE( 1.000000000000000082E-05 ), #1827, 'distance_accuracy_value', 'NONE');
#1535 = FILL_AREA_STYLE_COLOUR ( '', #1076 ) ;
#1536 = CARTESIAN_POINT ( 'NONE',  ( -0.7499999999999997780, -2.700000000000002842, -1.050000000000000044 ) ) ;
#1537 = ORIENTED_EDGE ( 'NONE', *, *, #291, .F. ) ;
#1538 = LINE ( 'NONE', #502, #484 ) ;
#1539 = CARTESIAN_POINT ( 'NONE',  ( -2.549999999999999822, 1.699999999999997069, -0.3999999999999998002 ) ) ;
#1540 = VERTEX_POINT ( 'NONE', #1892 ) ;
#1541 = VECTOR ( 'NONE', #724, 1000.000000000000000 ) ;
#1542 = COLOUR_RGB ( '',0.7529411764705882248, 0.7529411764705882248, 0.7529411764705882248 ) ;
#1543 = FACE_OUTER_BOUND ( 'NONE', #46, .T. ) ;
#1544 = VECTOR ( 'NONE', #1586, 1000.000000000000000 ) ;
#1545 = ADVANCED_FACE ( 'NONE', ( #538 ), #1734, .T. ) ;
#1546 = PRESENTATION_STYLE_ASSIGNMENT (( #1077 ) ) ;
#1547 = VECTOR ( 'NONE', #592, 1000.000000000000000 ) ;
#1548 = PRESENTATION_LAYER_ASSIGNMENT (  '', '', ( #203 ) ) ;
#1549 = DIRECTION ( 'NONE',  ( -1.000000000000000000, -0.0000000000000000000, 0.0000000000000000000 ) ) ;
#1550 = AXIS2_PLACEMENT_3D ( 'NONE', #1748, #558, #420 ) ;
#1551 = CARTESIAN_POINT ( 'NONE',  ( 3.750000000000000000, 4.499999999999997335, 0.0000000000000000000 ) ) ;
#1552 = DIRECTION ( 'NONE',  ( 0.0000000000000000000, 1.000000000000000000, 0.0000000000000000000 ) ) ;
#1553 = ORIENTED_EDGE ( 'NONE', *, *, #948, .T. ) ;
#1554 = FACE_OUTER_BOUND ( 'NONE', #114, .T. ) ;
#1555 = CARTESIAN_POINT ( 'NONE',  ( 3.750000000000000000, 4.499999999999997335, -0.9499999999999998446 ) ) ;
#1556 = EDGE_CURVE ( 'NONE', #1872, #1131, #873, .T. ) ;
#1557 = CARTESIAN_POINT ( 'NONE',  ( 3.249999999999999556, 4.499999999999997335, -0.9499999999999998446 ) ) ;
#1558 = ORIENTED_EDGE ( 'NONE', *, *, #133, .T. ) ;
#1559 = CARTESIAN_POINT ( 'NONE',  ( 3.750000000000000000, 4.499999999999997335, -3.500000000000000000 ) ) ;
#1560 = SURFACE_STYLE_USAGE ( .BOTH. , #76 ) ;
#1561 = ORIENTED_EDGE ( 'NONE', *, *, #764, .F. ) ;
#1562 = ORIENTED_EDGE ( 'NONE', *, *, #888, .T. ) ;
#1563 = EDGE_CURVE ( 'NONE', #1598, #1113, #419, .T. ) ;
#1564 = FACE_OUTER_BOUND ( 'NONE', #223, .T. ) ;
#1565 = FILL_AREA_STYLE_COLOUR ( '', #895 ) ;
#1566 = ORIENTED_EDGE ( 'NONE', *, *, #1030, .F. ) ;
#1567 = CYLINDRICAL_SURFACE ( 'NONE', #49, 0.2500000000000000000 ) ;
#1568 = SURFACE_STYLE_USAGE ( .BOTH. , #80 ) ;
#1569 = AXIS2_PLACEMENT_3D ( 'NONE', #215, #814, #199 ) ;
#1570 = FACE_BOUND ( 'NONE', #1073, .T. ) ;
#1571 = EDGE_LOOP ( 'NONE', ( #1574, #366 ) ) ;
#1572 = AXIS2_PLACEMENT_3D ( 'NONE', #782, #756, #348 ) ;
#1573 = EDGE_CURVE ( 'NONE', #1822, #542, #1036, .T. ) ;
#1574 = ORIENTED_EDGE ( 'NONE', *, *, #1390, .F. ) ;
#1575 = AXIS2_PLACEMENT_3D ( 'NONE', #118, #672, #107 ) ;
#1576 = DIRECTION ( 'NONE',  ( 1.000000000000000000, 0.0000000000000000000, 0.0000000000000000000 ) ) ;
#1577 = EDGE_CURVE ( 'NONE', #140, #1027, #1482, .T. ) ;
#1578 = AXIS2_PLACEMENT_3D ( 'NONE', #1103, #1225, #349 ) ;
#1579 = DIRECTION ( 'NONE',  ( 0.0000000000000000000, -1.000000000000000000, 0.0000000000000000000 ) ) ;
#1580 = VERTEX_POINT ( 'NONE', #297 ) ;
#1581 = DIRECTION ( 'NONE',  ( 0.0000000000000000000, 0.7071067811865519026, -0.7071067811865432429 ) ) ;
#1582 = ORIENTED_EDGE ( 'NONE', *, *, #306, .T. ) ;
#1583 = EDGE_CURVE ( 'NONE', #1056, #32, #727, .T. ) ;
#1584 = DIRECTION ( 'NONE',  ( 0.0000000000000000000, 1.000000000000000000, 0.0000000000000000000 ) ) ;
#1585 = CARTESIAN_POINT ( 'NONE',  ( -2.250000000000000444, -2.700000000000002842, -1.300000000000000266 ) ) ;
#1586 = DIRECTION ( 'NONE',  ( -0.0000000000000000000, -1.000000000000000000, 0.0000000000000000000 ) ) ;
#1587 = CARTESIAN_POINT ( 'NONE',  ( -3.750000000000000000, 4.499999999999997335, -0.9499999999999998446 ) ) ;
#1588 = ORIENTED_EDGE ( 'NONE', *, *, #1374, .T. ) ;
#1589 = DIRECTION ( 'NONE',  ( -0.0000000000000000000, -1.000000000000000000, -0.0000000000000000000 ) ) ;
#1590 = EDGE_LOOP ( 'NONE', ( #1916, #923, #978, #197 ) ) ;
#1591 = EDGE_CURVE ( 'NONE', #1724, #1410, #1760, .T. ) ;
#1592 = SURFACE_STYLE_FILL_AREA ( #1455 ) ;
#1593 = PLANE ( 'NONE',  #1846 ) ;
#1594 = VERTEX_POINT ( 'NONE', #1504 ) ;
#1595 = AXIS2_PLACEMENT_3D ( 'NONE', #1703, #372, #1425 ) ;
#1596 = CARTESIAN_POINT ( 'NONE',  ( 0.7500000000000002220, -2.700000000000002842, -1.550000000000000266 ) ) ;
#1597 = AXIS2_PLACEMENT_3D ( 'NONE', #775, #1832, #1242 ) ;
#1598 = VERTEX_POINT ( 'NONE', #127 ) ;
#1599 = STYLED_ITEM ( 'NONE', ( #230 ), #929 ) ;
#1600 = VECTOR ( 'NONE', #365, 1000.000000000000000 ) ;
#1601 = VECTOR ( 'NONE', #507, 1000.000000000000000 ) ;
#1602 = FILL_AREA_STYLE_COLOUR ( '', #1840 ) ;
#1603 = CARTESIAN_POINT ( 'NONE',  ( 3.750000000000000000, 0.0000000000000000000, -3.500000000000003109 ) ) ;
#1604 = SURFACE_STYLE_FILL_AREA ( #1016 ) ;
#1605 = VECTOR ( 'NONE', #1900, 1000.000000000000000 ) ;
#1606 = DIRECTION ( 'NONE',  ( 0.0000000000000000000, 1.000000000000000000, 0.0000000000000000000 ) ) ;
#1607 = UNCERTAINTY_MEASURE_WITH_UNIT (LENGTH_MEASURE( 1.000000000000000082E-05 ), #325, 'distance_accuracy_value', 'NONE');
#1608 = ORIENTED_EDGE ( 'NONE', *, *, #1345, .F. ) ;
#1609 = EDGE_CURVE ( 'NONE', #1580, #1724, #1192, .T. ) ;
#1610 = SURFACE_STYLE_FILL_AREA ( #1020 ) ;
#1611 = FACE_BOUND ( 'NONE', #837, .T. ) ;
#1612 = VERTEX_POINT ( 'NONE', #748 ) ;
#1613 = LINE ( 'NONE', #308, #1203 ) ;
#1614 =( NAMED_UNIT ( * ) PLANE_ANGLE_UNIT ( ) SI_UNIT ( $, .RADIAN. ) );
#1615 =( NAMED_UNIT ( * ) SI_UNIT ( $, .STERADIAN. ) SOLID_ANGLE_UNIT ( ) );
#1616 = CARTESIAN_POINT ( 'NONE',  ( 0.7500000000000002220, -2.700000000000002842, -1.300000000000000266 ) ) ;
#1617 = EDGE_LOOP ( 'NONE', ( #1339, #424, #994, #188 ) ) ;
#1618 = CARTESIAN_POINT ( 'NONE',  ( 3.750000000000000000, 4.499999999999997335, -0.3999999999999999112 ) ) ;
#1619 = EDGE_CURVE ( 'NONE', #4, #1594, #465, .T. ) ;
#1620 = EDGE_CURVE ( 'NONE', #1302, #879, #168, .T. ) ;
#1621 = EDGE_LOOP ( 'NONE', ( #174, #987, #1397, #1475 ) ) ;
#1622 = CARTESIAN_POINT ( 'NONE',  ( 2.549999999999999822, 2.699999999999997069, -3.501000000000003887 ) ) ;
#1623 = CARTESIAN_POINT ( 'NONE',  ( -3.250000000000000444, 1.399999999999997469, -3.100000000000000977 ) ) ;
#1624 = DIRECTION ( 'NONE',  ( -0.0000000000000000000, 0.0000000000000000000, -1.000000000000000000 ) ) ;
#1625 = CARTESIAN_POINT ( 'NONE',  ( 3.250000000000000444, 4.499999999999997335, -1.750000000000000000 ) ) ;
#1626 = DIRECTION ( 'NONE',  ( -0.0000000000000000000, -1.000000000000000000, -0.0000000000000000000 ) ) ;
#1627 = ORIENTED_EDGE ( 'NONE', *, *, #846, .F. ) ;
#1628 = LINE ( 'NONE', #904, #957 ) ;
#1629 = VECTOR ( 'NONE', #1624, 1000.000000000000000 ) ;
#1630 = ORIENTED_EDGE ( 'NONE', *, *, #1723, .T. ) ;
#1631 = PRESENTATION_LAYER_ASSIGNMENT (  '', '', ( #1047 ) ) ;
#1632 = VECTOR ( 'NONE', #1217, 1000.000000000000000 ) ;
#1633 = EDGE_CURVE ( 'NONE', #649, #1724, #1017, .T. ) ;
#1634 = DIRECTION ( 'NONE',  ( -0.0000000000000000000, -1.000000000000000000, -0.0000000000000000000 ) ) ;
#1635 = VECTOR ( 'NONE', #1549, 1000.000000000000000 ) ;
#1636 = FACE_OUTER_BOUND ( 'NONE', #1342, .T. ) ;
#1637 = DIRECTION ( 'NONE',  ( 0.0000000000000000000, 1.000000000000000000, 0.0000000000000000000 ) ) ;
#1638 = AXIS2_PLACEMENT_3D ( 'NONE', #1843, #58, #1361 ) ;
#1639 =( NAMED_UNIT ( * ) PLANE_ANGLE_UNIT ( ) SI_UNIT ( $, .RADIAN. ) );
#1640 = CARTESIAN_POINT ( 'NONE',  ( 2.250000000000001332, -2.700000000000002842, -1.550000000000000266 ) ) ;
#1641 = VERTEX_POINT ( 'NONE', #449 ) ;
#1642 = CIRCLE ( 'NONE', #271, 0.2500000000000000000 ) ;
#1643 = ORIENTED_EDGE ( 'NONE', *, *, #1282, .F. ) ;
#1644 = CARTESIAN_POINT ( 'NONE',  ( -3.750000000000000000, 4.499999999999997335, 0.0000000000000000000 ) ) ;
#1645 = ORIENTED_EDGE ( 'NONE', *, *, #750, .F. ) ;
#1646 = DIRECTION ( 'NONE',  ( 0.0000000000000000000, 1.000000000000000000, 1.204669080539449344E-16 ) ) ;
#1647 = PRODUCT ( 'User Library-B4B-ZR', 'User Library-B4B-ZR', '', ( #543 ) ) ;
#1648 = EDGE_CURVE ( 'NONE', #393, #1612, #276, .T. ) ;
#1649 = FACE_OUTER_BOUND ( 'NONE', #485, .T. ) ;
#1650 = UNCERTAINTY_MEASURE_WITH_UNIT (LENGTH_MEASURE( 1.000000000000000082E-05 ), #1309, 'distance_accuracy_value', 'NONE');
#1651 = FILL_AREA_STYLE_COLOUR ( '', #78 ) ;
#1652 = CARTESIAN_POINT ( 'NONE',  ( -2.250000000000000444, -2.700000000000002842, -1.050000000000000044 ) ) ;
#1653 = ORIENTED_EDGE ( 'NONE', *, *, #470, .F. ) ;
#1654 = DIRECTION ( 'NONE',  ( -0.0000000000000000000, -1.000000000000000000, -0.0000000000000000000 ) ) ;
#1655 = DIRECTION ( 'NONE',  ( 0.0000000000000000000, -0.0000000000000000000, -1.000000000000000000 ) ) ;
#1656 = ORIENTED_EDGE ( 'NONE', *, *, #632, .T. ) ;
#1657 = FACE_OUTER_BOUND ( 'NONE', #1845, .T. ) ;
#1658 = ORIENTED_EDGE ( 'NONE', *, *, #1619, .F. ) ;
#1659 = VECTOR ( 'NONE', #248, 1000.000000000000000 ) ;
#1660 = STYLED_ITEM ( 'NONE', ( #1546 ), #33 ) ;
#1661 = DIRECTION ( 'NONE',  ( -0.0000000000000000000, -1.000000000000000000, -0.0000000000000000000 ) ) ;
#1662 = FACE_OUTER_BOUND ( 'NONE', #378, .T. ) ;
#1663 = UNCERTAINTY_MEASURE_WITH_UNIT (LENGTH_MEASURE( 1.000000000000000082E-05 ), #1075, 'distance_accuracy_value', 'NONE');
#1664 = VECTOR ( 'NONE', #313, 1000.000000000000000 ) ;
#1665 = DIRECTION ( 'NONE',  ( 0.0000000000000000000, -0.0000000000000000000, -1.000000000000000000 ) ) ;
#1666 = ORIENTED_EDGE ( 'NONE', *, *, #866, .F. ) ;
#1667 = EDGE_CURVE ( 'NONE', #1167, #1161, #332, .T. ) ;
#1668 = VECTOR ( 'NONE', #1189, 1000.000000000000000 ) ;
#1669 = LINE ( 'NONE', #1847, #1865 ) ;
#1670 = VERTEX_POINT ( 'NONE', #1457 ) ;
#1671 = CARTESIAN_POINT ( 'NONE',  ( -3.250000000000000444, 1.399999999999997469, -3.100000000000000977 ) ) ;
#1672 = CARTESIAN_POINT ( 'NONE',  ( -3.250000000000000444, 1.399999999999997469, -3.100000000000000977 ) ) ;
#1673 = ORIENTED_EDGE ( 'NONE', *, *, #247, .F. ) ;
#1674 = CARTESIAN_POINT ( 'NONE',  ( 3.250000000000000444, 1.399999999999997469, -0.4000000000000010214 ) ) ;
#1675 =( LENGTH_UNIT ( ) NAMED_UNIT ( * ) SI_UNIT ( .MILLI., .METRE. ) );
#1676 = ORIENTED_EDGE ( 'NONE', *, *, #1619, .T. ) ;
#1677 = FACE_OUTER_BOUND ( 'NONE', #734, .T. ) ;
#1678 = SURFACE_SIDE_STYLE ('',( #1097 ) ) ;
#1679 = CYLINDRICAL_SURFACE ( 'NONE', #731, 0.2500000000000000000 ) ;
#1680 = CARTESIAN_POINT ( 'NONE',  ( -3.250000000000000444, 1.399999999999997469, -0.3999999999999997446 ) ) ;
#1681 = CARTESIAN_POINT ( 'NONE',  ( -3.250000000000000444, 2.699999999999997069, -0.9500000000000001776 ) ) ;
#1682 = EDGE_LOOP ( 'NONE', ( #400, #1237 ) ) ;
#1683 = VECTOR ( 'NONE', #347, 1000.000000000000000 ) ;
#1684 = EDGE_CURVE ( 'NONE', #1907, #1876, #11, .T. ) ;
#1685 = CIRCLE ( 'NONE', #858, 0.2500000000000000000 ) ;
#1686 = COLOUR_RGB ( '',0.7529411764705882248, 0.7529411764705882248, 0.7529411764705882248 ) ;
#1687 = FILL_AREA_STYLE_COLOUR ( '', #1296 ) ;
#1688 = DIRECTION ( 'NONE',  ( -0.0000000000000000000, -1.000000000000000000, -0.0000000000000000000 ) ) ;
#1689 = MECHANICAL_DESIGN_GEOMETRIC_PRESENTATION_REPRESENTATION (  '', ( #1875 ), #51 ) ;
#1690 = ORIENTED_EDGE ( 'NONE', *, *, #306, .F. ) ;
#1691 = VECTOR ( 'NONE', #1026, 1000.000000000000000 ) ;
#1692 = DIRECTION ( 'NONE',  ( 0.0000000000000000000, 1.000000000000000000, 0.0000000000000000000 ) ) ;
#1693 = ORIENTED_EDGE ( 'NONE', *, *, #1364, .T. ) ;
#1694 = AXIS2_PLACEMENT_3D ( 'NONE', #52, #1533, #776 ) ;
#1695 = AXIS2_PLACEMENT_3D ( 'NONE', #273, #585, #434 ) ;
#1696 = ADVANCED_FACE ( 'NONE', ( #429 ), #740, .T. ) ;
#1697 = FILL_AREA_STYLE_COLOUR ( '', #359 ) ;
#1698 = CARTESIAN_POINT ( 'NONE',  ( -3.250000000000000444, 1.699999999999997069, -0.3999999999999997446 ) ) ;
#1699 = CARTESIAN_POINT ( 'NONE',  ( 2.250000000000001332, -2.700000000000002842, -1.300000000000000266 ) ) ;
#1700 = DIRECTION ( 'NONE',  ( -0.0000000000000000000, -1.000000000000000000, 0.0000000000000000000 ) ) ;
#1701 = FILL_AREA_STYLE_COLOUR ( '', #980 ) ;
#1702 = ORIENTED_EDGE ( 'NONE', *, *, #1175, .F. ) ;
#1703 = CARTESIAN_POINT ( 'NONE',  ( 0.7500000000000002220, 3.799999999999998046, -1.300000000000000266 ) ) ;
#1704 = FACE_OUTER_BOUND ( 'NONE', #1241, .T. ) ;
#1705 = VERTEX_POINT ( 'NONE', #488 ) ;
#1706 = ADVANCED_FACE ( 'NONE', ( #1554 ), #478, .T. ) ;
#1707 = ORIENTED_EDGE ( 'NONE', *, *, #781, .T. ) ;
#1708 = ADVANCED_FACE ( 'NONE', ( #1662 ), #326, .F. ) ;
#1709 = SURFACE_STYLE_USAGE ( .BOTH. , #557 ) ;
#1710 = LINE ( 'NONE', #113, #928 ) ;
#1711 = ORIENTED_EDGE ( 'NONE', *, *, #1731, .F. ) ;
#1712 = UNCERTAINTY_MEASURE_WITH_UNIT (LENGTH_MEASURE( 1.000000000000000082E-05 ), #1414, 'distance_accuracy_value', 'NONE');
#1713 =( NAMED_UNIT ( * ) SI_UNIT ( $, .STERADIAN. ) SOLID_ANGLE_UNIT ( ) );
#1714 = LINE ( 'NONE', #384, #1850 ) ;
#1715 = AXIS2_PLACEMENT_3D ( 'NONE', #1297, #251, #993 ) ;
#1716 = PRESENTATION_LAYER_ASSIGNMENT (  '', '', ( #79 ) ) ;
#1717 = PRESENTATION_STYLE_ASSIGNMENT (( #370 ) ) ;
#1718 = ORIENTED_EDGE ( 'NONE', *, *, #570, .T. ) ;
#1719 =( GEOMETRIC_REPRESENTATION_CONTEXT ( 3 ) GLOBAL_UNCERTAINTY_ASSIGNED_CONTEXT ( ( #1779 ) ) GLOBAL_UNIT_ASSIGNED_CONTEXT ( ( #1182, #1911, #426 ) ) REPRESENTATION_CONTEXT ( 'NONE', 'WORKASPACE' ) );
#1720 = CARTESIAN_POINT ( 'NONE',  ( 3.250000000000000000, 2.699999999999997069, -0.9500000000000002887 ) ) ;
#1721 = PRESENTATION_LAYER_ASSIGNMENT (  '', '', ( #1875 ) ) ;
#1722 = DIRECTION ( 'NONE',  ( 0.0000000000000000000, 0.0000000000000000000, 1.000000000000000000 ) ) ;
#1723 = EDGE_CURVE ( 'NONE', #373, #628, #983, .T. ) ;
#1724 = VERTEX_POINT ( 'NONE', #1281 ) ;
#1725 = VECTOR ( 'NONE', #154, 1000.000000000000000 ) ;
#1726 = DIRECTION ( 'NONE',  ( 0.0000000000000000000, 1.000000000000000000, 0.0000000000000000000 ) ) ;
#1727 = APPLICATION_CONTEXT ( 'automotive_design' ) ;
#1728 = CARTESIAN_POINT ( 'NONE',  ( 0.7500000000000002220, 3.799999999999998046, -1.550000000000000266 ) ) ;
#1729 = ORIENTED_EDGE ( 'NONE', *, *, #999, .T. ) ;
#1730 = ADVANCED_FACE ( 'NONE', ( #104 ), #402, .F. ) ;
#1731 = EDGE_CURVE ( 'NONE', #329, #1751, #422, .T. ) ;
#1732 = CARTESIAN_POINT ( 'NONE',  ( 0.7500000000000002220, 1.399999999999996803, -1.300000000000000266 ) ) ;
#1733 = LINE ( 'NONE', #1623, #198 ) ;
#1734 = CYLINDRICAL_SURFACE ( 'NONE', #1259, 0.2500000000000000000 ) ;
#1735 = UNCERTAINTY_MEASURE_WITH_UNIT (LENGTH_MEASURE( 1.000000000000000082E-05 ), #703, 'distance_accuracy_value', 'NONE');
#1736 = VERTEX_POINT ( 'NONE', #998 ) ;
#1737 =( NAMED_UNIT ( * ) SI_UNIT ( $, .STERADIAN. ) SOLID_ANGLE_UNIT ( ) );
#1738 = ORIENTED_EDGE ( 'NONE', *, *, #376, .T. ) ;
#1739 = CARTESIAN_POINT ( 'NONE',  ( 0.7500000000000002220, -4.336808689942017736E-16, -1.550000000000000266 ) ) ;
#1740 = DIRECTION ( 'NONE',  ( -0.0000000000000000000, -1.000000000000000000, -0.0000000000000000000 ) ) ;
#1741 = EDGE_CURVE ( 'NONE', #1641, #1101, #1294, .T. ) ;
#1742 = PLANE ( 'NONE',  #383 ) ;
#1743 = FACE_OUTER_BOUND ( 'NONE', #1151, .T. ) ;
#1744 = DIRECTION ( 'NONE',  ( 0.0000000000000000000, 1.000000000000000000, 1.204669080539449344E-16 ) ) ;
#1745 = VERTEX_POINT ( 'NONE', #249 ) ;
#1746 = VECTOR ( 'NONE', #163, 1000.000000000000000 ) ;
#1747 = SURFACE_STYLE_USAGE ( .BOTH. , #751 ) ;
#1748 = CARTESIAN_POINT ( 'NONE',  ( -0.7499999999999997780, -2.700000000000002842, -1.300000000000000266 ) ) ;
#1749 = CIRCLE ( 'NONE', #1597, 0.2500000000000000000 ) ;
#1750 =( GEOMETRIC_REPRESENTATION_CONTEXT ( 3 ) GLOBAL_UNCERTAINTY_ASSIGNED_CONTEXT ( ( #811 ) ) GLOBAL_UNIT_ASSIGNED_CONTEXT ( ( #1824, #186, #633 ) ) REPRESENTATION_CONTEXT ( 'NONE', 'WORKASPACE' ) );
#1751 = VERTEX_POINT ( 'NONE', #1157 ) ;
#1752 = VECTOR ( 'NONE', #1488, 1000.000000000000000 ) ;
#1753 = ORIENTED_EDGE ( 'NONE', *, *, #1015, .T. ) ;
#1754 = VECTOR ( 'NONE', #1468, 1000.000000000000000 ) ;
#1755 = MECHANICAL_DESIGN_GEOMETRIC_PRESENTATION_REPRESENTATION (  '', ( #270 ), #461 ) ;
#1756 = PRESENTATION_STYLE_ASSIGNMENT (( #1444 ) ) ;
#1757 = ADVANCED_FACE ( 'NONE', ( #679 ), #70, .T. ) ;
#1758 = SURFACE_STYLE_USAGE ( .BOTH. , #259 ) ;
#1759 = MECHANICAL_DESIGN_GEOMETRIC_PRESENTATION_REPRESENTATION (  '', ( #522 ), #1328 ) ;
#1760 = LINE ( 'NONE', #27, #1754 ) ;
#1761 = ORIENTED_EDGE ( 'NONE', *, *, #655, .F. ) ;
#1762 = DIRECTION ( 'NONE',  ( 0.0000000000000000000, 1.000000000000000000, 0.0000000000000000000 ) ) ;
#1763 = PRESENTATION_STYLE_ASSIGNMENT (( #1802 ) ) ;
#1764 = CARTESIAN_POINT ( 'NONE',  ( 3.750000000000000000, 2.699999999999997069, 0.0000000000000000000 ) ) ;
#1765 = CARTESIAN_POINT ( 'NONE',  ( 3.750000000000000000, 4.499999999999997335, 0.0000000000000000000 ) ) ;
#1766 = LINE ( 'NONE', #1306, #1142 ) ;
#1767 = DIRECTION ( 'NONE',  ( 0.0000000000000000000, 0.0000000000000000000, 1.000000000000000000 ) ) ;
#1768 = ORIENTED_EDGE ( 'NONE', *, *, #257, .T. ) ;
#1769 = DIRECTION ( 'NONE',  ( 0.0000000000000000000, 1.000000000000000000, 0.0000000000000000000 ) ) ;
#1770 = FILL_AREA_STYLE ('',( #30 ) ) ;
#1771 = EDGE_LOOP ( 'NONE', ( #1331, #1707, #914, #1861, #709, #767, #416, #969, #1329, #1369, #911, #959 ) ) ;
#1772 = EDGE_CURVE ( 'NONE', #795, #1872, #1642, .T. ) ;
#1773 = CARTESIAN_POINT ( 'NONE',  ( -0.7499999999999997780, -2.700000000000002842, -1.300000000000000266 ) ) ;
#1774 = EDGE_LOOP ( 'NONE', ( #512, #1702, #1558, #1904 ) ) ;
#1775 = FILL_AREA_STYLE ('',( #1012 ) ) ;
#1776 = LINE ( 'NONE', #274, #1541 ) ;
#1777 = CARTESIAN_POINT ( 'NONE',  ( -3.750000000000000000, 2.699999999999997069, -1.750000000000000222 ) ) ;
#1778 = DIRECTION ( 'NONE',  ( 0.0000000000000000000, 1.000000000000000000, 0.0000000000000000000 ) ) ;
#1779 = UNCERTAINTY_MEASURE_WITH_UNIT (LENGTH_MEASURE( 1.000000000000000082E-05 ), #1182, 'distance_accuracy_value', 'NONE');
#1780 = ORIENTED_EDGE ( 'NONE', *, *, #291, .T. ) ;
#1781 = VECTOR ( 'NONE', #339, 1000.000000000000000 ) ;
#1782 = LINE ( 'NONE', #14, #1746 ) ;
#1783 = ORIENTED_EDGE ( 'NONE', *, *, #1412, .F. ) ;
#1784 = EDGE_CURVE ( 'NONE', #879, #1101, #518, .T. ) ;
#1785 = DIRECTION ( 'NONE',  ( -0.0000000000000000000, -0.0000000000000000000, -1.000000000000000000 ) ) ;
#1786 = VECTOR ( 'NONE', #286, 1000.000000000000000 ) ;
#1787 = EDGE_LOOP ( 'NONE', ( #1254, #825, #521, #1050, #932, #971, #1801, #20, #1690, #605, #1856, #1258, #635, #1022 ) ) ;
#1788 = AXIS2_PLACEMENT_3D ( 'NONE', #1332, #158, #1010 ) ;
#1789 = VECTOR ( 'NONE', #1295, 1000.000000000000000 ) ;
#1790 = VECTOR ( 'NONE', #995, 1000.000000000000000 ) ;
#1791 = DIRECTION ( 'NONE',  ( -1.000000000000000000, 0.0000000000000000000, 0.0000000000000000000 ) ) ;
#1792 = STYLED_ITEM ( 'NONE', ( #1871 ), #1494 ) ;
#1793 = CARTESIAN_POINT ( 'NONE',  ( -0.7499999999999997780, -2.700000000000002842, -1.050000000000000044 ) ) ;
#1794 =( NAMED_UNIT ( * ) PLANE_ANGLE_UNIT ( ) SI_UNIT ( $, .RADIAN. ) );
#1795 = EDGE_LOOP ( 'NONE', ( #1363, #1418, #1753, #684 ) ) ;
#1796 = EDGE_CURVE ( 'NONE', #1299, #1670, #1266, .T. ) ;
#1797 = DIRECTION ( 'NONE',  ( 0.0000000000000000000, -1.000000000000000000, 0.0000000000000000000 ) ) ;
#1798 = SURFACE_STYLE_USAGE ( .BOTH. , #1376 ) ;
#1799 = DIRECTION ( 'NONE',  ( 0.0000000000000000000, 1.000000000000000000, 0.0000000000000000000 ) ) ;
#1800 =( NAMED_UNIT ( * ) SI_UNIT ( $, .STERADIAN. ) SOLID_ANGLE_UNIT ( ) );
#1801 = ORIENTED_EDGE ( 'NONE', *, *, #1620, .F. ) ;
#1802 = SURFACE_STYLE_USAGE ( .BOTH. , #18 ) ;
#1803 = VERTEX_POINT ( 'NONE', #1133 ) ;
#1804 = DIRECTION ( 'NONE',  ( 0.0000000000000000000, 1.000000000000000000, 0.0000000000000000000 ) ) ;
#1805 = EDGE_CURVE ( 'NONE', #1302, #1318, #1714, .T. ) ;
#1806 = PLANE ( 'NONE',  #572 ) ;
#1807 = SURFACE_SIDE_STYLE ('',( #618 ) ) ;
#1808 = FACE_OUTER_BOUND ( 'NONE', #1496, .T. ) ;
#1809 = CARTESIAN_POINT ( 'NONE',  ( -3.250000000000000444, 1.699999999999997069, -3.501000000000003887 ) ) ;
#1810 = FILL_AREA_STYLE ('',( #779 ) ) ;
#1811 = AXIS2_PLACEMENT_3D ( 'NONE', #1821, #336, #1520 ) ;
#1812 = VERTEX_POINT ( 'NONE', #242 ) ;
#1813 = AXIS2_PLACEMENT_3D ( 'NONE', #1061, #472, #936 ) ;
#1814 = PRESENTATION_LAYER_ASSIGNMENT (  '', '', ( #1439 ) ) ;
#1815 = STYLED_ITEM ( 'NONE', ( #282 ), #369 ) ;
#1816 = SURFACE_STYLE_FILL_AREA ( #183 ) ;
#1817 = VECTOR ( 'NONE', #1194, 1000.000000000000000 ) ;
#1818 = VECTOR ( 'NONE', #243, 1000.000000000000000 ) ;
#1819 = EDGE_CURVE ( 'NONE', #975, #4, #425, .T. ) ;
#1820 = LINE ( 'NONE', #490, #1601 ) ;
#1821 = CARTESIAN_POINT ( 'NONE',  ( 2.250000000000001332, -4.336808689942017736E-16, -1.300000000000000266 ) ) ;
#1822 = VERTEX_POINT ( 'NONE', #294 ) ;
#1823 = FILL_AREA_STYLE ('',( #651 ) ) ;
#1824 =( LENGTH_UNIT ( ) NAMED_UNIT ( * ) SI_UNIT ( .MILLI., .METRE. ) );
#1825 = FACE_OUTER_BOUND ( 'NONE', #1528, .T. ) ;
#1826 = ORIENTED_EDGE ( 'NONE', *, *, #803, .T. ) ;
#1827 =( LENGTH_UNIT ( ) NAMED_UNIT ( * ) SI_UNIT ( .MILLI., .METRE. ) );
#1828 = LINE ( 'NONE', #916, #1051 ) ;
#1829 = EDGE_CURVE ( 'NONE', #66, #583, #892, .T. ) ;
#1830 = EDGE_LOOP ( 'NONE', ( #298, #996, #96, #1461 ) ) ;
#1831 = PRODUCT_DEFINITION_CONTEXT ( 'detailed design', #772, 'design' ) ;
#1832 = DIRECTION ( 'NONE',  ( -0.0000000000000000000, -1.000000000000000000, -0.0000000000000000000 ) ) ;
#1833 = CARTESIAN_POINT ( 'NONE',  ( 0.7500000000000002220, -2.700000000000002842, -1.550000000000000266 ) ) ;
#1834 = VERTEX_POINT ( 'NONE', #1033 ) ;
#1835 = DIRECTION ( 'NONE',  ( -0.0000000000000000000, -1.000000000000000000, -0.0000000000000000000 ) ) ;
#1836 = FILL_AREA_STYLE ('',( #1247 ) ) ;
#1837 = VERTEX_POINT ( 'NONE', #907 ) ;
#1838 = EDGE_CURVE ( 'NONE', #1099, #1736, #1324, .T. ) ;
#1839 = COLOUR_RGB ( '',0.7529411764705882248, 0.7529411764705882248, 0.7529411764705882248 ) ;
#1840 = COLOUR_RGB ( '',0.7529411764705882248, 0.7529411764705882248, 0.7529411764705882248 ) ;
#1841 = AXIS2_PLACEMENT_3D ( 'NONE', #1288, #1153, #836 ) ;
#1842 = CARTESIAN_POINT ( 'NONE',  ( -3.750000000000000000, 4.499999999999997335, -0.9499999999999998446 ) ) ;
#1843 = CARTESIAN_POINT ( 'NONE',  ( -2.250000000000000444, -4.336808689942017736E-16, -1.300000000000000266 ) ) ;
#1844 = CIRCLE ( 'NONE', #1513, 0.2500000000000000000 ) ;
#1845 = EDGE_LOOP ( 'NONE', ( #1500, #612, #1029, #865 ) ) ;
#1846 = AXIS2_PLACEMENT_3D ( 'NONE', #1587, #1860, #698 ) ;
#1847 = CARTESIAN_POINT ( 'NONE',  ( -2.250000000000000444, -2.700000000000002842, -1.050000000000000044 ) ) ;
#1848 = CYLINDRICAL_SURFACE ( 'NONE', #1380, 0.2500000000000000000 ) ;
#1849 = ORIENTED_EDGE ( 'NONE', *, *, #1772, .F. ) ;
#1850 = VECTOR ( 'NONE', #982, 1000.000000000000000 ) ;
#1851 = DIRECTION ( 'NONE',  ( 1.000000000000000000, 0.0000000000000000000, 0.0000000000000000000 ) ) ;
#1852 = SURFACE_STYLE_USAGE ( .BOTH. , #279 ) ;
#1853 = SURFACE_SIDE_STYLE ('',( #804 ) ) ;
#1854 = ORIENTED_EDGE ( 'NONE', *, *, #596, .F. ) ;
#1855 = LINE ( 'NONE', #94, #1373 ) ;
#1856 = ORIENTED_EDGE ( 'NONE', *, *, #180, .T. ) ;
#1857 = FILL_AREA_STYLE ('',( #848 ) ) ;
#1858 = EDGE_CURVE ( 'NONE', #4, #975, #774, .T. ) ;
#1859 = LINE ( 'NONE', #221, #824 ) ;
#1860 = DIRECTION ( 'NONE',  ( 0.0000000000000000000, -1.807003620809173892E-16, 1.000000000000000000 ) ) ;
#1861 = ORIENTED_EDGE ( 'NONE', *, *, #838, .T. ) ;
#1862 = CARTESIAN_POINT ( 'NONE',  ( -0.7499999999999997780, 3.799999999999997602, -1.300000000000000266 ) ) ;
#1863 = CARTESIAN_POINT ( 'NONE',  ( -3.250000000000000444, 1.399999999999997469, -3.100000000000000977 ) ) ;
#1864 = ORIENTED_EDGE ( 'NONE', *, *, #1667, .T. ) ;
#1865 = VECTOR ( 'NONE', #1370, 1000.000000000000000 ) ;
#1866 = DIRECTION ( 'NONE',  ( 0.0000000000000000000, 0.0000000000000000000, 1.000000000000000000 ) ) ;
#1867 = CARTESIAN_POINT ( 'NONE',  ( -2.549999999999999822, 1.699999999999997069, -3.501000000000003887 ) ) ;
#1868 = AXIS2_PLACEMENT_3D ( 'NONE', #1862, #1140, #541 ) ;
#1869 = AXIS2_PLACEMENT_3D ( 'NONE', #447, #603, #717 ) ;
#1870 = AXIS2_PLACEMENT_3D ( 'NONE', #340, #943, #498 ) ;
#1871 = PRESENTATION_STYLE_ASSIGNMENT (( #1001 ) ) ;
#1872 = VERTEX_POINT ( 'NONE', #1492 ) ;
#1873 = VECTOR ( 'NONE', #1785, 1000.000000000000000 ) ;
#1874 = DIRECTION ( 'NONE',  ( 1.000000000000000000, 0.0000000000000000000, -1.751403509399660857E-16 ) ) ;
#1875 = STYLED_ITEM ( 'NONE', ( #1300 ), #1155 ) ;
#1876 = VERTEX_POINT ( 'NONE', #1480 ) ;
#1877 = EDGE_CURVE ( 'NONE', #581, #1268, #1312, .T. ) ;
#1878 = PRESENTATION_STYLE_ASSIGNMENT (( #997 ) ) ;
#1879 = AXIS2_PLACEMENT_3D ( 'NONE', #1732, #396, #1880 ) ;
#1880 = DIRECTION ( 'NONE',  ( 0.0000000000000000000, 0.0000000000000000000, 1.000000000000000000 ) ) ;
#1881 = LINE ( 'NONE', #1603, #1202 ) ;
#1882 = LINE ( 'NONE', #83, #178 ) ;
#1883 = ORIENTED_EDGE ( 'NONE', *, *, #1094, .F. ) ;
#1884 = LINE ( 'NONE', #398, #544 ) ;
#1885 = CARTESIAN_POINT ( 'NONE',  ( 0.7500000000000002220, -2.700000000000002842, -1.050000000000000044 ) ) ;
#1886 = ORIENTED_EDGE ( 'NONE', *, *, #180, .F. ) ;
#1887 =( NAMED_UNIT ( * ) PLANE_ANGLE_UNIT ( ) SI_UNIT ( $, .RADIAN. ) );
#1888 = EDGE_CURVE ( 'NONE', #1822, #733, #1164, .T. ) ;
#1889 = LINE ( 'NONE', #1453, #454 ) ;
#1890 = LINE ( 'NONE', #707, #1789 ) ;
#1891 = LINE ( 'NONE', #1777, #1786 ) ;
#1892 = CARTESIAN_POINT ( 'NONE',  ( -3.750000000000000000, 2.699999999999997069, -1.750000000000000222 ) ) ;
#1893 = UNCERTAINTY_MEASURE_WITH_UNIT (LENGTH_MEASURE( 1.000000000000000082E-05 ), #100, 'distance_accuracy_value', 'NONE');
#1894 = ORIENTED_EDGE ( 'NONE', *, *, #1197, .F. ) ;
#1895 = DIRECTION ( 'NONE',  ( 0.0000000000000000000, 0.0000000000000000000, 1.000000000000000000 ) ) ;
#1896 = CARTESIAN_POINT ( 'NONE',  ( 3.250000000000000444, 2.699999999999996625, -0.4000000000000010214 ) ) ;
#1897 = EDGE_LOOP ( 'NONE', ( #902, #1676, #1054, #1384 ) ) ;
#1898 = ADVANCED_FACE ( 'NONE', ( #1333 ), #870, .F. ) ;
#1899 = DIRECTION ( 'NONE',  ( 1.000000000000000000, 0.0000000000000000000, 0.0000000000000000000 ) ) ;
#1900 = DIRECTION ( 'NONE',  ( -1.000000000000000000, -0.0000000000000000000, 0.0000000000000000000 ) ) ;
#1901 = SURFACE_SIDE_STYLE ('',( #1592 ) ) ;
#1902 = LINE ( 'NONE', #574, #1629 ) ;
#1903 = CARTESIAN_POINT ( 'NONE',  ( -0.7499999999999997780, -2.700000000000002842, -1.550000000000000266 ) ) ;
#1904 = ORIENTED_EDGE ( 'NONE', *, *, #1078, .T. ) ;
#1905 = CIRCLE ( 'NONE', #141, 0.2500000000000000000 ) ;
#1906 =( NAMED_UNIT ( * ) PLANE_ANGLE_UNIT ( ) SI_UNIT ( $, .RADIAN. ) );
#1907 = VERTEX_POINT ( 'NONE', #1466 ) ;
#1908 = COLOUR_RGB ( '',0.7529411764705882248, 0.7529411764705882248, 0.7529411764705882248 ) ;
#1909 = PLANE ( 'NONE',  #263 ) ;
#1910 = MECHANICAL_DESIGN_GEOMETRIC_PRESENTATION_REPRESENTATION (  '', ( #1147 ), #1229 ) ;
#1911 =( NAMED_UNIT ( * ) PLANE_ANGLE_UNIT ( ) SI_UNIT ( $, .RADIAN. ) );
#1912 = ADVANCED_FACE ( 'NONE', ( #1636 ), #722, .T. ) ;
#1913 = FILL_AREA_STYLE ('',( #726 ) ) ;
#1914 = ORIENTED_EDGE ( 'NONE', *, *, #586, .T. ) ;
#1915 =( NAMED_UNIT ( * ) SI_UNIT ( $, .STERADIAN. ) SOLID_ANGLE_UNIT ( ) );
#1916 = ORIENTED_EDGE ( 'NONE', *, *, #346, .F. ) ;
ENDSEC;
END-ISO-10303-21;
